<?xml version="1.0"?>
<TEI xmlns="http://www.tei-c.org/ns/1.0" xml:id="ParlaMint-HU_2018-06-19.ana" xml:lang="hu" ana="#parla.sitting #covid">
  <teiHeader>
    <fileDesc>
      <titleStmt>
        <title xml:lang="hu" type="main">A Magyar Országgyűlés Korpusza ParlaMint-HU 2018-06-19 [ParlaMint.ana]</title>
        <title xml:lang="en" type="main">Hungarian parliamentary corpus ParlaMint-HU 2018-06-19 [ParlaMint.ana]</title>
        <title xml:lang="hu" type="sub">A Magyar Országgyűlés ülései, 8. ciklus</title>
        <title xml:lang="en" type="sub">Minutes of the National Assembly of Hungary, Term 8</title>
        <meeting ana="#parla.term" corresp="#OGY" n="8">8. ciklus</meeting>
        <respStmt>
          <persName>Miklós Sebők</persName>
          <persName>Orsolya Ring</persName>
          <resp xml:lang="hu">Parla-CLARIN TEI XML korpusz létrehozása</resp>
          <resp xml:lang="en">Parla-CLARIN TEI XML corpus encoding</resp>
        </respStmt>
        <funder>
          <orgName xml:lang="hu">CLARIN Kutatási Infrastuktúra</orgName>
          <orgName xml:lang="en">The CLARIN research infrastructure</orgName>
        </funder>
        <funder>
          <orgName xml:lang="hu">Társadalomtudományi Kutatóközpont, Eötvös Loránd Kutatási Hálózat</orgName>
          <orgName xml:lang="en">Centre for Social Sciences, Eötvös Loránd Research Network</orgName>
        </funder>
      </titleStmt>
      <editionStmt>
        <edition>2.0</edition>
      </editionStmt>
      <extent>
        <measure xml:lang="hu" quantity="1" unit="speeches">1 beszéd</measure>
        <measure xml:lang="en" quantity="1" unit="speeches">1 speeches</measure>
        <measure xml:lang="hu" quantity="336" unit="words">336 szó</measure>
        <measure xml:lang="en" quantity="336" unit="words">336 words</measure>
      </extent>
      <publicationStmt>
        <publisher>
          <orgName xml:lang="hu">CLARIN Kutatási Infrastuktúra</orgName>
          <orgName xml:lang="en">CLARIN research infrastructure</orgName>
          <ref target="https://www.clarin.eu/">www.clarin.eu</ref>
        </publisher>
        <idno type="handle">http://hdl.handle.net/11356/1405</idno>
        <pubPlace>
          <ref target="http://hdl.handle.net/11356/1405">http://hdl.handle.net/11356/1405</ref>
        </pubPlace>
        <availability status="free">
          <licence>http://creativecommons.org/licenses/by/4.0/</licence>
          <p xml:lang="hu">
            Ez a munka az alábbi licence alapján használható
            <ref target="http://creativecommons.org/licenses/by/4.0/">Creative Commons Attribution 4.0 International License</ref>
          </p>
          <p xml:lang="en">
            This work is licensed under the
            <ref target="http://creativecommons.org/licenses/by/4.0/">Creative Commons Attribution 4.0 International License</ref>
          </p>
        </availability>
        <date when="2021-03-31">2021. 03. 31.</date>
      </publicationStmt>
      <sourceDesc>
        <bibl>
          <title xml:lang="hu" type="main">A Magyar Országgyűlés ülései</title>
          <title xml:lang="en" type="main">Minutes of the National Assembly of Hungary</title>
          <idno type="URI">https://https://www.parlament.hu/ </idno>
          <date when="2018-06-19">2018. 06. 19.</date>
        </bibl>
      </sourceDesc>
    </fileDesc>
    <encodingDesc>
      <projectDesc>
        <p>
          <ref target="https://www.clarin.eu/content/parlamint">ParlaMint</ref>
        </p>
      </projectDesc>
      <tagsDecl>
        <namespace name="http://www.tei-c.org/ns/1.0">
          <tagUsage gi="text" occurs="1"/>
          <tagUsage gi="body" occurs="1"/>
          <tagUsage gi="div" occurs="1"/>
          <tagUsage gi="u" occurs="1"/>
          <tagUsage gi="gap" occurs="0"/>
          <tagUsage gi="s" occurs="15"/>
          <tagUsage gi="name" occurs="42"/>
          <tagUsage gi="w" occurs="398"/>
          <tagUsage gi="pc" occurs="68"/>
          <tagUsage gi="linkGrp" occurs="15"/>
          <tagUsage gi="link" occurs="465"/>
        </namespace>
      </tagsDecl>
    </encodingDesc>
    <profileDesc>
      <settingDesc>
        <setting>
          <name type="address">Kossuth Lajos tér 1-3.</name>
          <name type="city">Budapest</name>
          <name type="country" key="HU">Magyarország</name>
          <date ana="#parla.sitting" when="2018-06-19">2018-06-19</date>
        </setting>
      </settingDesc>
    </profileDesc>
  </teiHeader>
  <text xml:lang="hu" ana="#covid">
    <body>
      <div type="debateSection">
        <u xml:id="ParlaMint-HU_2018-06-19-interpellation-IC8_622_segmented" who="#GergelyArató" ana="#regular">
<seg xml:id="IC8_622.1">
<s xml:id="IC8_622_2.1.1">
<name type="PER">
<w lemma="ARTÓ" msd="UPosTag=PROPN|Case=Nom|Number=Sing" xml:id="IC8_622_2.1.1.1">ARTÓ</w>
<w join="right" lemma="GERGELY" msd="UPosTag=PROPN|Case=Nom|Number=Sing" xml:id="IC8_622_2.1.1.2">GERGELY</w>
</name>
<pc pos="K" msd="UPosTag=PUNCT" xml:id="IC8_622_2.1.1.3">(</pc>
<name type="ORG">
<w join="right" lemma="DK" msd="UPosTag=PROPN|Case=Nom|Number=Sing" xml:id="IC8_622_2.1.1.4">DK</w>
</name>
<pc pos="K" msd="UPosTag=PUNCT" xml:id="IC8_622_2.1.1.5">)</pc>
<linkGrp targFunc="head argument" type="UD-SYN">
<link ana="ud-syn:root" target="#IC8_622_2.1.1 #IC8_622_2.1.1.1"/>
<link ana="ud-syn:flat_name" target="#IC8_622_2.1.1.1 #IC8_622_2.1.1.2"/>
<link ana="ud-syn:punct" target="#IC8_622_2.1.1.4 #IC8_622_2.1.1.3"/>
<link ana="ud-syn:appos" target="#IC8_622_2.1.1.1 #IC8_622_2.1.1.4"/>
<link ana="ud-syn:punct" target="#IC8_622_2.1.1.4 #IC8_622_2.1.1.5"/>
</linkGrp>
</s>
</seg>
<seg xml:id="IC8_622.2">
<s xml:id="IC8_622_2.2.1">
<w pos="Afp-sn" lemma="Tisztelt" msd="UPosTag=PROPN|Case=Nom|Number=Sing" xml:id="IC8_622_2.2.1.1">Tisztelt</w>
<w pos="Nn-sn" lemma="Miniszter" msd="UPosTag=PROPN|Case=Nom|Number=Sing" xml:id="IC8_622_2.2.1.2">Miniszter</w>
<w pos="Nn-sn" join="right" lemma="úr" msd="UPosTag=NOUN|Case=Nom|Number=Sing" xml:id="IC8_622_2.2.1.3">úr</w>
<pc pos="Pnct" msd="UPosTag=PUNCT" xml:id="IC8_622_2.2.1.4">!</pc>
<w pos="Tf" lemma="az" msd="UPosTag=DET|Definite=Def|PronType=Art" xml:id="IC8_622_2.2.1.5">Az</w>
<name type="ORG">
<w lemma="Országgyűlés" msd="UPosTag=PROPN|Case=Nom|Number=Sing" xml:id="IC8_622_2.2.1.6">Országgyűlés</w>
<w lemma="Hivatala" msd="UPosTag=PROPN|Case=Nom|Number=Sing" xml:id="IC8_622_2.2.1.7">Hivatala</w>
</name>
<w pos="Tf" lemma="az" msd="UPosTag=DET|Definite=Def|PronType=Art" xml:id="IC8_622_2.2.1.8">az</w>
<name type="ORG">
<w lemma="Országgyűlés" msd="UPosTag=PROPN|Case=Nom|Number=Sing" xml:id="IC8_622_2.2.1.9">Országgyűlés</w>
<w lemma="Költségvetési" msd="UPosTag=PROPN|Case=Nom|Number=Sing" xml:id="IC8_622_2.2.1.10">Költségvetési</w>
<w lemma="Bizottsága" msd="UPosTag=PROPN|Case=Nom|Number=Sing|Number[psor]=Sing|Person[psor]=3" xml:id="IC8_622_2.2.1.11">Bizottsága</w>
</name>
<w pos="St" lemma="számára" msd="UPosTag=ADP" xml:id="IC8_622_2.2.1.12">számára</w>
<w pos="Mc-snl" lemma="megküldöt" msd="UPosTag=VERB|Case=Acc|Number=Sing" xml:id="IC8_622_2.2.1.13">megküldöt</w>
<w pos="Nn-sn" lemma="t" msd="UPosTag=NOUN|Case=Nom|Number=Sing" xml:id="IC8_622_2.2.1.14">t</w>
<w pos="Nn-s2---s3" lemma="feljegyzés" msd="UPosTag=NOUN|Case=Ine|Number=Sing|Number[psor]=Sing|Person[psor]=3" xml:id="IC8_622_2.2.1.15">feljegyzésében</w>
<w pos="Ti" lemma="egy" msd="UPosTag=DET|Definite=Ind|PronType=Art" xml:id="IC8_622_2.2.1.16">egy</w>
<w pos="Afp-sn" join="right" lemma="meglepő" msd="UPosTag=ADJ|Case=Nom|Number=Sing|VerbForm=PartPres" xml:id="IC8_622_2.2.1.17">meglepő</w>
<pc pos="Pnct" msd="UPosTag=PUNCT" xml:id="IC8_622_2.2.1.18">,</pc>
<w pos="Ccsw" lemma="és" msd="UPosTag=CCONJ" xml:id="IC8_622_2.2.1.19">és</w>
<w pos="Nn-ss" lemma="aggodalom" msd="UPosTag=NOUN|Case=Sub|Number=Sing" xml:id="IC8_622_2.2.1.20">aggodalomra</w>
<w pos="Nn-sa" lemma="ok" msd="UPosTag=NOUN|Case=Acc|Number=Sing" xml:id="IC8_622_2.2.1.21">okot</w>
<w pos="Afp-sn" lemma="adó" msd="UPosTag=ADJ|Case=Nom|Number=Sing|VerbForm=PartPres" xml:id="IC8_622_2.2.1.22">adó</w>
<w pos="Nn-sa" lemma="fejezet" msd="UPosTag=NOUN|Case=Acc|Number=Sing" xml:id="IC8_622_2.2.1.23">fejezetet</w>
<w pos="Vmis1p---n" join="right" lemma="talál" msd="UPosTag=VERB|Definite=Ind|Mood=Ind|Number=Plur|Person=1|Tense=Pres|VerbForm=Fin|Voice=Act" xml:id="IC8_622_2.2.1.24">találtunk</w>
<pc pos="Pnct" msd="UPosTag=PUNCT" xml:id="IC8_622_2.2.1.25">.</pc>
<w pos="Pd3-s2" lemma="ez" msd="UPosTag=DET|Case=Ine|Number=Sing|Person=3|PronType=Dem" xml:id="IC8_622_2.2.1.26">Ebben</w>
<w pos="Tf" lemma="az" msd="UPosTag=DET|Definite=Def|PronType=Art" xml:id="IC8_622_2.2.1.27">az</w>
<w pos="Nn-s2" lemma="iromány" msd="UPosTag=NOUN|Case=Ine|Number=Sing" xml:id="IC8_622_2.2.1.28">irományban</w>
<w pos="Tf" lemma="a" msd="UPosTag=DET|Definite=Def|PronType=Art" xml:id="IC8_622_2.2.1.29">a</w>
<name type="ORG">
<w lemma="Szabad" msd="UPosTag=PROPN|Case=Nom|Number=Sing" xml:id="IC8_622_2.2.1.30">Szabad</w>
<w lemma="György" msd="UPosTag=PROPN|Case=Nom|Number=Sing" xml:id="IC8_622_2.2.1.31">György</w>
<w lemma="Irodaház" msd="UPosTag=PROPN|Case=Nom|Number=Sing" xml:id="IC8_622_2.2.1.32">Irodaház</w>
</name>
<w pos="Nn-sn" lemma="felépítés" msd="UPosTag=NOUN|Case=Nom|Number=Sing|Number[psor]=Sing|Person[psor]=3" xml:id="IC8_622_2.2.1.33">felépítésér</w>
<w pos="X" join="right" lemma="ől" msd="UPosTag=VERB|Definite=Ind|Mood=Ind|Number=Sing|Person=3|Tense=Pres|VerbForm=Fin|Voice=Act" xml:id="IC8_622_2.2.1.34">ől</w>
<pc pos="Pnct" msd="UPosTag=PUNCT" xml:id="IC8_622_2.2.1.35">,</pc>
<w pos="Ccsp" lemma="és" msd="UPosTag=CCONJ" xml:id="IC8_622_2.2.1.36">és</w>
<w pos="Tf" lemma="a" msd="UPosTag=DET|Definite=Def|PronType=Art" xml:id="IC8_622_2.2.1.37">a</w>
<w pos="Nn-sg" lemma="Vértanúk-ter" msd="UPosTag=NOUN|Case=Gen|Number=Sing|Number[psor]=Sing|Person[psor]=3" xml:id="IC8_622_2.2.1.38">Vértanúk-terének</w>
<w pos="Nn-sh---s3" lemma="átalakítás" msd="UPosTag=NOUN|Case=Del|Number=Sing|Number[psor]=Sing|Person[psor]=3" xml:id="IC8_622_2.2.1.39">átalakításáról</w>
<w pos="Vmip3s---n" lemma="esik" msd="UPosTag=VERB|Definite=Ind|Mood=Ind|Number=Sing|Person=3|Tense=Pres|VerbForm=Fin|Voice=Act" xml:id="IC8_622_2.2.1.40">esik</w>
<w pos="Nn-sn" join="right" lemma="szó" msd="UPosTag=NOUN|Case=Nom|Number=Sing" xml:id="IC8_622_2.2.1.41">szó</w>
<pc pos="Pnct" msd="UPosTag=PUNCT" xml:id="IC8_622_2.2.1.42">.</pc>
<linkGrp targFunc="head argument" type="UD-SYN">
<link ana="ud-syn:nsubj" target="#IC8_622_2.2.1.3 #IC8_622_2.2.1.1"/>
<link ana="ud-syn:flat_name" target="#IC8_622_2.2.1.3 #IC8_622_2.2.1.2"/>
<link ana="ud-syn:root" target="#IC8_622_2.2.1 #IC8_622_2.2.1.3"/>
<link ana="ud-syn:punct" target="#IC8_622_2.2.1.3 #IC8_622_2.2.1.4"/>
<link ana="ud-syn:det" target="#IC8_622_2.2.1.6 #IC8_622_2.2.1.5"/>
<link ana="ud-syn:nmod_att" target="#IC8_622_2.2.1.3 #IC8_622_2.2.1.6"/>
<link ana="ud-syn:flat_name" target="#IC8_622_2.2.1.6 #IC8_622_2.2.1.7"/>
<link ana="ud-syn:det" target="#IC8_622_2.2.1.9 #IC8_622_2.2.1.8"/>
<link ana="ud-syn:obl" target="#IC8_622_2.2.1.13 #IC8_622_2.2.1.9"/>
<link ana="ud-syn:flat_name" target="#IC8_622_2.2.1.9 #IC8_622_2.2.1.10"/>
<link ana="ud-syn:flat_name" target="#IC8_622_2.2.1.9 #IC8_622_2.2.1.11"/>
<link ana="ud-syn:case" target="#IC8_622_2.2.1.11 #IC8_622_2.2.1.12"/>
<link ana="ud-syn:amod_att" target="#IC8_622_2.2.1.14 #IC8_622_2.2.1.13"/>
<link ana="ud-syn:nmod_att" target="#IC8_622_2.2.1.15 #IC8_622_2.2.1.14"/>
<link ana="ud-syn:nmod_obl" target="#IC8_622_2.2.1.24 #IC8_622_2.2.1.15"/>
<link ana="ud-syn:det" target="#IC8_622_2.2.1.23 #IC8_622_2.2.1.16"/>
<link ana="ud-syn:amod_att" target="#IC8_622_2.2.1.23 #IC8_622_2.2.1.17"/>
<link ana="ud-syn:punct" target="#IC8_622_2.2.1.22 #IC8_622_2.2.1.18"/>
<link ana="ud-syn:cc" target="#IC8_622_2.2.1.22 #IC8_622_2.2.1.19"/>
<link ana="ud-syn:nmod_obl" target="#IC8_622_2.2.1.21 #IC8_622_2.2.1.20"/>
<link ana="ud-syn:obj" target="#IC8_622_2.2.1.22 #IC8_622_2.2.1.21"/>
<link ana="ud-syn:amod_att" target="#IC8_622_2.2.1.23 #IC8_622_2.2.1.22"/>
<link ana="ud-syn:obj" target="#IC8_622_2.2.1.24 #IC8_622_2.2.1.23"/>
<link ana="ud-syn:csubj" target="#IC8_622_2.2.1.3 #IC8_622_2.2.1.24"/>
<link ana="ud-syn:punct" target="#IC8_622_2.2.1.24 #IC8_622_2.2.1.25"/>
<link ana="ud-syn:det" target="#IC8_622_2.2.1.28 #IC8_622_2.2.1.26"/>
<link ana="ud-syn:det" target="#IC8_622_2.2.1.28 #IC8_622_2.2.1.27"/>
<link ana="ud-syn:nmod_obl" target="#IC8_622_2.2.1.24 #IC8_622_2.2.1.28"/>
<link ana="ud-syn:det" target="#IC8_622_2.2.1.32 #IC8_622_2.2.1.29"/>
<link ana="ud-syn:nmod_att" target="#IC8_622_2.2.1.33 #IC8_622_2.2.1.30"/>
<link ana="ud-syn:flat_name" target="#IC8_622_2.2.1.30 #IC8_622_2.2.1.31"/>
<link ana="ud-syn:flat_name" target="#IC8_622_2.2.1.30 #IC8_622_2.2.1.32"/>
<link ana="ud-syn:nsubj" target="#IC8_622_2.2.1.34 #IC8_622_2.2.1.33"/>
<link ana="ud-syn:parataxis" target="#IC8_622_2.2.1.24 #IC8_622_2.2.1.34"/>
<link ana="ud-syn:punct" target="#IC8_622_2.2.1.40 #IC8_622_2.2.1.35"/>
<link ana="ud-syn:cc" target="#IC8_622_2.2.1.40 #IC8_622_2.2.1.36"/>
<link ana="ud-syn:det" target="#IC8_622_2.2.1.38 #IC8_622_2.2.1.37"/>
<link ana="ud-syn:nmod_att" target="#IC8_622_2.2.1.39 #IC8_622_2.2.1.38"/>
<link ana="ud-syn:nmod_obl" target="#IC8_622_2.2.1.40 #IC8_622_2.2.1.39"/>
<link ana="ud-syn:conj" target="#IC8_622_2.2.1.34 #IC8_622_2.2.1.40"/>
<link ana="ud-syn:nsubj" target="#IC8_622_2.2.1.40 #IC8_622_2.2.1.41"/>
<link ana="ud-syn:punct" target="#IC8_622_2.2.1.3 #IC8_622_2.2.1.42"/>
</linkGrp>
</s>
<s xml:id="IC8_622_2.2.2">
<w pos="Rm" lemma="nem" msd="UPosTag=ADV|PronType=Neg" xml:id="IC8_622_2.2.2.1">Nem</w>
<w pos="Vmis1p---y" lemma="fe+lejt" msd="UPosTag=VERB|Definite=Def|Mood=Ind|Number=Plur|Person=1|Tense=Past|VerbForm=Fin|Voice=Act" xml:id="IC8_622_2.2.2.2">felejtettük</w>
<w pos="Rp" lemma="el" msd="UPosTag=ADV" xml:id="IC8_622_2.2.2.3">el</w>
<w pos="Tf" lemma="az" msd="UPosTag=DET|Definite=Def|PronType=Art" xml:id="IC8_622_2.2.2.4">az</w>
<w pos="Afp-sn" lemma="elmúlt" msd="UPosTag=ADJ|Case=Nom|Number=Sing|VerbForm=PartPast" xml:id="IC8_622_2.2.2.5">elmúlt</w>
<w pos="Nn-pn" lemma="év" msd="UPosTag=NOUN|Case=Nom|Number=Plur" xml:id="IC8_622_2.2.2.6">évek</w>
<w pos="Nn-pa---s3" join="right" lemma="tapasztalat" msd="UPosTag=NOUN|Case=Acc|Number=Plur|Number[psor]=Sing|Person[psor]=3" xml:id="IC8_622_2.2.2.7">tapasztalatait</w>
<pc pos="Pnct" msd="UPosTag=PUNCT" xml:id="IC8_622_2.2.2.8">:</pc>
<w pos="Rr" lemma="amikor" msd="UPosTag=ADV|PronType=Rel" xml:id="IC8_622_2.2.2.9">amikor</w>
<w pos="Pp3-pn" lemma="önök" msd="UPosTag=PRON|Case=Nom|Number=Plur" xml:id="IC8_622_2.2.2.10">Önök</w>
<w pos="Vmip3p---n" lemma="felújít" msd="UPosTag=VERB|Definite=Ind|Mood=Ind|Number=Plur|Person=3|Tense=Pres|VerbForm=Fin|Voice=Act" xml:id="IC8_622_2.2.2.11">felújítanak</w>
<w pos="Ti" lemma="egy" msd="UPosTag=DET|Definite=Ind|PronType=Art" xml:id="IC8_622_2.2.2.12">egy</w>
<w pos="Nn-sa" join="right" lemma="tér" msd="UPosTag=NOUN|Case=Acc|Number=Sing" xml:id="IC8_622_2.2.2.13">teret</w>
<pc pos="Pnct" msd="UPosTag=PUNCT" xml:id="IC8_622_2.2.2.14">,</pc>
<w pos="Ri" lemma="valahogy" msd="UPosTag=ADV" xml:id="IC8_622_2.2.2.15">valahogy</w>
<w pos="Rg" lemma="mindig" msd="UPosTag=ADV|PronType=Tot" xml:id="IC8_622_2.2.2.16">mindig</w>
<w pos="Vmip3s---n" lemma="eltűnik" msd="UPosTag=VERB|Definite=Ind|Mood=Ind|Number=Sing|Person=3|Tense=Pres|VerbForm=Fin|Voice=Act" xml:id="IC8_622_2.2.2.17">eltűnik</w>
<w pos="Mc-snl" lemma="egy-egy" msd="UPosTag=ADJ|Case=Nom|Degree=Pos|Number=Sing" xml:id="IC8_622_2.2.2.18">egy-egy</w>
<w pos="Afp-sn" lemma="nemzeti" msd="UPosTag=ADJ|Case=Nom|Degree=Pos|Number=Sing" xml:id="IC8_622_2.2.2.19">nemzeti</w>
<w pos="Nn-ss---p1" lemma="hős" msd="UPosTag=NOUN|Case=Del|Number=Plur" xml:id="IC8_622_2.2.2.20">hősünkre</w>
<w pos="Ccsw" lemma="vagy" msd="UPosTag=CCONJ" xml:id="IC8_622_2.2.2.21">vagy</w>
<w pos="Nn-ss---p1" lemma="forradalm" msd="UPosTag=NOUN|Case=Sub|Number=Sing" xml:id="IC8_622_2.2.2.22">forradalmunkra</w>
<w pos="Vmip3s---n" lemma="emlékez" msd="UPosTag=ADJ|Definite=Ind|Mood=Ind|Number=Sing|Person=3|Tense=Pres|VerbForm=Fin|Voice=Act" xml:id="IC8_622_2.2.2.23">emlékez</w>
<w pos="Pp3-sn" lemma="ő" msd="UPosTag=PRON|Case=Nom|Number=Sing|Person=3|PronType=Prs" xml:id="IC8_622_2.2.2.24">ő</w>
<w pos="Nn-sn" join="right" lemma="szobor" msd="UPosTag=NOUN|Case=Nom|Number=Sing" xml:id="IC8_622_2.2.2.25">szobor</w>
<pc pos="Pnct" msd="UPosTag=PUNCT" xml:id="IC8_622_2.2.2.26">.</pc>
<linkGrp targFunc="head argument" type="UD-SYN">
<link ana="ud-syn:advmod" target="#IC8_622_2.2.2.2 #IC8_622_2.2.2.1"/>
<link ana="ud-syn:root" target="#IC8_622_2.2.2 #IC8_622_2.2.2.2"/>
<link ana="ud-syn:compound_preverb" target="#IC8_622_2.2.2.2 #IC8_622_2.2.2.3"/>
<link ana="ud-syn:det" target="#IC8_622_2.2.2.6 #IC8_622_2.2.2.4"/>
<link ana="ud-syn:amod_att" target="#IC8_622_2.2.2.6 #IC8_622_2.2.2.5"/>
<link ana="ud-syn:nmod_att" target="#IC8_622_2.2.2.7 #IC8_622_2.2.2.6"/>
<link ana="ud-syn:obj" target="#IC8_622_2.2.2.2 #IC8_622_2.2.2.7"/>
<link ana="ud-syn:punct" target="#IC8_622_2.2.2.2 #IC8_622_2.2.2.8"/>
<link ana="ud-syn:advmod_tlocy" target="#IC8_622_2.2.2.11 #IC8_622_2.2.2.9"/>
<link ana="ud-syn:nsubj" target="#IC8_622_2.2.2.11 #IC8_622_2.2.2.10"/>
<link ana="ud-syn:advcl" target="#IC8_622_2.2.2.2 #IC8_622_2.2.2.11"/>
<link ana="ud-syn:det" target="#IC8_622_2.2.2.13 #IC8_622_2.2.2.12"/>
<link ana="ud-syn:obj" target="#IC8_622_2.2.2.11 #IC8_622_2.2.2.13"/>
<link ana="ud-syn:punct" target="#IC8_622_2.2.2.17 #IC8_622_2.2.2.14"/>
<link ana="ud-syn:advmod_tlocy" target="#IC8_622_2.2.2.17 #IC8_622_2.2.2.15"/>
<link ana="ud-syn:advmod_tlocy" target="#IC8_622_2.2.2.17 #IC8_622_2.2.2.16"/>
<link ana="ud-syn:conj" target="#IC8_622_2.2.2.2 #IC8_622_2.2.2.17"/>
<link ana="ud-syn:amod_att" target="#IC8_622_2.2.2.20 #IC8_622_2.2.2.18"/>
<link ana="ud-syn:amod_att" target="#IC8_622_2.2.2.20 #IC8_622_2.2.2.19"/>
<link ana="ud-syn:nmod_obl" target="#IC8_622_2.2.2.17 #IC8_622_2.2.2.20"/>
<link ana="ud-syn:cc" target="#IC8_622_2.2.2.22 #IC8_622_2.2.2.21"/>
<link ana="ud-syn:conj" target="#IC8_622_2.2.2.20 #IC8_622_2.2.2.22"/>
<link ana="ud-syn:amod_att" target="#IC8_622_2.2.2.25 #IC8_622_2.2.2.23"/>
<link ana="ud-syn:nmod_att" target="#IC8_622_2.2.2.25 #IC8_622_2.2.2.24"/>
<link ana="ud-syn:nsubj" target="#IC8_622_2.2.2.17 #IC8_622_2.2.2.25"/>
<link ana="ud-syn:punct" target="#IC8_622_2.2.2.2 #IC8_622_2.2.2.26"/>
</linkGrp>
</s>
<s xml:id="IC8_622_2.2.3">
<w pos="Pp3-pn" lemma="önök" msd="UPosTag=PRON|Case=Nom|Number=Plur" xml:id="IC8_622_2.2.3.1">Önök</w>
<w pos="Tf" lemma="a" msd="UPosTag=DET|Definite=Def|PronType=Art" xml:id="IC8_622_2.2.3.2">a</w>
<w pos="Nn-sn" lemma="Kossuth-tér" msd="UPosTag=PROPN|Case=Nom|Number=Sing" xml:id="IC8_622_2.2.3.3">Kossuth-tér</w>
<w pos="Nn-sn---s3" lemma="átalakítás" msd="UPosTag=NOUN|Case=Nom|Number=Sing|Number[psor]=Sing|Person[psor]=3" xml:id="IC8_622_2.2.3.4">átalakítása</w>
<w pos="Nn-sp---s3" lemma="cím" msd="UPosTag=NOUN|Case=Sup|Number=Sing|Number[psor]=Sing|Person[psor]=3" xml:id="IC8_622_2.2.3.5">címén</w>
<w pos="Vmis3p---y" lemma="el+tűnik" msd="UPosTag=VERB|Definite=Def|Mood=Ind|Number=Plur|Person=3|Tense=Past|VerbForm=Fin|Voice=Cau" xml:id="IC8_622_2.2.3.6">eltüntették</w>
<w pos="Tf" lemma="a" msd="UPosTag=DET|Definite=Def|PronType=Art" xml:id="IC8_622_2.2.3.7">a</w>
<w pos="Nn-sh" lemma="tér" msd="UPosTag=NOUN|Case=Del|Number=Sing" xml:id="IC8_622_2.2.3.8">térről</w>
<w pos="Tf" lemma="a" msd="UPosTag=DET|Definite=Def|PronType=Art" xml:id="IC8_622_2.2.3.9">a</w>
<w pos="Nn-sn" lemma="Forradalom" msd="UPosTag=PROPN|Case=Nom|Number=Sing" xml:id="IC8_622_2.2.3.10">Forradalom</w>
<w pos="Nn-sa---s3" lemma="láng" msd="UPosTag=NOUN|Case=Acc|Number=Sing|Number[psor]=Sing|Person[psor]=3" xml:id="IC8_622_2.2.3.11">lángját</w>
<w pos="Ccsp" join="right" lemma="is" msd="UPosTag=CCONJ" xml:id="IC8_622_2.2.3.12">is</w>
<pc pos="Pnct" msd="UPosTag=PUNCT" xml:id="IC8_622_2.2.3.13">.</pc>
<linkGrp targFunc="head argument" type="UD-SYN">
<link ana="ud-syn:nsubj" target="#IC8_622_2.2.3.6 #IC8_622_2.2.3.1"/>
<link ana="ud-syn:det" target="#IC8_622_2.2.3.3 #IC8_622_2.2.3.2"/>
<link ana="ud-syn:nmod_att" target="#IC8_622_2.2.3.4 #IC8_622_2.2.3.3"/>
<link ana="ud-syn:nmod_att" target="#IC8_622_2.2.3.5 #IC8_622_2.2.3.4"/>
<link ana="ud-syn:nmod_obl" target="#IC8_622_2.2.3.6 #IC8_622_2.2.3.5"/>
<link ana="ud-syn:root" target="#IC8_622_2.2.3 #IC8_622_2.2.3.6"/>
<link ana="ud-syn:det" target="#IC8_622_2.2.3.8 #IC8_622_2.2.3.7"/>
<link ana="ud-syn:nmod_obl" target="#IC8_622_2.2.3.6 #IC8_622_2.2.3.8"/>
<link ana="ud-syn:det" target="#IC8_622_2.2.3.10 #IC8_622_2.2.3.9"/>
<link ana="ud-syn:nmod_att" target="#IC8_622_2.2.3.11 #IC8_622_2.2.3.10"/>
<link ana="ud-syn:obj" target="#IC8_622_2.2.3.6 #IC8_622_2.2.3.11"/>
<link ana="ud-syn:cc" target="#IC8_622_2.2.3.11 #IC8_622_2.2.3.12"/>
<link ana="ud-syn:punct" target="#IC8_622_2.2.3.6 #IC8_622_2.2.3.13"/>
</linkGrp>
</s>
<s xml:id="IC8_622_2.2.4">
<w pos="Pd3-sa" lemma="az" msd="UPosTag=PRON|Case=Acc|Number=Sing|Person=3|PronType=Dem" xml:id="IC8_622_2.2.4.1">Azt</w>
<w pos="Rm" lemma="sem" msd="UPosTag=ADV|PronType=Neg" xml:id="IC8_622_2.2.4.2">sem</w>
<w pos="Vmis3p---y" lemma="jelent" msd="UPosTag=VERB|Definite=Def|Mood=Ind|Number=Plur|Person=3|Tense=Past|VerbForm=Fin|Voice=Act" xml:id="IC8_622_2.2.4.3">jelentették</w>
<w pos="Rp" lemma="be" msd="UPosTag=ADV|Degree=Pos" xml:id="IC8_622_2.2.4.4">be</w>
<w pos="Rp" lemma="el" msd="UPosTag=ADV" xml:id="IC8_622_2.2.4.5">el</w>
<w pos="Nn-sn---s3" join="right" lemma="őre" msd="UPosTag=ADV" xml:id="IC8_622_2.2.4.6">őre</w>
<pc pos="Pnct" msd="UPosTag=PUNCT" xml:id="IC8_622_2.2.4.7">,</pc>
<w pos="Ccsp" lemma="majd" msd="UPosTag=CCONJ" xml:id="IC8_622_2.2.4.8">majd</w>
<w pos="Pi3-sn" lemma="egyik" msd="UPosTag=DET|Definite=Def|PronType=Ind" xml:id="IC8_622_2.2.4.9">egyik</w>
<w pos="Nn-sh" lemma="nap" msd="UPosTag=NOUN|Case=Del|Number=Sing" xml:id="IC8_622_2.2.4.10">napról</w>
<w pos="Tf" lemma="a" msd="UPosTag=DET|Definite=Def|PronType=Art" xml:id="IC8_622_2.2.4.11">a</w>
<w pos="Pi3-ss" lemma="másik" msd="UPosTag=PRON|Case=Sub|Number=Sing|Person=3|PronType=Dem" xml:id="IC8_622_2.2.4.12">másikra</w>
<w pos="Vmis3s---n" lemma="el+tűnik" msd="UPosTag=VERB|Definite=Ind|Mood=Ind|Number=Sing|Person=3|Tense=Past|VerbForm=Fin|Voice=Act" xml:id="IC8_622_2.2.4.13">eltűnt</w>
<w pos="Tf" lemma="a" msd="UPosTag=DET|Definite=Def|PronType=Art" xml:id="IC8_622_2.2.4.14">a</w>
<w pos="Nn-sn" join="right" lemma="szobor" msd="UPosTag=NOUN|Case=Nom|Number=Sing" xml:id="IC8_622_2.2.4.15">szobor</w>
<pc pos="Pnct" msd="UPosTag=PUNCT" xml:id="IC8_622_2.2.4.16">.</pc>
<linkGrp targFunc="head argument" type="UD-SYN">
<link ana="ud-syn:obj" target="#IC8_622_2.2.4.3 #IC8_622_2.2.4.1"/>
<link ana="ud-syn:advmod" target="#IC8_622_2.2.4.3 #IC8_622_2.2.4.2"/>
<link ana="ud-syn:root" target="#IC8_622_2.2.4 #IC8_622_2.2.4.3"/>
<link ana="ud-syn:compound_preverb" target="#IC8_622_2.2.4.3 #IC8_622_2.2.4.4"/>
<link ana="ud-syn:compound_preverb" target="#IC8_622_2.2.4.3 #IC8_622_2.2.4.5"/>
<link ana="ud-syn:advmod_mode" target="#IC8_622_2.2.4.3 #IC8_622_2.2.4.6"/>
<link ana="ud-syn:punct" target="#IC8_622_2.2.4.13 #IC8_622_2.2.4.7"/>
<link ana="ud-syn:cc" target="#IC8_622_2.2.4.13 #IC8_622_2.2.4.8"/>
<link ana="ud-syn:det" target="#IC8_622_2.2.4.10 #IC8_622_2.2.4.9"/>
<link ana="ud-syn:nmod_obl" target="#IC8_622_2.2.4.13 #IC8_622_2.2.4.10"/>
<link ana="ud-syn:det" target="#IC8_622_2.2.4.12 #IC8_622_2.2.4.11"/>
<link ana="ud-syn:nmod_obl" target="#IC8_622_2.2.4.13 #IC8_622_2.2.4.12"/>
<link ana="ud-syn:conj" target="#IC8_622_2.2.4.3 #IC8_622_2.2.4.13"/>
<link ana="ud-syn:det" target="#IC8_622_2.2.4.15 #IC8_622_2.2.4.14"/>
<link ana="ud-syn:nsubj" target="#IC8_622_2.2.4.13 #IC8_622_2.2.4.15"/>
<link ana="ud-syn:punct" target="#IC8_622_2.2.4.3 #IC8_622_2.2.4.16"/>
</linkGrp>
</s>
<s xml:id="IC8_622_2.2.5">
<w pos="Pp3-pn" lemma="önök" msd="UPosTag=PRON|Case=Nom|Number=Plur" xml:id="IC8_622_2.2.5.1">Önök</w>
<w pos="Rd" join="right" lemma="ugyanígy" msd="UPosTag=ADV" xml:id="IC8_622_2.2.5.2">ugyanígy</w>
<pc pos="Pnct" msd="UPosTag=PUNCT" xml:id="IC8_622_2.2.5.3">,</pc>
<w pos="Tf" lemma="az" msd="UPosTag=DET|Definite=Def|PronType=Art" xml:id="IC8_622_2.2.5.4">az</w>
<w pos="Nn-sn" lemma="éj" msd="UPosTag=NOUN|Case=Nom|Number=Sing" xml:id="IC8_622_2.2.5.5">éj</w>
<w pos="Nn-sn---s3" lemma="leple" msd="UPosTag=NOUN|Case=Nom|Number=Sing|Number[psor]=Sing|Person[psor]=3" xml:id="IC8_622_2.2.5.6">leple</w>
<w pos="St" lemma="alatt" msd="UPosTag=ADP" xml:id="IC8_622_2.2.5.7">alatt</w>
<w pos="Vmis3p---y" lemma="távolít" msd="UPosTag=VERB|Definite=Def|Mood=Ind|Number=Plur|Person=3|Tense=Past|VerbForm=Fin|Voice=Act" xml:id="IC8_622_2.2.5.8">távolították</w>
<w pos="Rp" lemma="el" msd="UPosTag=ADV" xml:id="IC8_622_2.2.5.9">el</w>
<w pos="Tf" lemma="az" msd="UPosTag=DET|Definite=Def|PronType=Art" xml:id="IC8_622_2.2.5.10">az</w>
<w pos="Afp-sn" lemma="őszirózsás" msd="UPosTag=ADJ|Case=Nom|Degree=Pos|Number=Sing" xml:id="IC8_622_2.2.5.11">őszirózsás</w>
<w pos="Nn-sn" lemma="forradalom" msd="UPosTag=NOUN|Case=Nom|Number=Sing" xml:id="IC8_622_2.2.5.12">forradalom</w>
<w pos="Afp-sn" lemma="emblematikus" msd="UPosTag=ADJ|Case=Nom|Degree=Pos|Number=Sing" xml:id="IC8_622_2.2.5.13">emblematikus</w>
<w pos="Nn-sg---s3" join="right" lemma="alak" msd="UPosTag=NOUN|Case=Gen|Number=Sing|Number[psor]=Sing|Person[psor]=3" xml:id="IC8_622_2.2.5.14">alakjának</w>
<pc pos="Pnct" msd="UPosTag=PUNCT" xml:id="IC8_622_2.2.5.15">,</pc>
<name type="PER">
<w lemma="Károlyi" msd="UPosTag=PROPN|Case=Nom|Number=Sing" xml:id="IC8_622_2.2.5.16">Károlyi</w>
<w lemma="Mihály" msd="UPosTag=PROPN|Case=Gen|Number=Sing" xml:id="IC8_622_2.2.5.17">Mihálynak</w>
</name>
<w pos="Tf" lemma="a" msd="UPosTag=DET|Definite=Def|PronType=Art" xml:id="IC8_622_2.2.5.18">a</w>
<w pos="Nn-sa---s3" lemma="szobra" msd="UPosTag=NOUN|Case=Acc|Number=Sing" xml:id="IC8_622_2.2.5.19">szobrát</w>
<w pos="Ccsp" join="right" lemma="is" msd="UPosTag=CCONJ" xml:id="IC8_622_2.2.5.20">is</w>
<pc pos="Pnct" msd="UPosTag=PUNCT" xml:id="IC8_622_2.2.5.21">.</pc>
<linkGrp targFunc="head argument" type="UD-SYN">
<link ana="ud-syn:nsubj" target="#IC8_622_2.2.5.8 #IC8_622_2.2.5.1"/>
<link ana="ud-syn:advmod_mode" target="#IC8_622_2.2.5.8 #IC8_622_2.2.5.2"/>
<link ana="ud-syn:punct" target="#IC8_622_2.2.5.8 #IC8_622_2.2.5.3"/>
<link ana="ud-syn:det" target="#IC8_622_2.2.5.5 #IC8_622_2.2.5.4"/>
<link ana="ud-syn:nmod_att" target="#IC8_622_2.2.5.6 #IC8_622_2.2.5.5"/>
<link ana="ud-syn:obl" target="#IC8_622_2.2.5.8 #IC8_622_2.2.5.6"/>
<link ana="ud-syn:case" target="#IC8_622_2.2.5.6 #IC8_622_2.2.5.7"/>
<link ana="ud-syn:root" target="#IC8_622_2.2.5 #IC8_622_2.2.5.8"/>
<link ana="ud-syn:compound_preverb" target="#IC8_622_2.2.5.8 #IC8_622_2.2.5.9"/>
<link ana="ud-syn:det" target="#IC8_622_2.2.5.12 #IC8_622_2.2.5.10"/>
<link ana="ud-syn:amod_att" target="#IC8_622_2.2.5.12 #IC8_622_2.2.5.11"/>
<link ana="ud-syn:nmod_att" target="#IC8_622_2.2.5.14 #IC8_622_2.2.5.12"/>
<link ana="ud-syn:amod_att" target="#IC8_622_2.2.5.14 #IC8_622_2.2.5.13"/>
<link ana="ud-syn:iobj" target="#IC8_622_2.2.5.8 #IC8_622_2.2.5.14"/>
<link ana="ud-syn:punct" target="#IC8_622_2.2.5.14 #IC8_622_2.2.5.15"/>
<link ana="ud-syn:appos" target="#IC8_622_2.2.5.14 #IC8_622_2.2.5.16"/>
<link ana="ud-syn:flat_name" target="#IC8_622_2.2.5.16 #IC8_622_2.2.5.17"/>
<link ana="ud-syn:det" target="#IC8_622_2.2.5.19 #IC8_622_2.2.5.18"/>
<link ana="ud-syn:obj" target="#IC8_622_2.2.5.8 #IC8_622_2.2.5.19"/>
<link ana="ud-syn:cc" target="#IC8_622_2.2.5.19 #IC8_622_2.2.5.20"/>
<link ana="ud-syn:punct" target="#IC8_622_2.2.5.8 #IC8_622_2.2.5.21"/>
</linkGrp>
</s>
<s xml:id="IC8_622_2.2.6">
<w pos="Rd" lemma="akkor" msd="UPosTag=ADV|PronType=Dem" xml:id="IC8_622_2.2.6.1">Akkor</w>
<w pos="Rm" lemma="sem" msd="UPosTag=ADV|PronType=Neg" xml:id="IC8_622_2.2.6.2">sem</w>
<w pos="Vmis3p---n" lemma="szól" msd="UPosTag=VERB|Definite=Ind|Mood=Ind|Number=Plur|Person=3|Tense=Past|VerbForm=Fin|Voice=Act" xml:id="IC8_622_2.2.6.3">szóltak</w>
<w pos="Rp" lemma="el" msd="UPosTag=ADV" xml:id="IC8_622_2.2.6.4">el</w>
<w pos="Nn-sn---s3" join="right" lemma="ő" msd="UPosTag=PRON|Case=Sub|Number=Sing" xml:id="IC8_622_2.2.6.5">őre</w>
<pc pos="Pnct" msd="UPosTag=PUNCT" xml:id="IC8_622_2.2.6.6">.</pc>
<linkGrp targFunc="head argument" type="UD-SYN">
<link ana="ud-syn:advmod_tlocy" target="#IC8_622_2.2.6.3 #IC8_622_2.2.6.1"/>
<link ana="ud-syn:advmod" target="#IC8_622_2.2.6.3 #IC8_622_2.2.6.2"/>
<link ana="ud-syn:root" target="#IC8_622_2.2.6 #IC8_622_2.2.6.3"/>
<link ana="ud-syn:compound_preverb" target="#IC8_622_2.2.6.3 #IC8_622_2.2.6.4"/>
<link ana="ud-syn:advmod_mode" target="#IC8_622_2.2.6.3 #IC8_622_2.2.6.5"/>
<link ana="ud-syn:punct" target="#IC8_622_2.2.6.3 #IC8_622_2.2.6.6"/>
</linkGrp>
</s>
<s xml:id="IC8_622_2.2.7">
<w pos="Ccsp" lemma="de" msd="UPosTag=CCONJ" xml:id="IC8_622_2.2.7.1">De</w>
<w pos="Vmcp1s---y" lemma="mondhat" msd="UPosTag=VERB|Definite=Ind|Mood=Pot|Number=Sing|Person=1|Tense=Past|VerbForm=Fin|Voice=Act" xml:id="IC8_622_2.2.7.2">mondhatnám</w>
<w pos="Tf" lemma="a" msd="UPosTag=DET|Definite=Def|PronType=Art" xml:id="IC8_622_2.2.7.3">a</w>
<w pos="Nn-sn" lemma="József" msd="UPosTag=PROPN|Case=Nom|Number=Sing" xml:id="IC8_622_2.2.7.4">József</w>
<w pos="Nn-sa" lemma="Attila-szobrot" msd="UPosTag=PROPN|Case=Acc|Number=Sing" xml:id="IC8_622_2.2.7.5">Attila-szobrot</w>
<w pos="Ccsp" join="right" lemma="is" msd="UPosTag=CCONJ" xml:id="IC8_622_2.2.7.6">is</w>
<pc pos="Pnct" msd="UPosTag=PUNCT" xml:id="IC8_622_2.2.7.7">,</pc>
<w pos="Pr3-sa" lemma="ami" msd="UPosTag=PRON|Case=Acc|Number=Sing|Person=3|PronType=Rel" xml:id="IC8_622_2.2.7.8">amit</w>
<w pos="Nn-sn-----s" lemma="szinté" msd="UPosTag=ADV" xml:id="IC8_622_2.2.7.9">szinté</w>
<w pos="X" lemma="n" msd="UPosTag=ADV" xml:id="IC8_622_2.2.7.10">n</w>
<w pos="Tf" lemma="az" msd="UPosTag=DET|Definite=Def|PronType=Art" xml:id="IC8_622_2.2.7.11">az</w>
<w pos="Afc-sn" lemma="utóbbi" msd="UPosTag=ADJ|Case=Nom|Degree=Cmp|Number=Sing" xml:id="IC8_622_2.2.7.12">utóbbi</w>
<w pos="Nn-p2" lemma="év" msd="UPosTag=NOUN|Case=Ine|Number=Plur" xml:id="IC8_622_2.2.7.13">években</w>
<w pos="Afp-sn" lemma="száműz" msd="UPosTag=VERB|Definite=Ind|Mood=Ind|Number=Sing|Person=3|Tense=Past|VerbForm=Fin|Voice=Act" xml:id="IC8_622_2.2.7.14">száműzött</w>
<w pos="Tf" lemma="a" msd="UPosTag=DET|Definite=Def|PronType=Art" xml:id="IC8_622_2.2.7.15">a</w>
<name type="ORG">
<w lemma="Fidesz" msd="UPosTag=PROPN|Case=Nom|Number=Sing" xml:id="IC8_622_2.2.7.16">Fidesz</w>
</name>
<w pos="Tf" lemma="az" msd="UPosTag=DET|Definite=Def|PronType=Art" xml:id="IC8_622_2.2.7.17">az</w>
<w pos="Afp-sn" lemma="eredeti" msd="UPosTag=ADJ|Case=Nom|Degree=Pos|Number=Sing" xml:id="IC8_622_2.2.7.18">eredeti</w>
<w pos="Nn-sh---s3" join="right" lemma="hely" msd="UPosTag=NOUN|Case=Del|Number=Sing|Number[psor]=Sing|Person[psor]=3" xml:id="IC8_622_2.2.7.19">helyéről</w>
<pc pos="Pnct" msd="UPosTag=PUNCT" xml:id="IC8_622_2.2.7.20">.</pc>
<linkGrp targFunc="head argument" type="UD-SYN">
<link ana="ud-syn:cc" target="#IC8_622_2.2.7.2 #IC8_622_2.2.7.1"/>
<link ana="ud-syn:root" target="#IC8_622_2.2.7 #IC8_622_2.2.7.2"/>
<link ana="ud-syn:det" target="#IC8_622_2.2.7.4 #IC8_622_2.2.7.3"/>
<link ana="ud-syn:obj" target="#IC8_622_2.2.7.2 #IC8_622_2.2.7.4"/>
<link ana="ud-syn:flat_name" target="#IC8_622_2.2.7.4 #IC8_622_2.2.7.5"/>
<link ana="ud-syn:cc" target="#IC8_622_2.2.7.4 #IC8_622_2.2.7.6"/>
<link ana="ud-syn:punct" target="#IC8_622_2.2.7.2 #IC8_622_2.2.7.7"/>
<link ana="ud-syn:obj" target="#IC8_622_2.2.7.14 #IC8_622_2.2.7.8"/>
<link ana="ud-syn:advmod_mode" target="#IC8_622_2.2.7.10 #IC8_622_2.2.7.9"/>
<link ana="ud-syn:advmod_tlocy" target="#IC8_622_2.2.7.14 #IC8_622_2.2.7.10"/>
<link ana="ud-syn:det" target="#IC8_622_2.2.7.13 #IC8_622_2.2.7.11"/>
<link ana="ud-syn:amod_att" target="#IC8_622_2.2.7.13 #IC8_622_2.2.7.12"/>
<link ana="ud-syn:nmod_obl" target="#IC8_622_2.2.7.14 #IC8_622_2.2.7.13"/>
<link ana="ud-syn:acl" target="#IC8_622_2.2.7.4 #IC8_622_2.2.7.14"/>
<link ana="ud-syn:det" target="#IC8_622_2.2.7.16 #IC8_622_2.2.7.15"/>
<link ana="ud-syn:nsubj" target="#IC8_622_2.2.7.14 #IC8_622_2.2.7.16"/>
<link ana="ud-syn:det" target="#IC8_622_2.2.7.19 #IC8_622_2.2.7.17"/>
<link ana="ud-syn:amod_att" target="#IC8_622_2.2.7.19 #IC8_622_2.2.7.18"/>
<link ana="ud-syn:nmod_obl" target="#IC8_622_2.2.7.14 #IC8_622_2.2.7.19"/>
<link ana="ud-syn:punct" target="#IC8_622_2.2.7.2 #IC8_622_2.2.7.20"/>
</linkGrp>
</s>
<s xml:id="IC8_622_2.2.8">
<w pos="Rm" lemma="nem" msd="UPosTag=ADV|PronType=Neg" xml:id="IC8_622_2.2.8.1">Nem</w>
<w pos="Vmip1p---n" lemma="vagy" msd="UPosTag=VERB|Definite=Ind|Mood=Ind|Number=Plur|Person=1|Tense=Pres|VerbForm=Fin|Voice=Act" xml:id="IC8_622_2.2.8.2">vagyunk</w>
<w pos="X" join="right" lemma="naíu" msd="UPosTag=ADJ|Case=Nom|Number=Plur" xml:id="IC8_622_2.2.8.3">naívak</w>
<pc pos="Pnct" msd="UPosTag=PUNCT" xml:id="IC8_622_2.2.8.4">,</pc>
<w pos="Vmip1p---y" join="right" lemma="ért" msd="UPosTag=VERB|Definite=Def|Mood=Imp|Number=Plur|Person=1|Tense=Pres|VerbForm=Fin|Voice=Act" xml:id="IC8_622_2.2.8.5">értjük</w>
<pc pos="Pnct" msd="UPosTag=PUNCT" xml:id="IC8_622_2.2.8.6">,</pc>
<w pos="Cssp" lemma="hogy" msd="UPosTag=SCONJ" xml:id="IC8_622_2.2.8.7">hogy</w>
<w pos="Pd3-sn" lemma="az" msd="UPosTag=PRON|Case=Nom|Number=Sing|Person=3|PronType=Dem" xml:id="IC8_622_2.2.8.8">az</w>
<w pos="Tf" lemma="a" msd="UPosTag=DET|Definite=Def|PronType=Art" xml:id="IC8_622_2.2.8.9">a</w>
<w pos="Nn-sn" join="right" lemma="hatalom" msd="UPosTag=NOUN|Case=Nom|Number=Sing" xml:id="IC8_622_2.2.8.10">hatalom</w>
<pc pos="Pnct" msd="UPosTag=PUNCT" xml:id="IC8_622_2.2.8.11">,</pc>
<w pos="Pr3-sn" lemma="amely" msd="UPosTag=PRON|Case=Nom|Number=Sing|Person=3|PronType=Rel" xml:id="IC8_622_2.2.8.12">amely</w>
<w pos="Rx" lemma="csak" msd="UPosTag=ADV" xml:id="IC8_622_2.2.8.13">csak</w>
<w pos="Tf" lemma="a" msd="UPosTag=DET|Definite=Def|PronType=Art" xml:id="IC8_622_2.2.8.14">a</w>
<w pos="Ps3-sn" lemma="saját" msd="UPosTag=PRON|Definite=Def|PronType=Prs" xml:id="IC8_622_2.2.8.15">saját</w>
<w pos="Pp3-sn" lemma="maga" msd="UPosTag=PRON|Case=Nom|Number=Sing|Person=3|PronType=Prs" xml:id="IC8_622_2.2.8.16">maga</w>
<w pos="St" lemma="által" msd="UPosTag=ADP" xml:id="IC8_622_2.2.8.17">által</w>
<w pos="X" lemma="alkotot" msd="UPosTag=ADJ|Case=Nom|Number=Sing|VerbForm=PartPast" xml:id="IC8_622_2.2.8.18">alkotot</w>
<w pos="Nn-sn" lemma="t" msd="UPosTag=ADJ|Case=Nom|Degree=Pos|Number=Sing" xml:id="IC8_622_2.2.8.19">t</w>
<w pos="Afp-sn" lemma="választási" msd="UPosTag=ADJ|Case=Nom|Degree=Pos|Number=Sing" xml:id="IC8_622_2.2.8.20">választási</w>
<w pos="Nn-s2" lemma="rendszer" msd="UPosTag=NOUN|Case=Ine|Number=Sing" xml:id="IC8_622_2.2.8.21">rendszerben</w>
<w pos="Afp-sn" lemma="képes" msd="UPosTag=ADJ|Case=Nom|Degree=Pos|Number=Sing" xml:id="IC8_622_2.2.8.22">képes</w>
<w pos="Mc-sal" lemma="kétharmad" msd="UPosTag=NOUN|Case=Acc|Number=Sing" xml:id="IC8_622_2.2.8.23">kétharmadot</w>
<w pos="Vmn" join="right" lemma="szerez" msd="UPosTag=VERB|VerbForm=Inf|Voice=Act" xml:id="IC8_622_2.2.8.24">szerezni</w>
<pc pos=";" msd="UPosTag=PUNCT" xml:id="IC8_622_2.2.8.25">;</pc>
<w pos="Pd3-sn" lemma="az" msd="UPosTag=PRON|Case=Nom|Number=Sing|Person=3|PronType=Dem" xml:id="IC8_622_2.2.8.26">az</w>
<w pos="Tf" lemma="a" msd="UPosTag=DET|Definite=Def|PronType=Art" xml:id="IC8_622_2.2.8.27">a</w>
<w pos="Nn-sn" join="right" lemma="hatalom" msd="UPosTag=NOUN|Case=Nom|Number=Sing" xml:id="IC8_622_2.2.8.28">hatalom</w>
<pc pos="Pnct" msd="UPosTag=PUNCT" xml:id="IC8_622_2.2.8.29">,</pc>
<w pos="Pr3-sn" lemma="amely" msd="UPosTag=PRON|Case=Nom|Number=Sing|Person=3|PronType=Rel" xml:id="IC8_622_2.2.8.30">amely</w>
<w pos="Pg3-sn" lemma="minden" msd="UPosTag=DET|Definite=Ind|PronType=Tot" xml:id="IC8_622_2.2.8.31">minden</w>
<w pos="Nn-pn" lemma="idő" msd="UPosTag=NOUN|Case=Nom|Number=Plur" xml:id="IC8_622_2.2.8.32">idők</w>
<w pos="Mc-snl" lemma="legtöbb" msd="UPosTag=ADJ|Definite=Ind|PronType=Ind" xml:id="IC8_622_2.2.8.33">legtöbb</w>
<w pos="Afp-sn" lemma="választási" msd="UPosTag=ADJ|Case=Nom|Degree=Pos|Number=Sing" xml:id="IC8_622_2.2.8.34">választási</w>
<w pos="Nn-sn---s3" lemma="csalás" msd="UPosTag=NOUN|Case=Nom|Number=Sing|Number[psor]=Sing|Person[psor]=3" xml:id="IC8_622_2.2.8.35">csalása</w>
<w pos="St" lemma="mellett" msd="UPosTag=ADP" xml:id="IC8_622_2.2.8.36">mellett</w>
<w pos="Vmis3s---y" lemma="tud" msd="UPosTag=VERB|Definite=Def|Mood=Ind|Number=Sing|Person=3|Tense=Past|VerbForm=Fin|Voice=Act" xml:id="IC8_622_2.2.8.37">tudta</w>
<w pos="Rx" lemma="csak" msd="UPosTag=ADV" xml:id="IC8_622_2.2.8.38">csak</w>
<w pos="Vmn" lemma="meg+tart" msd="UPosTag=VERB|VerbForm=Inf|Voice=Act" xml:id="IC8_622_2.2.8.39">megtartani</w>
<w pos="Nn-sa---s3" join="right" lemma="hatalom" msd="UPosTag=NOUN|Case=Acc|Number=Sing|Number[psor]=Sing|Person[psor]=3" xml:id="IC8_622_2.2.8.40">hatalmát</w>
<pc pos=";" msd="UPosTag=PUNCT" xml:id="IC8_622_2.2.8.41">;</pc>
<w pos="Pd3-sn" lemma="az" msd="UPosTag=PRON|Case=Nom|Number=Sing|Person=3|PronType=Dem" xml:id="IC8_622_2.2.8.42">az</w>
<w pos="Tf" lemma="a" msd="UPosTag=DET|Definite=Def|PronType=Art" xml:id="IC8_622_2.2.8.43">a</w>
<w pos="Nn-sn" join="right" lemma="hatalom" msd="UPosTag=NOUN|Case=Nom|Number=Sing" xml:id="IC8_622_2.2.8.44">hatalom</w>
<pc pos="Pnct" msd="UPosTag=PUNCT" xml:id="IC8_622_2.2.8.45">,</pc>
<w pos="Pr3-sn" lemma="amely" msd="UPosTag=PRON|Case=Nom|Number=Sing|Person=3|PronType=Rel" xml:id="IC8_622_2.2.8.46">amely</w>
<w pos="Vmis3s---y" lemma="elárul" msd="UPosTag=VERB|Definite=Def|Mood=Ind|Number=Sing|Person=3|Tense=Past|VerbForm=Fin|Voice=Act" xml:id="IC8_622_2.2.8.47">elárulta</w>
<w pos="Tf" lemma="a" msd="UPosTag=DET|Definite=Def|PronType=Art" xml:id="IC8_622_2.2.8.48">a</w>
<w pos="Nn-sn" lemma="rendszerváltás" msd="UPosTag=NOUN|Case=Nom|Number=Sing" xml:id="IC8_622_2.2.8.49">rendszerváltás</w>
<w pos="Pg3-sn" lemma="minden" msd="UPosTag=DET|Definite=Ind|PronType=Tot" xml:id="IC8_622_2.2.8.50">minden</w>
<w pos="Nn-sa---s3" lemma="vívmány" msd="UPosTag=NOUN|Case=Acc|Number=Sing|Number[psor]=Sing|Person[psor]=3" xml:id="IC8_622_2.2.8.51">vívmányát</w>
<w pos="Tf" lemma="az" msd="UPosTag=DET|Definite=Def|PronType=Art" xml:id="IC8_622_2.2.8.52">az</w>
<name type="ORG">
<w lemma="Nyugat" msd="UPosTag=PROPN|Case=All|Number=Sing" xml:id="IC8_622_2.2.8.53">Nyugathoz</w>
</name>
<w pos="Nn-sb---p1" lemma="tartozás" msd="UPosTag=NOUN|Case=Abl|Number=Plur|Number[psor]=Sing|Person[psor]=3" xml:id="IC8_622_2.2.8.54">tartozásunktól</w>
<w pos="Tf" lemma="a" msd="UPosTag=DET|Definite=Def|PronType=Art" xml:id="IC8_622_2.2.8.55">a</w>
<w pos="Nn-sp" lemma="sajtószabadság" msd="UPosTag=NOUN|Case=Sup|Number=Sing" xml:id="IC8_622_2.2.8.56">sajtószabadságon</w>
<w pos="St" lemma="át" msd="UPosTag=ADP" xml:id="IC8_622_2.2.8.57">át</w>
<w pos="Tf" lemma="a" msd="UPosTag=DET|Definite=Def|PronType=Art" xml:id="IC8_622_2.2.8.58">a</w>
<w pos="Nn-s9" join="right" lemma="demokrácig" msd="UPosTag=NOUN|Case=Ter|Number=Sing" xml:id="IC8_622_2.2.8.59">demokráciáig</w>
<pc pos=";" msd="UPosTag=PUNCT" xml:id="IC8_622_2.2.8.60">;</pc>
<w pos="Pd3-sn" lemma="az" msd="UPosTag=PRON|Case=Nom|Number=Sing|Person=3|PronType=Dem" xml:id="IC8_622_2.2.8.61">az</w>
<w pos="Tf" lemma="a" msd="UPosTag=DET|Definite=Def|PronType=Art" xml:id="IC8_622_2.2.8.62">a</w>
<w pos="Nn-sn" join="right" lemma="hatalom" msd="UPosTag=NOUN|Case=Nom|Number=Sing" xml:id="IC8_622_2.2.8.63">hatalom</w>
<pc pos="Pnct" msd="UPosTag=PUNCT" xml:id="IC8_622_2.2.8.64">,</pc>
<w pos="Pr3-sn" lemma="amely" msd="UPosTag=PRON|Case=Nom|Number=Sing|Person=3|PronType=Rel" xml:id="IC8_622_2.2.8.65">amely</w>
<w pos="Pg3-sn" lemma="minden" msd="UPosTag=DET|Definite=Ind|PronType=Tot" xml:id="IC8_622_2.2.8.66">minden</w>
<w pos="Nn-s2" lemma="perc" msd="UPosTag=NOUN|Case=Ine|Number=Sing" xml:id="IC8_622_2.2.8.67">percben</w>
<w pos="Vmip3s---n" lemma="igyekszik" msd="UPosTag=VERB|Definite=Ind|Mood=Ind|Number=Sing|Person=3|Tense=Pres|VerbForm=Fin|Voice=Act" xml:id="IC8_622_2.2.8.68">igyekszik</w>
<w pos="Vmn" join="right" lemma="feledtet" msd="UPosTag=VERB|VerbForm=Inf|Voice=Act" xml:id="IC8_622_2.2.8.69">feledtetni</w>
<pc pos="Pnct" msd="UPosTag=PUNCT" xml:id="IC8_622_2.2.8.70">,</pc>
<w pos="Cssp" lemma="hogy" msd="UPosTag=SCONJ" xml:id="IC8_622_2.2.8.71">hogy</w>
<w pos="Nn-sn---s3" lemma="hatalom" msd="UPosTag=NOUN|Case=Nom|Number=Sing|Number[psor]=Sing|Person[psor]=3" xml:id="IC8_622_2.2.8.72">hatalma</w>
<w pos="Tf" lemma="a" msd="UPosTag=DET|Definite=Def|PronType=Art" xml:id="IC8_622_2.2.8.73">a</w>
<w pos="Nn-sb" lemma="nép" msd="UPosTag=NOUN|Case=Abl|Number=Sing" xml:id="IC8_622_2.2.8.74">néptől</w>
<w pos="Vmip3s---n" join="right" lemma="származik" msd="UPosTag=VERB|Definite=Ind|Mood=Ind|Number=Sing|Person=3|Tense=Pres|VerbForm=Fin|Voice=Act" xml:id="IC8_622_2.2.8.75">származik</w>
<pc pos="Pnct" msd="UPosTag=PUNCT" xml:id="IC8_622_2.2.8.76">,</pc>
<w pos="Pr3-sa" lemma="ami" msd="UPosTag=PRON|Case=Acc|Number=Sing|Person=3|PronType=Rel" xml:id="IC8_622_2.2.8.77">amit</w>
<w pos="Tf" lemma="a" msd="UPosTag=DET|Definite=Def|PronType=Art" xml:id="IC8_622_2.2.8.78">a</w>
<w pos="Nn-sn" lemma="nép" msd="UPosTag=NOUN|Case=Nom|Number=Sing" xml:id="IC8_622_2.2.8.79">nép</w>
<w pos="Rg" lemma="bármikor" msd="UPosTag=ADV" xml:id="IC8_622_2.2.8.80">bármikor</w>
<w pos="Vmip3s---n" join="right" lemma="visszav" msd="UPosTag=VERB|Definite=Ind|Mood=Pot|Number=Sing|Person=3|Tense=Pres|VerbForm=Fin|Voice=Act" xml:id="IC8_622_2.2.8.81">visszavehet</w>
<pc pos=";" msd="UPosTag=PUNCT" xml:id="IC8_622_2.2.8.82">;</pc>
<w pos="Pd3-sn" lemma="az" msd="UPosTag=DET|Definite=Def|PronType=Art" xml:id="IC8_622_2.2.8.83">az</w>
<w pos="Tf" lemma="a" msd="UPosTag=DET|Definite=Def|PronType=Art" xml:id="IC8_622_2.2.8.84">a</w>
<w pos="Nn-sn" lemma="hatalom" msd="UPosTag=NOUN|Case=Nom|Number=Sing" xml:id="IC8_622_2.2.8.85">hatalom</w>
<w pos="Rm" lemma="nem" msd="UPosTag=ADV|PronType=Neg" xml:id="IC8_622_2.2.8.86">nem</w>
<w pos="Vmip3s---y" lemma="tűr" msd="UPosTag=VERB|Definite=Def|Mood=Ind|Number=Sing|Person=3|Tense=Pres|VerbForm=Fin|Voice=Act" xml:id="IC8_622_2.2.8.87">tűri</w>
<w pos="Ri" lemma="sok" msd="UPosTag=NOUN|Case=Ter|Number=Sing|Number[psor]=Sing|Person[psor]=3" xml:id="IC8_622_2.2.8.88">sokáig</w>
<name type="PER">
<w lemma="Nagy" msd="UPosTag=PROPN|Case=Nom|Number=Sing" xml:id="IC8_622_2.2.8.89">Nagy</w>
<w lemma="Imre" msd="UPosTag=PROPN|Case=Nom|Number=Sing" xml:id="IC8_622_2.2.8.90">Imre</w>
</name>
<w pos="Afp-sn" lemma="vigyázó" msd="UPosTag=ADJ|Case=Nom|Number=Sing|VerbForm=PartPres" xml:id="IC8_622_2.2.8.91">vigyázó</w>
<w pos="Nn-sa---s3" lemma="tekintet" msd="UPosTag=NOUN|Case=Acc|Number=Sing|Number[psor]=Sing|Person[psor]=3" xml:id="IC8_622_2.2.8.92">tekintetét</w>
<w pos="Tf" lemma="a" msd="UPosTag=DET|Definite=Def|PronType=Art" xml:id="IC8_622_2.2.8.93">a</w>
<w pos="Nn-sn" lemma="parlament" msd="UPosTag=NOUN|Case=Nom|Number=Sing" xml:id="IC8_622_2.2.8.94">parlament</w>
<w pos="Nn-sp---s3" join="right" lemma="épület" msd="UPosTag=NOUN|Case=Sup|Number=Sing|Number[psor]=Sing|Person[psor]=3" xml:id="IC8_622_2.2.8.95">épületén</w>
<pc pos="Pnct" msd="UPosTag=PUNCT" xml:id="IC8_622_2.2.8.96">.</pc>
<w pos="Afp-sn" join="right" lemma="természetes" msd="UPosTag=ADJ|Case=Nom|Degree=Pos|Number=Sing" xml:id="IC8_622_2.2.8.97">Természetes</w>
<pc pos="Pnct" msd="UPosTag=PUNCT" xml:id="IC8_622_2.2.8.98">,</pc>
<w pos="Cssp" lemma="hogy" msd="UPosTag=SCONJ" xml:id="IC8_622_2.2.8.99">hogy</w>
<w pos="Tf" lemma="a" msd="UPosTag=DET|Definite=Def|PronType=Art" xml:id="IC8_622_2.2.8.100">a</w>
<w pos="Nn-sh" lemma="gálya" msd="UPosTag=NOUN|Case=Del|Number=Sing" xml:id="IC8_622_2.2.8.101">gályáról</w>
<w pos="St" lemma="nézve" msd="UPosTag=ADV|VerbForm=Conv" xml:id="IC8_622_2.2.8.102">nézve</w>
<w pos="Nn-sn---s3" lemma="veszély" msd="UPosTag=NOUN|Case=Nom|Number=Sing|Number[psor]=Sing|Person[psor]=3" xml:id="IC8_622_2.2.8.103">veszélye</w>
<w pos="Ccsw" lemma="s" msd="UPosTag=CCONJ" xml:id="IC8_622_2.2.8.104">s</w>
<w pos="Nn-sn" join="right" lemma="gondolat" msd="UPosTag=NOUN|Case=Nom|Number=Sing" xml:id="IC8_622_2.2.8.105">gondolat</w>
<pc pos="Pnct" msd="UPosTag=PUNCT" xml:id="IC8_622_2.2.8.106">,</pc>
<w pos="Cssp" join="right" lemma="hogy" msd="UPosTag=SCONJ" xml:id="IC8_622_2.2.8.107">hogy</w>
<pc pos="K" msd="UPosTag=PUNCT" xml:id="IC8_622_2.2.8.108">"</pc>
<w pos="Cssp" lemma="bár" msd="UPosTag=SCONJ" xml:id="IC8_622_2.2.8.109">bár</w>
<w pos="Rxp" lemma="fölül" msd="UPosTag=VERB|Definite=Ind|Mood=Ind|Number=Sing|Person=3|Tense=Pres|VerbForm=Fin|Voice=Act" xml:id="IC8_622_2.2.8.110">fölül</w>
<w pos="Tf" lemma="a" msd="UPosTag=DET|Definite=Def|PronType=Art" xml:id="IC8_622_2.2.8.111">a</w>
<w pos="Nn-sn" join="right" lemma="gálya" msd="UPosTag=NOUN|Case=Nom|Number=Sing" xml:id="IC8_622_2.2.8.112">gálya</w>
<pc pos="Pnct" msd="UPosTag=PUNCT" xml:id="IC8_622_2.2.8.113">,</pc>
<w pos="Ccsp" lemma="s" msd="UPosTag=CCONJ" xml:id="IC8_622_2.2.8.114">s</w>
<w pos="Rxp" lemma="alul" msd="UPosTag=ADV" xml:id="IC8_622_2.2.8.115">alul</w>
<w pos="Tf" lemma="a" msd="UPosTag=DET|Definite=Def|PronType=Art" xml:id="IC8_622_2.2.8.116">a</w>
<w pos="Nn-sd" lemma="víz" msd="UPosTag=NOUN|Case=Dat|Number=Sing" xml:id="IC8_622_2.2.8.117">víznek</w>
<w pos="Afp-sn" join="right" lemma="ár" msd="UPosTag=VERB|Definite=Def|Mood=Ind|Number=Sing|Person=3|Tense=Pres|VerbForm=Fin|Voice=Act" xml:id="IC8_622_2.2.8.118">árja</w>
<pc pos="Pnct" msd="UPosTag=PUNCT" xml:id="IC8_622_2.2.8.119">,</pc>
<w pos="Rd" lemma="azért" msd="UPosTag=ADV|PronType=Dem" xml:id="IC8_622_2.2.8.120">azért</w>
<w pos="Tf" lemma="a" msd="UPosTag=DET|Definite=Def|PronType=Art" xml:id="IC8_622_2.2.8.121">a</w>
<w pos="Nn-sn" lemma="víz" msd="UPosTag=NOUN|Case=Nom|Number=Sing" xml:id="IC8_622_2.2.8.122">víz</w>
<w pos="Tf" lemma="az" msd="UPosTag=DET|Definite=Def|PronType=Art" xml:id="IC8_622_2.2.8.123">az</w>
<w pos="Nn-sn" join="right" lemma="úr" msd="UPosTag=NOUN|Case=Nom|Number=Sing" xml:id="IC8_622_2.2.8.124">úr</w>
<pc pos="K" msd="UPosTag=PUNCT" xml:id="IC8_622_2.2.8.125">"</pc>
<pc pos="Pnct" msd="UPosTag=PUNCT" xml:id="IC8_622_2.2.8.126">.</pc>
<w pos="Pp3-pn" lemma="önök" msd="UPosTag=PRON|Case=Nom|Number=Plur" xml:id="IC8_622_2.2.8.127">Önök</w>
<w pos="Pd3-sa" lemma="ez" msd="UPosTag=DET|Case=Acc|Number=Sing|Person=3|PronType=Dem" xml:id="IC8_622_2.2.8.128">ezt</w>
<w pos="Tf" lemma="a" msd="UPosTag=DET|Definite=Def|PronType=Art" xml:id="IC8_622_2.2.8.129">a</w>
<w pos="Nn-sa" lemma="gondolat" msd="UPosTag=NOUN|Case=Acc|Number=Sing" xml:id="IC8_622_2.2.8.130">gondolatot</w>
<w pos="Vmip3p---y" lemma="akar" msd="UPosTag=VERB|Definite=Def|Mood=Ind|Number=Plur|Person=3|Tense=Pres|VerbForm=Fin|Voice=Act" xml:id="IC8_622_2.2.8.131">akarják</w>
<w pos="Vmn" lemma="elűz" msd="UPosTag=VERB|VerbForm=Inf|Voice=Act" xml:id="IC8_622_2.2.8.132">elűzni</w>
<w pos="Tf" lemma="a" msd="UPosTag=DET|Definite=Def|PronType=Art" xml:id="IC8_622_2.2.8.133">a</w>
<w pos="Afp-sn" lemma="nemzeti" msd="UPosTag=ADJ|Case=Nom|Degree=Pos|Number=Sing" xml:id="IC8_622_2.2.8.134">nemzeti</w>
<w pos="Nn-se" join="right" lemma="emlékezet" msd="UPosTag=NOUN|Case=Ela|Number=Sing" xml:id="IC8_622_2.2.8.135">emlékezetből</w>
<pc pos="Pnct" msd="UPosTag=PUNCT" xml:id="IC8_622_2.2.8.136">.</pc>
<linkGrp targFunc="head argument" type="UD-SYN">
<link ana="ud-syn:advmod" target="#IC8_622_2.2.8.131 #IC8_622_2.2.8.1"/>
<link ana="ud-syn:xcomp" target="#IC8_622_2.2.8.131 #IC8_622_2.2.8.2"/>
<link ana="ud-syn:nsubj" target="#IC8_622_2.2.8.131 #IC8_622_2.2.8.3"/>
<link ana="ud-syn:punct" target="#IC8_622_2.2.8.3 #IC8_622_2.2.8.4"/>
<link ana="ud-syn:conj" target="#IC8_622_2.2.8.3 #IC8_622_2.2.8.5"/>
<link ana="ud-syn:punct" target="#IC8_622_2.2.8.5 #IC8_622_2.2.8.6"/>
<link ana="ud-syn:mark" target="#IC8_622_2.2.8.10 #IC8_622_2.2.8.7"/>
<link ana="ud-syn:det" target="#IC8_622_2.2.8.10 #IC8_622_2.2.8.8"/>
<link ana="ud-syn:det" target="#IC8_622_2.2.8.10 #IC8_622_2.2.8.9"/>
<link ana="ud-syn:nsubj" target="#IC8_622_2.2.8.3 #IC8_622_2.2.8.10"/>
<link ana="ud-syn:punct" target="#IC8_622_2.2.8.10 #IC8_622_2.2.8.11"/>
<link ana="ud-syn:nsubj" target="#IC8_622_2.2.8.37 #IC8_622_2.2.8.12"/>
<link ana="ud-syn:advmod_mode" target="#IC8_622_2.2.8.37 #IC8_622_2.2.8.13"/>
<link ana="ud-syn:det" target="#IC8_622_2.2.8.35 #IC8_622_2.2.8.14"/>
<link ana="ud-syn:det" target="#IC8_622_2.2.8.16 #IC8_622_2.2.8.15"/>
<link ana="ud-syn:obl" target="#IC8_622_2.2.8.18 #IC8_622_2.2.8.16"/>
<link ana="ud-syn:case" target="#IC8_622_2.2.8.16 #IC8_622_2.2.8.17"/>
<link ana="ud-syn:amod_att" target="#IC8_622_2.2.8.21 #IC8_622_2.2.8.18"/>
<link ana="ud-syn:amod_att" target="#IC8_622_2.2.8.21 #IC8_622_2.2.8.19"/>
<link ana="ud-syn:amod_att" target="#IC8_622_2.2.8.21 #IC8_622_2.2.8.20"/>
<link ana="ud-syn:nmod_obl" target="#IC8_622_2.2.8.24 #IC8_622_2.2.8.21"/>
<link ana="ud-syn:acl" target="#IC8_622_2.2.8.10 #IC8_622_2.2.8.22"/>
<link ana="ud-syn:obj" target="#IC8_622_2.2.8.24 #IC8_622_2.2.8.23"/>
<link ana="ud-syn:xcomp" target="#IC8_622_2.2.8.22 #IC8_622_2.2.8.24"/>
<link ana="ud-syn:punct" target="#IC8_622_2.2.8.22 #IC8_622_2.2.8.25"/>
<link ana="ud-syn:nsubj" target="#IC8_622_2.2.8.28 #IC8_622_2.2.8.26"/>
<link ana="ud-syn:det" target="#IC8_622_2.2.8.28 #IC8_622_2.2.8.27"/>
<link ana="ud-syn:conj" target="#IC8_622_2.2.8.10 #IC8_622_2.2.8.28"/>
<link ana="ud-syn:punct" target="#IC8_622_2.2.8.28 #IC8_622_2.2.8.29"/>
<link ana="ud-syn:nsubj" target="#IC8_622_2.2.8.37 #IC8_622_2.2.8.30"/>
<link ana="ud-syn:det" target="#IC8_622_2.2.8.32 #IC8_622_2.2.8.31"/>
<link ana="ud-syn:nmod_att" target="#IC8_622_2.2.8.35 #IC8_622_2.2.8.32"/>
<link ana="ud-syn:amod_att" target="#IC8_622_2.2.8.35 #IC8_622_2.2.8.33"/>
<link ana="ud-syn:amod_att" target="#IC8_622_2.2.8.35 #IC8_622_2.2.8.34"/>
<link ana="ud-syn:obl" target="#IC8_622_2.2.8.37 #IC8_622_2.2.8.35"/>
<link ana="ud-syn:case" target="#IC8_622_2.2.8.35 #IC8_622_2.2.8.36"/>
<link ana="ud-syn:acl" target="#IC8_622_2.2.8.10 #IC8_622_2.2.8.37"/>
<link ana="ud-syn:advmod_mode" target="#IC8_622_2.2.8.37 #IC8_622_2.2.8.38"/>
<link ana="ud-syn:xcomp" target="#IC8_622_2.2.8.37 #IC8_622_2.2.8.39"/>
<link ana="ud-syn:obj" target="#IC8_622_2.2.8.39 #IC8_622_2.2.8.40"/>
<link ana="ud-syn:punct" target="#IC8_622_2.2.8.28 #IC8_622_2.2.8.41"/>
<link ana="ud-syn:nsubj" target="#IC8_622_2.2.8.44 #IC8_622_2.2.8.42"/>
<link ana="ud-syn:det" target="#IC8_622_2.2.8.44 #IC8_622_2.2.8.43"/>
<link ana="ud-syn:conj" target="#IC8_622_2.2.8.103 #IC8_622_2.2.8.44"/>
<link ana="ud-syn:punct" target="#IC8_622_2.2.8.44 #IC8_622_2.2.8.45"/>
<link ana="ud-syn:nsubj" target="#IC8_622_2.2.8.47 #IC8_622_2.2.8.46"/>
<link ana="ud-syn:acl" target="#IC8_622_2.2.8.63 #IC8_622_2.2.8.47"/>
<link ana="ud-syn:det" target="#IC8_622_2.2.8.49 #IC8_622_2.2.8.48"/>
<link ana="ud-syn:nmod_att" target="#IC8_622_2.2.8.51 #IC8_622_2.2.8.49"/>
<link ana="ud-syn:det" target="#IC8_622_2.2.8.51 #IC8_622_2.2.8.50"/>
<link ana="ud-syn:obj" target="#IC8_622_2.2.8.39 #IC8_622_2.2.8.51"/>
<link ana="ud-syn:det" target="#IC8_622_2.2.8.53 #IC8_622_2.2.8.52"/>
<link ana="ud-syn:nmod_obl" target="#IC8_622_2.2.8.54 #IC8_622_2.2.8.53"/>
<link ana="ud-syn:nmod_obl" target="#IC8_622_2.2.8.39 #IC8_622_2.2.8.54"/>
<link ana="ud-syn:det" target="#IC8_622_2.2.8.56 #IC8_622_2.2.8.55"/>
<link ana="ud-syn:nmod_obl" target="#IC8_622_2.2.8.39 #IC8_622_2.2.8.56"/>
<link ana="ud-syn:case" target="#IC8_622_2.2.8.56 #IC8_622_2.2.8.57"/>
<link ana="ud-syn:det" target="#IC8_622_2.2.8.59 #IC8_622_2.2.8.58"/>
<link ana="ud-syn:nmod_obl" target="#IC8_622_2.2.8.39 #IC8_622_2.2.8.59"/>
<link ana="ud-syn:punct" target="#IC8_622_2.2.8.118 #IC8_622_2.2.8.60"/>
<link ana="ud-syn:nsubj" target="#IC8_622_2.2.8.63 #IC8_622_2.2.8.61"/>
<link ana="ud-syn:det" target="#IC8_622_2.2.8.63 #IC8_622_2.2.8.62"/>
<link ana="ud-syn:conj" target="#IC8_622_2.2.8.10 #IC8_622_2.2.8.63"/>
<link ana="ud-syn:punct" target="#IC8_622_2.2.8.28 #IC8_622_2.2.8.64"/>
<link ana="ud-syn:nsubj" target="#IC8_622_2.2.8.37 #IC8_622_2.2.8.65"/>
<link ana="ud-syn:det" target="#IC8_622_2.2.8.67 #IC8_622_2.2.8.66"/>
<link ana="ud-syn:nmod_obl" target="#IC8_622_2.2.8.39 #IC8_622_2.2.8.67"/>
<link ana="ud-syn:acl" target="#IC8_622_2.2.8.63 #IC8_622_2.2.8.68"/>
<link ana="ud-syn:xcomp" target="#IC8_622_2.2.8.37 #IC8_622_2.2.8.69"/>
<link ana="ud-syn:punct" target="#IC8_622_2.2.8.63 #IC8_622_2.2.8.70"/>
<link ana="ud-syn:mark" target="#IC8_622_2.2.8.110 #IC8_622_2.2.8.71"/>
<link ana="ud-syn:nsubj" target="#IC8_622_2.2.8.110 #IC8_622_2.2.8.72"/>
<link ana="ud-syn:det" target="#IC8_622_2.2.8.74 #IC8_622_2.2.8.73"/>
<link ana="ud-syn:nmod_obl" target="#IC8_622_2.2.8.110 #IC8_622_2.2.8.74"/>
<link ana="ud-syn:acl" target="#IC8_622_2.2.8.63 #IC8_622_2.2.8.75"/>
<link ana="ud-syn:punct" target="#IC8_622_2.2.8.37 #IC8_622_2.2.8.76"/>
<link ana="ud-syn:obj" target="#IC8_622_2.2.8.81 #IC8_622_2.2.8.77"/>
<link ana="ud-syn:det" target="#IC8_622_2.2.8.79 #IC8_622_2.2.8.78"/>
<link ana="ud-syn:nsubj" target="#IC8_622_2.2.8.81 #IC8_622_2.2.8.79"/>
<link ana="ud-syn:advmod_tlocy" target="#IC8_622_2.2.8.81 #IC8_622_2.2.8.80"/>
<link ana="ud-syn:acl" target="#IC8_622_2.2.8.44 #IC8_622_2.2.8.81"/>
<link ana="ud-syn:punct" target="#IC8_622_2.2.8.118 #IC8_622_2.2.8.82"/>
<link ana="ud-syn:det" target="#IC8_622_2.2.8.85 #IC8_622_2.2.8.83"/>
<link ana="ud-syn:det" target="#IC8_622_2.2.8.85 #IC8_622_2.2.8.84"/>
<link ana="ud-syn:nsubj" target="#IC8_622_2.2.8.131 #IC8_622_2.2.8.85"/>
<link ana="ud-syn:advmod" target="#IC8_622_2.2.8.87 #IC8_622_2.2.8.86"/>
<link ana="ud-syn:conj" target="#IC8_622_2.2.8.37 #IC8_622_2.2.8.87"/>
<link ana="ud-syn:nmod_obl" target="#IC8_622_2.2.8.39 #IC8_622_2.2.8.88"/>
<link ana="ud-syn:nmod_att" target="#IC8_622_2.2.8.51 #IC8_622_2.2.8.89"/>
<link ana="ud-syn:flat_name" target="#IC8_622_2.2.8.89 #IC8_622_2.2.8.90"/>
<link ana="ud-syn:amod_att" target="#IC8_622_2.2.8.92 #IC8_622_2.2.8.91"/>
<link ana="ud-syn:obj" target="#IC8_622_2.2.8.132 #IC8_622_2.2.8.92"/>
<link ana="ud-syn:det" target="#IC8_622_2.2.8.94 #IC8_622_2.2.8.93"/>
<link ana="ud-syn:nmod_att" target="#IC8_622_2.2.8.95 #IC8_622_2.2.8.94"/>
<link ana="ud-syn:nmod_obl" target="#IC8_622_2.2.8.39 #IC8_622_2.2.8.95"/>
<link ana="ud-syn:punct" target="#IC8_622_2.2.8.97 #IC8_622_2.2.8.96"/>
<link ana="ud-syn:dep" target="#IC8_622_2.2.8.131 #IC8_622_2.2.8.97"/>
<link ana="ud-syn:punct" target="#IC8_622_2.2.8.131 #IC8_622_2.2.8.98"/>
<link ana="ud-syn:mark" target="#IC8_622_2.2.8.37 #IC8_622_2.2.8.99"/>
<link ana="ud-syn:det" target="#IC8_622_2.2.8.101 #IC8_622_2.2.8.100"/>
<link ana="ud-syn:nmod_obl" target="#IC8_622_2.2.8.102 #IC8_622_2.2.8.101"/>
<link ana="ud-syn:advmod_mode" target="#IC8_622_2.2.8.37 #IC8_622_2.2.8.102"/>
<link ana="ud-syn:nsubj" target="#IC8_622_2.2.8.28 #IC8_622_2.2.8.103"/>
<link ana="ud-syn:cc" target="#IC8_622_2.2.8.63 #IC8_622_2.2.8.104"/>
<link ana="ud-syn:nsubj" target="#IC8_622_2.2.8.28 #IC8_622_2.2.8.105"/>
<link ana="ud-syn:punct" target="#IC8_622_2.2.8.28 #IC8_622_2.2.8.106"/>
<link ana="ud-syn:mark" target="#IC8_622_2.2.8.37 #IC8_622_2.2.8.107"/>
<link ana="ud-syn:punct" target="#IC8_622_2.2.8.110 #IC8_622_2.2.8.108"/>
<link ana="ud-syn:mark" target="#IC8_622_2.2.8.110 #IC8_622_2.2.8.109"/>
<link ana="ud-syn:advcl" target="#IC8_622_2.2.8.63 #IC8_622_2.2.8.110"/>
<link ana="ud-syn:det" target="#IC8_622_2.2.8.112 #IC8_622_2.2.8.111"/>
<link ana="ud-syn:nsubj" target="#IC8_622_2.2.8.110 #IC8_622_2.2.8.112"/>
<link ana="ud-syn:punct" target="#IC8_622_2.2.8.118 #IC8_622_2.2.8.113"/>
<link ana="ud-syn:cc" target="#IC8_622_2.2.8.118 #IC8_622_2.2.8.114"/>
<link ana="ud-syn:advmod_mode" target="#IC8_622_2.2.8.118 #IC8_622_2.2.8.115"/>
<link ana="ud-syn:det" target="#IC8_622_2.2.8.117 #IC8_622_2.2.8.116"/>
<link ana="ud-syn:iobj" target="#IC8_622_2.2.8.118 #IC8_622_2.2.8.117"/>
<link ana="ud-syn:conj" target="#IC8_622_2.2.8.37 #IC8_622_2.2.8.118"/>
<link ana="ud-syn:punct" target="#IC8_622_2.2.8.118 #IC8_622_2.2.8.119"/>
<link ana="ud-syn:advmod_mode" target="#IC8_622_2.2.8.87 #IC8_622_2.2.8.120"/>
<link ana="ud-syn:det" target="#IC8_622_2.2.8.122 #IC8_622_2.2.8.121"/>
<link ana="ud-syn:nsubj" target="#IC8_622_2.2.8.124 #IC8_622_2.2.8.122"/>
<link ana="ud-syn:det" target="#IC8_622_2.2.8.124 #IC8_622_2.2.8.123"/>
<link ana="ud-syn:conj" target="#IC8_622_2.2.8.37 #IC8_622_2.2.8.124"/>
<link ana="ud-syn:punct" target="#IC8_622_2.2.8.124 #IC8_622_2.2.8.125"/>
<link ana="ud-syn:punct" target="#IC8_622_2.2.8.131 #IC8_622_2.2.8.126"/>
<link ana="ud-syn:nsubj" target="#IC8_622_2.2.8.131 #IC8_622_2.2.8.127"/>
<link ana="ud-syn:det" target="#IC8_622_2.2.8.130 #IC8_622_2.2.8.128"/>
<link ana="ud-syn:det" target="#IC8_622_2.2.8.130 #IC8_622_2.2.8.129"/>
<link ana="ud-syn:obj" target="#IC8_622_2.2.8.132 #IC8_622_2.2.8.130"/>
<link ana="ud-syn:root" target="#IC8_622_2.2.8 #IC8_622_2.2.8.131"/>
<link ana="ud-syn:xcomp" target="#IC8_622_2.2.8.131 #IC8_622_2.2.8.132"/>
<link ana="ud-syn:det" target="#IC8_622_2.2.8.135 #IC8_622_2.2.8.133"/>
<link ana="ud-syn:amod_att" target="#IC8_622_2.2.8.135 #IC8_622_2.2.8.134"/>
<link ana="ud-syn:nmod_obl" target="#IC8_622_2.2.8.132 #IC8_622_2.2.8.135"/>
<link ana="ud-syn:punct" target="#IC8_622_2.2.8.131 #IC8_622_2.2.8.136"/>
</linkGrp>
</s>
<s xml:id="IC8_622_2.2.9">
<w pos="Ccsp" lemma="de" msd="UPosTag=CCONJ" xml:id="IC8_622_2.2.9.1">De</w>
<w pos="Cssp" lemma="ha" msd="UPosTag=SCONJ" xml:id="IC8_622_2.2.9.2">ha</w>
<w pos="Pd3-sn" lemma="ez" msd="UPosTag=PRON|Case=Nom|Number=Sing|Person=3|PronType=Dem" xml:id="IC8_622_2.2.9.3">ez</w>
<w pos="Px3-s2" lemma="önmaga" msd="UPosTag=PRON|Case=Ine|Number=Sing|Person=3|PronType=Prs" xml:id="IC8_622_2.2.9.4">önmagában</w>
<w pos="Rm" lemma="nem" msd="UPosTag=ADV|PronType=Neg" xml:id="IC8_622_2.2.9.5">nem</w>
<w pos="Vmcp3s---n" lemma="lesz" msd="UPosTag=AUX|Definite=Ind|Mood=Cnd|Number=Sing|Person=3|Tense=Pres|VerbForm=Fin|Voice=Act" xml:id="IC8_622_2.2.9.6">lenne</w>
<w pos="Afp-sn" lemma="elég" msd="UPosTag=ADJ|Case=Nom|Degree=Pos|Number=Sing" xml:id="IC8_622_2.2.9.7">elég</w>
<w pos="Nn-sn" lemma="ok" msd="UPosTag=NOUN|Case=Nom|Degree=Pos|Number=Plur" xml:id="IC8_622_2.2.9.8">ok</w>
<w pos="Tf" lemma="az" msd="UPosTag=DET|Definite=Def|PronType=Art" xml:id="IC8_622_2.2.9.9">az</w>
<w pos="Afp-sn" lemma="alapos" msd="UPosTag=ADJ|Case=Nom|Degree=Pos|Number=Sing" xml:id="IC8_622_2.2.9.10">alapos</w>
<w pos="Nn-ss" join="right" lemma="gyanú" msd="UPosTag=NOUN|Case=Sub|Number=Sing" xml:id="IC8_622_2.2.9.11">gyanúra</w>
<pc pos="Pnct" msd="UPosTag=PUNCT" xml:id="IC8_622_2.2.9.12">,</pc>
<w pos="Vmip1s---y" lemma="emlékeztet" msd="UPosTag=VERB|Definite=Def|Mood=Ind|Number=Sing|Person=1|Tense=Pres|VerbForm=Fin|Voice=Act" xml:id="IC8_622_2.2.9.13">emlékeztetem</w>
<w pos="X" join="right" lemma="önök" msd="UPosTag=PRON|Case=Acc|Number=Sing" xml:id="IC8_622_2.2.9.14">Önöket</w>
<pc pos="Pnct" msd="UPosTag=PUNCT" xml:id="IC8_622_2.2.9.15">,</pc>
<w pos="Cssp" lemma="hogy" msd="UPosTag=SCONJ" xml:id="IC8_622_2.2.9.16">hogy</w>
<name type="PER">
<w lemma="Kövér" msd="UPosTag=PROPN|Case=Nom|Number=Sing" xml:id="IC8_622_2.2.9.17">Kövér</w>
<w lemma="László" msd="UPosTag=PROPN|Case=Nom|Number=Sing" xml:id="IC8_622_2.2.9.18">László</w>
</name>
<w pos="Nn-sn" lemma="házelnök" msd="UPosTag=NOUN|Case=Nom|Number=Sing" xml:id="IC8_622_2.2.9.19">házelnök</w>
<w pos="Rx" lemma="már" msd="UPosTag=ADV" xml:id="IC8_622_2.2.9.20">már</w>
<w pos="Mc-snd" lemma="6" msd="UPosTag=NUM|Case=Nom|Number=Sing|NumType=Card" xml:id="IC8_622_2.2.9.21">6</w>
<w pos="Nn-sn---s3" join="right" lemma="év" msd="UPosTag=NOUN|Case=Nom|Number=Sing|Number[psor]=Sing|Person[psor]=3" xml:id="IC8_622_2.2.9.22">éve</w>
<pc pos="Pnct" msd="UPosTag=PUNCT" xml:id="IC8_622_2.2.9.23">,</pc>
<w pos="Tf" lemma="a" msd="UPosTag=DET|Definite=Def|PronType=Art" xml:id="IC8_622_2.2.9.24">a</w>
<w pos="Rx" lemma="most" msd="UPosTag=ADV" xml:id="IC8_622_2.2.9.25">most</w>
<w pos="Nn-sn---s3" lemma="frisse" msd="UPosTag=ADJ|Case=Nom|Degree=Pos|Number=Sing" xml:id="IC8_622_2.2.9.26">frisse</w>
<w pos="X" lemma="n" msd="UPosTag=NOUN|Case=Sup|Number=Sing" xml:id="IC8_622_2.2.9.27">n</w>
<w pos="Afp-sn" lemma="beszántott" msd="UPosTag=ADJ|Case=Nom|Number=Sing|VerbForm=PartPast" xml:id="IC8_622_2.2.9.28">beszántott</w>
<w pos="Afp-sn" lemma="Heti" msd="UPosTag=PROPN|Case=Nom|Number=Sing" xml:id="IC8_622_2.2.9.29">Heti</w>
<name type="MISC">
<w lemma="Válasz" msd="UPosTag=PROPN|Case=Nom|Number=Sing" xml:id="IC8_622_2.2.9.30">Válasz</w>
<w join="right" lemma="2012" msd="UPosTag=NUM|Case=Nom|Number=Sing|NumType=Card" xml:id="IC8_622_2.2.9.31">2012</w>
</name>
<pc pos="Pnct" msd="UPosTag=PUNCT" xml:id="IC8_622_2.2.9.32">.</pc>
<w pos="Nn-sn" lemma="április" msd="UPosTag=NOUN|Case=Nom|Number=Sing" xml:id="IC8_622_2.2.9.33">április</w>
<w pos="Afp-sn" lemma="5-i" msd="UPosTag=ADJ|Case=Nom|Degree=Pos|Number=Sing" xml:id="IC8_622_2.2.9.34">5-i</w>
<w pos="Nn-s2---s3" lemma="szám" msd="UPosTag=NOUN|Case=Ine|Number=Sing|Number[psor]=Sing|Person[psor]=3" xml:id="IC8_622_2.2.9.35">számában</w>
<w pos="Ccsp" lemma="is" msd="UPosTag=CCONJ" xml:id="IC8_622_2.2.9.36">is</w>
<w pos="Vmis3s---y" join="right" lemma="pedzeget" msd="UPosTag=VERB|Definite=Def|Mood=Ind|Number=Sing|Person=3|Tense=Past|VerbForm=Fin|Voice=Act" xml:id="IC8_622_2.2.9.37">pedzegette</w>
<pc pos="Pnct" msd="UPosTag=PUNCT" xml:id="IC8_622_2.2.9.38">,</pc>
<w pos="Cssp" lemma="hogy" msd="UPosTag=SCONJ" xml:id="IC8_622_2.2.9.39">hogy</w>
<name type="PER">
<w lemma="Nagy" msd="UPosTag=PROPN|Case=Nom|Number=Sing" xml:id="IC8_622_2.2.9.40">Nagy</w>
<w lemma="Imré" msd="UPosTag=PROPN|Case=Dat|Number=Sing" xml:id="IC8_622_2.2.9.41">Imrének</w>
</name>
<w pos="Vmn" lemma="mesz" msd="UPosTag=VERB|VerbForm=Inf|Voice=Act" xml:id="IC8_622_2.2.9.42">menni</w>
<w pos="Pd3-sn" lemma="e" msd="UPosTag=ADV|Degree=Pos" xml:id="IC8_622_2.2.9.43">e</w>
<w pos="Vmip3s---n" lemma="kell" msd="UPosTag=VERB|Definite=Ind|Mood=Ind|Number=Sing|Person=3|Tense=Pres|VerbForm=Fin|Voice=Act" xml:id="IC8_622_2.2.9.44">kell</w>
<w pos="Tf" lemma="a" msd="UPosTag=DET|Definite=Def|PronType=Art" xml:id="IC8_622_2.2.9.45">a</w>
<name type="MISC">
<w lemma="Vértanúk" msd="UPosTag=PROPN|Case=Nom|Number=Sing" xml:id="IC8_622_2.2.9.46">Vértanúk</w>
</name>
<w pos="Nn-sh---s3" join="right" lemma="tév" msd="UPosTag=NOUN|Case=Del|Number=Sing|Number[psor]=Sing|Person[psor]=3" xml:id="IC8_622_2.2.9.47">teréről</w>
<pc pos="Pnct" msd="UPosTag=PUNCT" xml:id="IC8_622_2.2.9.48">.</pc>
<linkGrp targFunc="head argument" type="UD-SYN">
<link ana="ud-syn:cc" target="#IC8_622_2.2.9.13 #IC8_622_2.2.9.1"/>
<link ana="ud-syn:mark" target="#IC8_622_2.2.9.8 #IC8_622_2.2.9.2"/>
<link ana="ud-syn:nsubj" target="#IC8_622_2.2.9.8 #IC8_622_2.2.9.3"/>
<link ana="ud-syn:nmod_obl" target="#IC8_622_2.2.9.8 #IC8_622_2.2.9.4"/>
<link ana="ud-syn:advmod" target="#IC8_622_2.2.9.8 #IC8_622_2.2.9.5"/>
<link ana="ud-syn:cop" target="#IC8_622_2.2.9.8 #IC8_622_2.2.9.6"/>
<link ana="ud-syn:amod_att" target="#IC8_622_2.2.9.8 #IC8_622_2.2.9.7"/>
<link ana="ud-syn:advcl" target="#IC8_622_2.2.9.13 #IC8_622_2.2.9.8"/>
<link ana="ud-syn:det" target="#IC8_622_2.2.9.11 #IC8_622_2.2.9.9"/>
<link ana="ud-syn:amod_att" target="#IC8_622_2.2.9.11 #IC8_622_2.2.9.10"/>
<link ana="ud-syn:nmod_obl" target="#IC8_622_2.2.9.8 #IC8_622_2.2.9.11"/>
<link ana="ud-syn:punct" target="#IC8_622_2.2.9.13 #IC8_622_2.2.9.12"/>
<link ana="ud-syn:root" target="#IC8_622_2.2.9 #IC8_622_2.2.9.13"/>
<link ana="ud-syn:obj" target="#IC8_622_2.2.9.13 #IC8_622_2.2.9.14"/>
<link ana="ud-syn:punct" target="#IC8_622_2.2.9.13 #IC8_622_2.2.9.15"/>
<link ana="ud-syn:mark" target="#IC8_622_2.2.9.37 #IC8_622_2.2.9.16"/>
<link ana="ud-syn:nmod_att" target="#IC8_622_2.2.9.19 #IC8_622_2.2.9.17"/>
<link ana="ud-syn:flat_name" target="#IC8_622_2.2.9.17 #IC8_622_2.2.9.18"/>
<link ana="ud-syn:nsubj" target="#IC8_622_2.2.9.37 #IC8_622_2.2.9.19"/>
<link ana="ud-syn:advmod_tlocy" target="#IC8_622_2.2.9.37 #IC8_622_2.2.9.20"/>
<link ana="ud-syn:amod_att" target="#IC8_622_2.2.9.22 #IC8_622_2.2.9.21"/>
<link ana="ud-syn:obl" target="#IC8_622_2.2.9.37 #IC8_622_2.2.9.22"/>
<link ana="ud-syn:punct" target="#IC8_622_2.2.9.37 #IC8_622_2.2.9.23"/>
<link ana="ud-syn:det" target="#IC8_622_2.2.9.29 #IC8_622_2.2.9.24"/>
<link ana="ud-syn:advmod_tlocy" target="#IC8_622_2.2.9.28 #IC8_622_2.2.9.25"/>
<link ana="ud-syn:amod_att" target="#IC8_622_2.2.9.27 #IC8_622_2.2.9.26"/>
<link ana="ud-syn:nmod_obl" target="#IC8_622_2.2.9.28 #IC8_622_2.2.9.27"/>
<link ana="ud-syn:amod_att" target="#IC8_622_2.2.9.29 #IC8_622_2.2.9.28"/>
<link ana="ud-syn:nmod_att" target="#IC8_622_2.2.9.35 #IC8_622_2.2.9.29"/>
<link ana="ud-syn:flat_name" target="#IC8_622_2.2.9.29 #IC8_622_2.2.9.30"/>
<link ana="ud-syn:amod_att" target="#IC8_622_2.2.9.35 #IC8_622_2.2.9.31"/>
<link ana="ud-syn:punct" target="#IC8_622_2.2.9.35 #IC8_622_2.2.9.32"/>
<link ana="ud-syn:nmod_att" target="#IC8_622_2.2.9.34 #IC8_622_2.2.9.33"/>
<link ana="ud-syn:amod_att" target="#IC8_622_2.2.9.35 #IC8_622_2.2.9.34"/>
<link ana="ud-syn:nmod_obl" target="#IC8_622_2.2.9.37 #IC8_622_2.2.9.35"/>
<link ana="ud-syn:cc" target="#IC8_622_2.2.9.35 #IC8_622_2.2.9.36"/>
<link ana="ud-syn:conj" target="#IC8_622_2.2.9.13 #IC8_622_2.2.9.37"/>
<link ana="ud-syn:punct" target="#IC8_622_2.2.9.37 #IC8_622_2.2.9.38"/>
<link ana="ud-syn:mark" target="#IC8_622_2.2.9.44 #IC8_622_2.2.9.39"/>
<link ana="ud-syn:nmod_obl" target="#IC8_622_2.2.9.42 #IC8_622_2.2.9.40"/>
<link ana="ud-syn:flat_name" target="#IC8_622_2.2.9.40 #IC8_622_2.2.9.41"/>
<link ana="ud-syn:xcomp" target="#IC8_622_2.2.9.44 #IC8_622_2.2.9.42"/>
<link ana="ud-syn:compound_preverb" target="#IC8_622_2.2.9.44 #IC8_622_2.2.9.43"/>
<link ana="ud-syn:ccomp_obj" target="#IC8_622_2.2.9.37 #IC8_622_2.2.9.44"/>
<link ana="ud-syn:det" target="#IC8_622_2.2.9.46 #IC8_622_2.2.9.45"/>
<link ana="ud-syn:nmod_att" target="#IC8_622_2.2.9.47 #IC8_622_2.2.9.46"/>
<link ana="ud-syn:nmod_obl" target="#IC8_622_2.2.9.42 #IC8_622_2.2.9.47"/>
<link ana="ud-syn:punct" target="#IC8_622_2.2.9.13 #IC8_622_2.2.9.48"/>
</linkGrp>
</s>
<s xml:id="IC8_622_2.2.10">
<w pos="Pd3-sa" lemma="az" msd="UPosTag=PRON|Case=Acc|Number=Sing|Person=3|PronType=Dem" xml:id="IC8_622_2.2.10.1">Azt</w>
<w pos="Rx" lemma="már" msd="UPosTag=ADV" xml:id="IC8_622_2.2.10.2">már</w>
<w pos="Vmis1p---y" join="right" lemma="lát" msd="UPosTag=VERB|Definite=Def|Mood=Ind|Number=Plur|Person=1|Tense=Pres|VerbForm=Fin|Voice=Act" xml:id="IC8_622_2.2.10.3">láttuk</w>
<pc pos="Pnct" msd="UPosTag=PUNCT" xml:id="IC8_622_2.2.10.4">,</pc>
<w pos="Cssp" lemma="hogy" msd="UPosTag=SCONJ" xml:id="IC8_622_2.2.10.5">hogy</w>
<w pos="Pq3-sn" lemma="mi" msd="UPosTag=PRON|Case=Nom|Number=Sing|Person=3|PronType=Int" xml:id="IC8_622_2.2.10.6">mi</w>
<w pos="Vmis3s---n" lemma="lesz" msd="UPosTag=AUX|Definite=Ind|Mood=Ind|Number=Sing|Person=3|Tense=Past|VerbForm=Fin|Voice=Act" xml:id="IC8_622_2.2.10.7">lett</w>
<w pos="Pd3-se" join="right" lemma="az" msd="UPosTag=PRON|Case=Ela|Number=Sing|Person=3|PronType=Dem" xml:id="IC8_622_2.2.10.8">abból</w>
<pc pos="Pnct" msd="UPosTag=PUNCT" xml:id="IC8_622_2.2.10.9">,</pc>
<w pos="Pr3-sa" lemma="ami" msd="UPosTag=PRON|Case=Acc|Number=Sing|Person=3|PronType=Rel" xml:id="IC8_622_2.2.10.10">amit</w>
<name type="PER">
<w lemma="Orbán" msd="UPosTag=PROPN|Case=Nom|Number=Sing" xml:id="IC8_622_2.2.10.11">Orbán</w>
<w lemma="Viktor" msd="UPosTag=PROPN|Case=Nom|Number=Sing" xml:id="IC8_622_2.2.10.12">Viktor</w>
<w lemma="Nagy" msd="UPosTag=PROPN|Case=Nom|Number=Sing" xml:id="IC8_622_2.2.10.13">Nagy</w>
</name>
<name type="PER">
<w lemma="Imre" msd="UPosTag=PROPN|Case=Nom|Number=Sing" xml:id="IC8_622_2.2.10.14">Imre</w>
</name>
<w pos="Nn-sm---s3" lemma="újratemetés" msd="UPosTag=NOUN|Case=Sup|Number=Plur" xml:id="IC8_622_2.2.10.15">újratemetésekor</w>
<w pos="Vmis3s---n" join="right" lemma="mond" msd="UPosTag=VERB|Definite=Ind|Mood=Ind|Number=Sing|Person=3|Tense=Past|VerbForm=Fin|Voice=Act" xml:id="IC8_622_2.2.10.16">mondott</w>
<pc pos="Pnct" msd="UPosTag=PUNCT" xml:id="IC8_622_2.2.10.17">:</pc>
<w pos="Tf" lemma="a" msd="UPosTag=DET|Definite=Def|PronType=Art" xml:id="IC8_622_2.2.10.18">a</w>
<w pos="Nn-pn" lemma="ruszki" msd="UPosTag=NOUN|Case=Nom|Number=Plur" xml:id="IC8_622_2.2.10.19">ruszkik</w>
<w pos="Nn-se" lemma="haza" msd="UPosTag=NOUN|Case=Ela|Number=Sing|Number[psor]=Sing|Person[psor]=3" xml:id="IC8_622_2.2.10.20">hazából</w>
<w pos="Mc-snd" lemma="30" msd="UPosTag=NUM|Case=Nom|Number=Sing|NumType=Card" xml:id="IC8_622_2.2.10.21">30</w>
<w pos="Nn-sn" lemma="év" msd="UPosTag=NOUN|Case=Nom|Number=Sing" xml:id="IC8_622_2.2.10.22">év</w>
<w pos="St" lemma="alatt" msd="UPosTag=ADP" xml:id="IC8_622_2.2.10.23">alatt</w>
<w pos="Vmis3s---n" lemma="eljut" msd="UPosTag=VERB|Definite=Ind|Mood=Ind|Number=Sing|Person=3|Tense=Past|VerbForm=Fin|Voice=Act" xml:id="IC8_622_2.2.10.24">eljutott</w>
<w pos="Tf" lemma="a" msd="UPosTag=DET|Definite=Def|PronType=Art" xml:id="IC8_622_2.2.10.25">a</w>
<w pos="ERR" lemma=";ruszkik" msd="UPosTag=NOUN|Case=Nom|Number=Plur" xml:id="IC8_622_2.2.10.26">;ruszkik</w>
<w pos="Vmip3s---n" join="right" lemma="visszáh" msd="UPosTag=NOUN|Case=All|Number=Sing" xml:id="IC8_622_2.2.10.27">visszához</w>
<pc pos="Pnct" msd="UPosTag=PUNCT" xml:id="IC8_622_2.2.10.28">.</pc>
<w pos="Rx" lemma="úgy" msd="UPosTag=ADV|PronType=Dem" xml:id="IC8_622_2.2.10.29">Úgy</w>
<w pos="Vmip3s---n" join="right" lemma="látszik" msd="UPosTag=VERB|Definite=Ind|Mood=Ind|Number=Sing|Person=3|Tense=Pres|VerbForm=Fin|Voice=Act" xml:id="IC8_622_2.2.10.30">látszik</w>
<pc pos="Pnct" msd="UPosTag=PUNCT" xml:id="IC8_622_2.2.10.31">,</pc>
<w pos="Cssp" lemma="hogy" msd="UPosTag=SCONJ" xml:id="IC8_622_2.2.10.32">hogy</w>
<name type="PER">
<w lemma="Orbán" msd="UPosTag=PROPN|Case=Nom|Number=Sing" xml:id="IC8_622_2.2.10.33">Orbán</w>
<w lemma="Viktor" msd="UPosTag=PROPN|Case=Gen|Number=Sing" xml:id="IC8_622_2.2.10.34">Viktornak</w>
</name>
<w pos="Rm" lemma="nem" msd="UPosTag=ADV|PronType=Neg" xml:id="IC8_622_2.2.10.35">nem</w>
<w pos="Rx" lemma="csak" msd="UPosTag=ADV" xml:id="IC8_622_2.2.10.36">csak</w>
<w pos="Tf" lemma="az" msd="UPosTag=DET|Definite=Def|PronType=Art" xml:id="IC8_622_2.2.10.37">az</w>
<w pos="Rd" lemma="akkor" msd="UPosTag=ADV|PronType=Dem" xml:id="IC8_622_2.2.10.38">akkor</w>
<w pos="Afp-pa" lemma="elmondott" msd="UPosTag=ADJ|Case=Acc|Number=Plur" xml:id="IC8_622_2.2.10.39">elmondottakat</w>
<w pos="Nn-sw" lemma="sikérül" msd="UPosTag=VERB|Definite=Ind|Mood=Ind|Number=Sing|Person=3|Tense=Pres|VerbForm=Fin|Voice=Act" xml:id="IC8_622_2.2.10.40">sikérül</w>
<w pos="Rx" lemma="most" msd="UPosTag=ADV" xml:id="IC8_622_2.2.10.41">most</w>
<w pos="Vmnp3s" join="right" lemma="meg+gyalázn" msd="UPosTag=VERB|Number=Sing|Person=3|VerbForm=Inf|Voice=Act" xml:id="IC8_622_2.2.10.42">meggyaláznia</w>
<pc pos="Pnct" msd="UPosTag=PUNCT" xml:id="IC8_622_2.2.10.43">,</pc>
<w pos="Ccsp" lemma="hanem" msd="UPosTag=CCONJ" xml:id="IC8_622_2.2.10.44">hanem</w>
<name type="PER">
<w lemma="Nagy" msd="UPosTag=PROPN|Case=Nom|Number=Sing" xml:id="IC8_622_2.2.10.45">Nagy</w>
<w lemma="Imre" msd="UPosTag=PROPN|Case=Nom|Number=Sing" xml:id="IC8_622_2.2.10.46">Imre</w>
</name>
<w pos="Nn-sa---s3" lemma="emlék" msd="UPosTag=NOUN|Case=Acc|Number=Sing|Number[psor]=Sing|Person[psor]=3" xml:id="IC8_622_2.2.10.47">emlékét</w>
<w pos="Ccsp" join="right" lemma="is" msd="UPosTag=CCONJ" xml:id="IC8_622_2.2.10.48">is</w>
<pc pos="Pnct" msd="UPosTag=PUNCT" xml:id="IC8_622_2.2.10.49">,</pc>
<w pos="Pr3-ss" lemma="ami" msd="UPosTag=PRON|Case=Sub|Number=Sing|Person=3|PronType=Rel" xml:id="IC8_622_2.2.10.50">amire</w>
<w pos="Rv" lemma="rácsimpaszkodva" msd="UPosTag=ADV|VerbForm=Conv" xml:id="IC8_622_2.2.10.51">rácsimpaszkodva</w>
<w pos="Rd" lemma="akkor" msd="UPosTag=ADV|PronType=Dem" xml:id="IC8_622_2.2.10.52">akkor</w>
<w pos="Afp-sn" lemma="fiatal" msd="UPosTag=ADJ|Case=Nom|Degree=Pos|Number=Sing" xml:id="IC8_622_2.2.10.53">fiatal</w>
<w pos="Nn-sf" lemma="politikus" msd="UPosTag=NOUN|Case=Abs|Number=Sing" xml:id="IC8_622_2.2.10.54">politikusként</w>
<w pos="Rp" lemma="el" msd="UPosTag=ADV" xml:id="IC8_622_2.2.10.55">el</w>
<w pos="X" join="right" lemma="őlép" msd="UPosTag=VERB|Definite=Ind|Mood=Pot|Number=Sing|Person=3|Tense=Past|VerbForm=Fin|Voice=Act" xml:id="IC8_622_2.2.10.56">őléphetett</w>
<pc pos="Pnct" msd="UPosTag=PUNCT" xml:id="IC8_622_2.2.10.57">.</pc>
<linkGrp targFunc="head argument" type="UD-SYN">
<link ana="ud-syn:obj" target="#IC8_622_2.2.10.3 #IC8_622_2.2.10.1"/>
<link ana="ud-syn:advmod_tlocy" target="#IC8_622_2.2.10.3 #IC8_622_2.2.10.2"/>
<link ana="ud-syn:root" target="#IC8_622_2.2.10 #IC8_622_2.2.10.3"/>
<link ana="ud-syn:punct" target="#IC8_622_2.2.10.3 #IC8_622_2.2.10.4"/>
<link ana="ud-syn:mark" target="#IC8_622_2.2.10.6 #IC8_622_2.2.10.5"/>
<link ana="ud-syn:ccomp_obj" target="#IC8_622_2.2.10.3 #IC8_622_2.2.10.6"/>
<link ana="ud-syn:cop" target="#IC8_622_2.2.10.6 #IC8_622_2.2.10.7"/>
<link ana="ud-syn:nmod_obl" target="#IC8_622_2.2.10.6 #IC8_622_2.2.10.8"/>
<link ana="ud-syn:punct" target="#IC8_622_2.2.10.6 #IC8_622_2.2.10.9"/>
<link ana="ud-syn:obj" target="#IC8_622_2.2.10.16 #IC8_622_2.2.10.10"/>
<link ana="ud-syn:nmod_att" target="#IC8_622_2.2.10.15 #IC8_622_2.2.10.11"/>
<link ana="ud-syn:flat_name" target="#IC8_622_2.2.10.11 #IC8_622_2.2.10.12"/>
<link ana="ud-syn:nmod_att" target="#IC8_622_2.2.10.15 #IC8_622_2.2.10.13"/>
<link ana="ud-syn:flat_name" target="#IC8_622_2.2.10.11 #IC8_622_2.2.10.14"/>
<link ana="ud-syn:nmod_obl" target="#IC8_622_2.2.10.16 #IC8_622_2.2.10.15"/>
<link ana="ud-syn:acl" target="#IC8_622_2.2.10.6 #IC8_622_2.2.10.16"/>
<link ana="ud-syn:punct" target="#IC8_622_2.2.10.16 #IC8_622_2.2.10.17"/>
<link ana="ud-syn:det" target="#IC8_622_2.2.10.19 #IC8_622_2.2.10.18"/>
<link ana="ud-syn:nmod_att" target="#IC8_622_2.2.10.20 #IC8_622_2.2.10.19"/>
<link ana="ud-syn:nmod_obl" target="#IC8_622_2.2.10.24 #IC8_622_2.2.10.20"/>
<link ana="ud-syn:nummod" target="#IC8_622_2.2.10.22 #IC8_622_2.2.10.21"/>
<link ana="ud-syn:obl" target="#IC8_622_2.2.10.24 #IC8_622_2.2.10.22"/>
<link ana="ud-syn:case" target="#IC8_622_2.2.10.22 #IC8_622_2.2.10.23"/>
<link ana="ud-syn:conj" target="#IC8_622_2.2.10.6 #IC8_622_2.2.10.24"/>
<link ana="ud-syn:det" target="#IC8_622_2.2.10.26 #IC8_622_2.2.10.25"/>
<link ana="ud-syn:nmod_att" target="#IC8_622_2.2.10.27 #IC8_622_2.2.10.26"/>
<link ana="ud-syn:nmod_obl" target="#IC8_622_2.2.10.24 #IC8_622_2.2.10.27"/>
<link ana="ud-syn:punct" target="#IC8_622_2.2.10.30 #IC8_622_2.2.10.28"/>
<link ana="ud-syn:advmod_mode" target="#IC8_622_2.2.10.30 #IC8_622_2.2.10.29"/>
<link ana="ud-syn:conj" target="#IC8_622_2.2.10.3 #IC8_622_2.2.10.30"/>
<link ana="ud-syn:punct" target="#IC8_622_2.2.10.30 #IC8_622_2.2.10.31"/>
<link ana="ud-syn:mark" target="#IC8_622_2.2.10.40 #IC8_622_2.2.10.32"/>
<link ana="ud-syn:nsubj" target="#IC8_622_2.2.10.40 #IC8_622_2.2.10.33"/>
<link ana="ud-syn:flat_name" target="#IC8_622_2.2.10.33 #IC8_622_2.2.10.34"/>
<link ana="ud-syn:advmod" target="#IC8_622_2.2.10.40 #IC8_622_2.2.10.35"/>
<link ana="ud-syn:advmod_mode" target="#IC8_622_2.2.10.40 #IC8_622_2.2.10.36"/>
<link ana="ud-syn:det" target="#IC8_622_2.2.10.39 #IC8_622_2.2.10.37"/>
<link ana="ud-syn:advmod_tlocy" target="#IC8_622_2.2.10.42 #IC8_622_2.2.10.38"/>
<link ana="ud-syn:obj" target="#IC8_622_2.2.10.42 #IC8_622_2.2.10.39"/>
<link ana="ud-syn:csubj" target="#IC8_622_2.2.10.30 #IC8_622_2.2.10.40"/>
<link ana="ud-syn:advmod_tlocy" target="#IC8_622_2.2.10.42 #IC8_622_2.2.10.41"/>
<link ana="ud-syn:xcomp" target="#IC8_622_2.2.10.40 #IC8_622_2.2.10.42"/>
<link ana="ud-syn:punct" target="#IC8_622_2.2.10.30 #IC8_622_2.2.10.43"/>
<link ana="ud-syn:cc" target="#IC8_622_2.2.10.30 #IC8_622_2.2.10.44"/>
<link ana="ud-syn:nmod_att" target="#IC8_622_2.2.10.47 #IC8_622_2.2.10.45"/>
<link ana="ud-syn:flat_name" target="#IC8_622_2.2.10.45 #IC8_622_2.2.10.46"/>
<link ana="ud-syn:obj" target="#IC8_622_2.2.10.42 #IC8_622_2.2.10.47"/>
<link ana="ud-syn:cc" target="#IC8_622_2.2.10.47 #IC8_622_2.2.10.48"/>
<link ana="ud-syn:punct" target="#IC8_622_2.2.10.30 #IC8_622_2.2.10.49"/>
<link ana="ud-syn:nmod_obl" target="#IC8_622_2.2.10.56 #IC8_622_2.2.10.50"/>
<link ana="ud-syn:advmod_mode" target="#IC8_622_2.2.10.56 #IC8_622_2.2.10.51"/>
<link ana="ud-syn:advmod_tlocy" target="#IC8_622_2.2.10.56 #IC8_622_2.2.10.52"/>
<link ana="ud-syn:amod_att" target="#IC8_622_2.2.10.54 #IC8_622_2.2.10.53"/>
<link ana="ud-syn:nmod_obl" target="#IC8_622_2.2.10.56 #IC8_622_2.2.10.54"/>
<link ana="ud-syn:compound_preverb" target="#IC8_622_2.2.10.56 #IC8_622_2.2.10.55"/>
<link ana="ud-syn:acl" target="#IC8_622_2.2.10.47 #IC8_622_2.2.10.56"/>
<link ana="ud-syn:punct" target="#IC8_622_2.2.10.3 #IC8_622_2.2.10.57"/>
</linkGrp>
</s>
<s xml:id="IC8_622_2.2.11">
<w pos="Rx" join="right" lemma="most" msd="UPosTag=ADV" xml:id="IC8_622_2.2.11.1">Most</w>
<pc pos="Pnct" msd="UPosTag=PUNCT" xml:id="IC8_622_2.2.11.2">,</pc>
<w pos="Cssp" lemma="hogy" msd="UPosTag=SCONJ" xml:id="IC8_622_2.2.11.3">hogy</w>
<name type="PER">
<w lemma="Orbán" msd="UPosTag=PROPN|Case=Nom|Number=Sing" xml:id="IC8_622_2.2.11.4">Orbán</w>
<w lemma="Viktor" msd="UPosTag=PROPN|Case=Nom|Number=Sing" xml:id="IC8_622_2.2.11.5">Viktor</w>
</name>
<w pos="Vmip3s---n" lemma="van" msd="UPosTag=VERB|Definite=Ind|Mood=Ind|Number=Sing|Person=3|Tense=Pres|VerbForm=Fin|Voice=Act" xml:id="IC8_622_2.2.11.6">van</w>
<w pos="Nn-sp" join="right" lemma="hatalm" msd="UPosTag=NOUN|Case=Sup|Number=Sing" xml:id="IC8_622_2.2.11.7">hatalmon</w>
<pc pos="Pnct" msd="UPosTag=PUNCT" xml:id="IC8_622_2.2.11.8">,</pc>
<w pos="Rx" lemma="már" msd="UPosTag=ADV" xml:id="IC8_622_2.2.11.9">már</w>
<w pos="Vmip3s---n" lemma="nincs" msd="UPosTag=VERB|Definite=Ind|Mood=Ind|Number=Sing|Person=3|Tense=Pres|VerbForm=Fin|Voice=Act" xml:id="IC8_622_2.2.11.10">nincs</w>
<w pos="Nn-sn" lemma="szükség" msd="UPosTag=NOUN|Case=Nom|Number=Sing" xml:id="IC8_622_2.2.11.11">szükség</w>
<w pos="Tf" lemma="a" msd="UPosTag=DET|Definite=Def|PronType=Art" xml:id="IC8_622_2.2.11.12">a</w>
<w pos="Afp-sn" lemma="forradalmi" msd="UPosTag=ADJ|Case=Nom|Degree=Pos|Number=Sing" xml:id="IC8_622_2.2.11.13">forradalmi</w>
<w pos="Nn-ss" join="right" lemma="emlékezet" msd="UPosTag=NOUN|Case=Sub|Number=Sing" xml:id="IC8_622_2.2.11.14">emlékezetre</w>
<pc pos="Pnct" msd="UPosTag=PUNCT" xml:id="IC8_622_2.2.11.15">?</pc>
<linkGrp targFunc="head argument" type="UD-SYN">
<link ana="ud-syn:advmod_tlocy" target="#IC8_622_2.2.11.10 #IC8_622_2.2.11.1"/>
<link ana="ud-syn:punct" target="#IC8_622_2.2.11.10 #IC8_622_2.2.11.2"/>
<link ana="ud-syn:mark" target="#IC8_622_2.2.11.6 #IC8_622_2.2.11.3"/>
<link ana="ud-syn:nsubj" target="#IC8_622_2.2.11.6 #IC8_622_2.2.11.4"/>
<link ana="ud-syn:flat_name" target="#IC8_622_2.2.11.4 #IC8_622_2.2.11.5"/>
<link ana="ud-syn:ccomp_obl" target="#IC8_622_2.2.11.10 #IC8_622_2.2.11.6"/>
<link ana="ud-syn:nmod_obl" target="#IC8_622_2.2.11.6 #IC8_622_2.2.11.7"/>
<link ana="ud-syn:punct" target="#IC8_622_2.2.11.6 #IC8_622_2.2.11.8"/>
<link ana="ud-syn:advmod_tlocy" target="#IC8_622_2.2.11.10 #IC8_622_2.2.11.9"/>
<link ana="ud-syn:root" target="#IC8_622_2.2.11 #IC8_622_2.2.11.10"/>
<link ana="ud-syn:nsubj" target="#IC8_622_2.2.11.10 #IC8_622_2.2.11.11"/>
<link ana="ud-syn:det" target="#IC8_622_2.2.11.14 #IC8_622_2.2.11.12"/>
<link ana="ud-syn:amod_att" target="#IC8_622_2.2.11.14 #IC8_622_2.2.11.13"/>
<link ana="ud-syn:nmod_obl" target="#IC8_622_2.2.11.10 #IC8_622_2.2.11.14"/>
<link ana="ud-syn:punct" target="#IC8_622_2.2.11.10 #IC8_622_2.2.11.15"/>
</linkGrp>
</s>
<s xml:id="IC8_622_2.2.12">
<w pos="Rx" join="right" lemma="most" msd="UPosTag=ADV" xml:id="IC8_622_2.2.12.1">Most</w>
<pc pos="Pnct" msd="UPosTag=PUNCT" xml:id="IC8_622_2.2.12.2">,</pc>
<w pos="Cssp" lemma="hogy" msd="UPosTag=SCONJ" xml:id="IC8_622_2.2.12.3">hogy</w>
<name type="PER">
<w lemma="Orbán" msd="UPosTag=PROPN|Case=Nom|Number=Sing" xml:id="IC8_622_2.2.12.4">Orbán</w>
<w lemma="Viktor" msd="UPosTag=PROPN|Case=Nom|Number=Sing" xml:id="IC8_622_2.2.12.5">Viktor</w>
</name>
<w pos="X" lemma="va" msd="UPosTag=VERB|Definite=Ind|Mood=Ind|Number=Sing|Person=3|Tense=Pres|VerbForm=Fin|Voice=Act" xml:id="IC8_622_2.2.12.6">va</w>
<w pos="X" lemma="n" msd="UPosTag=VERB|Case=Nom|Number=Sing|Person=1|PronType=Prs" xml:id="IC8_622_2.2.12.7">n</w>
<w pos="Nn-sp" join="right" lemma="hatalm" msd="UPosTag=NOUN|Case=Sup|Number=Sing" xml:id="IC8_622_2.2.12.8">hatalmon</w>
<pc pos="Pnct" msd="UPosTag=PUNCT" xml:id="IC8_622_2.2.12.9">,</pc>
<w pos="Rx" lemma="már" msd="UPosTag=ADV" xml:id="IC8_622_2.2.12.10">már</w>
<w pos="Rm" lemma="nem" msd="UPosTag=ADV|PronType=Neg" xml:id="IC8_622_2.2.12.11">nem</w>
<w pos="Vmip3s---n" lemma="kell" msd="UPosTag=VERB|Definite=Ind|Mood=Ind|Number=Sing|Person=3|Tense=Pres|VerbForm=Fin|Voice=Act" xml:id="IC8_622_2.2.12.12">kell</w>
<w pos="Vmnp1p" lemma="emlékezik" msd="UPosTag=VERB|Number=Plur|Person=1|VerbForm=Inf|Voice=Act" xml:id="IC8_622_2.2.12.13">emlékeznünk</w>
<w pos="Tf" lemma="a" msd="UPosTag=DET|Definite=Def|PronType=Art" xml:id="IC8_622_2.2.12.14">a</w>
<w pos="Nn-sn" lemma="nemzet" msd="UPosTag=NOUN|Case=Nom|Number=Sing" xml:id="IC8_622_2.2.12.15">nemzet</w>
<w pos="Nn-ps---s3" join="right" lemma="hős" msd="UPosTag=NOUN|Case=Sub|Number=Plur|Number[psor]=Sing|Person[psor]=3" xml:id="IC8_622_2.2.12.16">hőseire</w>
<pc pos="Pnct" msd="UPosTag=PUNCT" xml:id="IC8_622_2.2.12.17">?</pc>
<linkGrp targFunc="head argument" type="UD-SYN">
<link ana="ud-syn:advmod_tlocy" target="#IC8_622_2.2.12.12 #IC8_622_2.2.12.1"/>
<link ana="ud-syn:punct" target="#IC8_622_2.2.12.1 #IC8_622_2.2.12.2"/>
<link ana="ud-syn:mark" target="#IC8_622_2.2.12.6 #IC8_622_2.2.12.3"/>
<link ana="ud-syn:nsubj" target="#IC8_622_2.2.12.6 #IC8_622_2.2.12.4"/>
<link ana="ud-syn:flat_name" target="#IC8_622_2.2.12.4 #IC8_622_2.2.12.5"/>
<link ana="ud-syn:advcl" target="#IC8_622_2.2.12.12 #IC8_622_2.2.12.6"/>
<link ana="ud-syn:det" target="#IC8_622_2.2.12.8 #IC8_622_2.2.12.7"/>
<link ana="ud-syn:nmod_obl" target="#IC8_622_2.2.12.6 #IC8_622_2.2.12.8"/>
<link ana="ud-syn:punct" target="#IC8_622_2.2.12.6 #IC8_622_2.2.12.9"/>
<link ana="ud-syn:advmod_tlocy" target="#IC8_622_2.2.12.13 #IC8_622_2.2.12.10"/>
<link ana="ud-syn:advmod" target="#IC8_622_2.2.12.12 #IC8_622_2.2.12.11"/>
<link ana="ud-syn:root" target="#IC8_622_2.2.12 #IC8_622_2.2.12.12"/>
<link ana="ud-syn:xcomp" target="#IC8_622_2.2.12.12 #IC8_622_2.2.12.13"/>
<link ana="ud-syn:det" target="#IC8_622_2.2.12.15 #IC8_622_2.2.12.14"/>
<link ana="ud-syn:nmod_att" target="#IC8_622_2.2.12.16 #IC8_622_2.2.12.15"/>
<link ana="ud-syn:nmod_obl" target="#IC8_622_2.2.12.13 #IC8_622_2.2.12.16"/>
<link ana="ud-syn:punct" target="#IC8_622_2.2.12.12 #IC8_622_2.2.12.17"/>
</linkGrp>
</s>
<s xml:id="IC8_622_2.2.13">
<w pos="Rx" join="right" lemma="most" msd="UPosTag=ADV" xml:id="IC8_622_2.2.13.1">Most</w>
<pc pos="Pnct" msd="UPosTag=PUNCT" xml:id="IC8_622_2.2.13.2">,</pc>
<w pos="Cssp" lemma="hogy" msd="UPosTag=SCONJ" xml:id="IC8_622_2.2.13.3">hogy</w>
<name type="PER">
<w lemma="Orbán" msd="UPosTag=PROPN|Case=Nom|Number=Sing" xml:id="IC8_622_2.2.13.4">Orbán</w>
<w lemma="Viktor" msd="UPosTag=PROPN|Case=Nom|Number=Sing" xml:id="IC8_622_2.2.13.5">Viktor</w>
</name>
<w pos="Vmip3s---n" lemma="van" msd="UPosTag=VERB|Definite=Ind|Mood=Ind|Number=Sing|Person=3|Tense=Pres|VerbForm=Fin|Voice=Act" xml:id="IC8_622_2.2.13.6">van</w>
<w pos="Nn-sp" join="right" lemma="hatalm" msd="UPosTag=NOUN|Case=Sup|Number=Sing" xml:id="IC8_622_2.2.13.7">hatalmon</w>
<pc pos="Pnct" msd="UPosTag=PUNCT" xml:id="IC8_622_2.2.13.8">,</pc>
<w pos="Rx" lemma="már" msd="UPosTag=ADV" xml:id="IC8_622_2.2.13.9">már</w>
<w pos="Vmip3s---n" lemma="nincs" msd="UPosTag=VERB|Definite=Ind|Mood=Ind|Number=Sing|Person=3|Tense=Pres|VerbForm=Fin|Voice=Act" xml:id="IC8_622_2.2.13.10">nincs</w>
<w pos="Nn-sn" lemma="szükség" msd="UPosTag=NOUN|Case=Nom|Number=Sing" xml:id="IC8_622_2.2.13.11">szükség</w>
<name type="PER">
<w lemma="Nagy" msd="UPosTag=PROPN|Case=Nom|Number=Sing" xml:id="IC8_622_2.2.13.12">Nagy</w>
<w join="right" lemma="imre" msd="UPosTag=PROPN|Case=Sub|Number=Sing" xml:id="IC8_622_2.2.13.13">Imrére</w>
</name>
<pc pos="Pnct" msd="UPosTag=PUNCT" xml:id="IC8_622_2.2.13.14">,</pc>
<w pos="Rx" lemma="már" msd="UPosTag=ADV" xml:id="IC8_622_2.2.13.15">már</w>
<w pos="Rm" lemma="nem" msd="UPosTag=ADV|PronType=Neg" xml:id="IC8_622_2.2.13.16">nem</w>
<w pos="Tf" lemma="a" msd="UPosTag=DET|Definite=Def|PronType=Art" xml:id="IC8_622_2.2.13.17">a</w>
<w pos="Nn-sn" lemma="tisztelet" msd="UPosTag=NOUN|Case=Nom|Number=Sing" xml:id="IC8_622_2.2.13.18">tisztelet</w>
<w pos="Vmip3s---n" lemma="jár" msd="UPosTag=VERB|Definite=Ind|Mood=Ind|Number=Sing|Person=3|Tense=Pres|VerbForm=Fin|Voice=Act" xml:id="IC8_622_2.2.13.19">jár</w>
<w pos="Tf" lemma="a" msd="UPosTag=DET|Definite=Def|PronType=Art" xml:id="IC8_622_2.2.13.20">a</w>
<w pos="Afp-pd" join="right" lemma="bát" msd="UPosTag=NOUN|Case=Dat|Number=Plur" xml:id="IC8_622_2.2.13.21">bátraknak</w>
<pc pos="Pnct" msd="UPosTag=PUNCT" xml:id="IC8_622_2.2.13.22">,</pc>
<w pos="Ccsw" lemma="hanem" msd="UPosTag=CCONJ" xml:id="IC8_622_2.2.13.23">hanem</w>
<w pos="Tf" lemma="a" msd="UPosTag=DET|Definite=Def|PronType=Art" xml:id="IC8_622_2.2.13.24">a</w>
<w pos="Nn-sn" join="right" lemma="feledés" msd="UPosTag=NOUN|Case=Nom|Number=Sing" xml:id="IC8_622_2.2.13.25">feledés</w>
<pc pos="Pnct" msd="UPosTag=PUNCT" xml:id="IC8_622_2.2.13.26">?</pc>
<linkGrp targFunc="head argument" type="UD-SYN">
<link ana="ud-syn:advmod_tlocy" target="#IC8_622_2.2.13.10 #IC8_622_2.2.13.1"/>
<link ana="ud-syn:punct" target="#IC8_622_2.2.13.10 #IC8_622_2.2.13.2"/>
<link ana="ud-syn:mark" target="#IC8_622_2.2.13.6 #IC8_622_2.2.13.3"/>
<link ana="ud-syn:nsubj" target="#IC8_622_2.2.13.6 #IC8_622_2.2.13.4"/>
<link ana="ud-syn:flat_name" target="#IC8_622_2.2.13.4 #IC8_622_2.2.13.5"/>
<link ana="ud-syn:advcl" target="#IC8_622_2.2.13.10 #IC8_622_2.2.13.6"/>
<link ana="ud-syn:nmod_obl" target="#IC8_622_2.2.13.6 #IC8_622_2.2.13.7"/>
<link ana="ud-syn:punct" target="#IC8_622_2.2.13.6 #IC8_622_2.2.13.8"/>
<link ana="ud-syn:advmod_tlocy" target="#IC8_622_2.2.13.10 #IC8_622_2.2.13.9"/>
<link ana="ud-syn:root" target="#IC8_622_2.2.13 #IC8_622_2.2.13.10"/>
<link ana="ud-syn:nsubj" target="#IC8_622_2.2.13.10 #IC8_622_2.2.13.11"/>
<link ana="ud-syn:nmod_obl" target="#IC8_622_2.2.13.10 #IC8_622_2.2.13.12"/>
<link ana="ud-syn:flat_name" target="#IC8_622_2.2.13.12 #IC8_622_2.2.13.13"/>
<link ana="ud-syn:punct" target="#IC8_622_2.2.13.19 #IC8_622_2.2.13.14"/>
<link ana="ud-syn:advmod_tlocy" target="#IC8_622_2.2.13.19 #IC8_622_2.2.13.15"/>
<link ana="ud-syn:advmod" target="#IC8_622_2.2.13.19 #IC8_622_2.2.13.16"/>
<link ana="ud-syn:det" target="#IC8_622_2.2.13.18 #IC8_622_2.2.13.17"/>
<link ana="ud-syn:nsubj" target="#IC8_622_2.2.13.19 #IC8_622_2.2.13.18"/>
<link ana="ud-syn:conj" target="#IC8_622_2.2.13.10 #IC8_622_2.2.13.19"/>
<link ana="ud-syn:det" target="#IC8_622_2.2.13.21 #IC8_622_2.2.13.20"/>
<link ana="ud-syn:iobj" target="#IC8_622_2.2.13.19 #IC8_622_2.2.13.21"/>
<link ana="ud-syn:punct" target="#IC8_622_2.2.13.25 #IC8_622_2.2.13.22"/>
<link ana="ud-syn:cc" target="#IC8_622_2.2.13.25 #IC8_622_2.2.13.23"/>
<link ana="ud-syn:det" target="#IC8_622_2.2.13.25 #IC8_622_2.2.13.24"/>
<link ana="ud-syn:conj" target="#IC8_622_2.2.13.19 #IC8_622_2.2.13.25"/>
<link ana="ud-syn:punct" target="#IC8_622_2.2.13.10 #IC8_622_2.2.13.26"/>
</linkGrp>
</s>
<s xml:id="IC8_622_2.2.14">
<w pos="Vmip1s---y" lemma="kérdez" msd="UPosTag=VERB|Definite=Def|Mood=Ind|Number=Sing|Person=1|Tense=Pres|VerbForm=Fin|Voice=Act" xml:id="IC8_622_2.2.14.1">Kérdezem</w>
<w pos="Rd" lemma="ezért" msd="UPosTag=ADV|PronType=Dem" xml:id="IC8_622_2.2.14.2">ezért</w>
<w pos="Nn-sn" lemma="miniszter" msd="UPosTag=NOUN|Case=Nom|Number=Sing" xml:id="IC8_622_2.2.14.3">miniszter</w>
<w pos="Nn-sa" join="right" lemma="úr" msd="UPosTag=NOUN|Case=Acc|Number=Sing" xml:id="IC8_622_2.2.14.4">urat</w>
<pc pos="Pnct" msd="UPosTag=PUNCT" xml:id="IC8_622_2.2.14.5">:</pc>
<w pos="Pq3-sn" lemma="mi" msd="UPosTag=PRON|Case=Nom|Number=Sing|Person=3|PronType=Int" xml:id="IC8_622_2.2.14.6">Mi</w>
<w pos="Tf" lemma="a" msd="UPosTag=DET|Definite=Def|PronType=Art" xml:id="IC8_622_2.2.14.7">a</w>
<w pos="Nn-sn---p3" lemma="terv" msd="UPosTag=NOUN|Case=Nom|Number=Plur" xml:id="IC8_622_2.2.14.8">tervük</w>
<name type="PER">
<w lemma="Nagy" msd="UPosTag=PROPN|Case=Nom|Number=Sing" xml:id="IC8_622_2.2.14.9">Nagy</w>
<w lemma="Imre" msd="UPosTag=PROPN|Case=Nom|Number=Sing" xml:id="IC8_622_2.2.14.10">Imre</w>
</name>
<w pos="Nn-si---s3" join="right" lemma="szobra" msd="UPosTag=NOUN|Case=Ins|Number=Sing" xml:id="IC8_622_2.2.14.11">szobrával</w>
<pc pos="Pnct" msd="UPosTag=PUNCT" xml:id="IC8_622_2.2.14.12">,</pc>
<w pos="Rq" lemma="miért" msd="UPosTag=ADV|PronType=Int" xml:id="IC8_622_2.2.14.13">miért</w>
<w pos="Ccsw" lemma="és" msd="UPosTag=CCONJ" xml:id="IC8_622_2.2.14.14">és</w>
<w pos="Rq" lemma="hova" msd="UPosTag=ADV" xml:id="IC8_622_2.2.14.15">hova</w>
<w pos="Vmip3p---y" lemma="akar" msd="UPosTag=VERB|Definite=Def|Mood=Ind|Number=Plur|Person=3|Tense=Pres|VerbForm=Fin|Voice=Act" xml:id="IC8_622_2.2.14.16">akarják</w>
<w pos="Vmn" join="right" lemma="elv+in" msd="UPosTag=VERB|VerbForm=Inf|Voice=Act" xml:id="IC8_622_2.2.14.17">elvinni</w>
<pc pos="Pnct" msd="UPosTag=PUNCT" xml:id="IC8_622_2.2.14.18">?</pc>
<linkGrp targFunc="head argument" type="UD-SYN">
<link ana="ud-syn:root" target="#IC8_622_2.2.14 #IC8_622_2.2.14.1"/>
<link ana="ud-syn:advmod_mode" target="#IC8_622_2.2.14.1 #IC8_622_2.2.14.2"/>
<link ana="ud-syn:nmod_att" target="#IC8_622_2.2.14.4 #IC8_622_2.2.14.3"/>
<link ana="ud-syn:obj" target="#IC8_622_2.2.14.1 #IC8_622_2.2.14.4"/>
<link ana="ud-syn:punct" target="#IC8_622_2.2.14.1 #IC8_622_2.2.14.5"/>
<link ana="ud-syn:ccomp_obj" target="#IC8_622_2.2.14.1 #IC8_622_2.2.14.6"/>
<link ana="ud-syn:det" target="#IC8_622_2.2.14.8 #IC8_622_2.2.14.7"/>
<link ana="ud-syn:nsubj" target="#IC8_622_2.2.14.6 #IC8_622_2.2.14.8"/>
<link ana="ud-syn:nmod_att" target="#IC8_622_2.2.14.11 #IC8_622_2.2.14.9"/>
<link ana="ud-syn:flat_name" target="#IC8_622_2.2.14.9 #IC8_622_2.2.14.10"/>
<link ana="ud-syn:nmod_obl" target="#IC8_622_2.2.14.6 #IC8_622_2.2.14.11"/>
<link ana="ud-syn:punct" target="#IC8_622_2.2.14.16 #IC8_622_2.2.14.12"/>
<link ana="ud-syn:advmod_mode" target="#IC8_622_2.2.14.16 #IC8_622_2.2.14.13"/>
<link ana="ud-syn:cc" target="#IC8_622_2.2.14.15 #IC8_622_2.2.14.14"/>
<link ana="ud-syn:conj" target="#IC8_622_2.2.14.13 #IC8_622_2.2.14.15"/>
<link ana="ud-syn:conj" target="#IC8_622_2.2.14.6 #IC8_622_2.2.14.16"/>
<link ana="ud-syn:xcomp" target="#IC8_622_2.2.14.16 #IC8_622_2.2.14.17"/>
<link ana="ud-syn:punct" target="#IC8_622_2.2.14.1 #IC8_622_2.2.14.18"/>
</linkGrp>
</s>
</seg>
</u>
      </div>
    </body>
  </text>
</TEI>
