<?xml version="1.0"?>
<TEI xmlns="http://www.tei-c.org/ns/1.0" xml:id="ParlaMint-HU_2017-04-03" xml:lang="hu" ana="#parla.sitting #reference">
  <teiHeader>
    <fileDesc>
      <titleStmt>
        <title xml:lang="hu" type="main">A Magyar Országgyűlés Korpusza ParlaMint-HU 2017-04-03 [ParlaMint]</title>
        <title xml:lang="en" type="main">Hungarian parliamentary corpus ParlaMint-HU 2017-04-03 [ParlaMint]</title>
        <title xml:lang="hu" type="sub">A Magyar Országgyűlés ülései, 7. ciklus</title>
        <title xml:lang="en" type="sub">Minutes of the National Assembly of Hungary, Term 7</title>
        <meeting ana="#parla.term" corresp="#OGY" n="7">7. ciklus</meeting>
        <respStmt>
          <persName>Miklós Sebők</persName>
          <persName>Orsolya Ring</persName>
          <resp xml:lang="hu">Parla-CLARIN TEI XML korpusz létrehozása</resp>
          <resp xml:lang="en">Parla-CLARIN TEI XML corpus encoding</resp>
        </respStmt>
        <funder>
          <orgName xml:lang="hu">CLARIN Kutatási Infrastuktúra</orgName>
          <orgName xml:lang="en">The CLARIN research infrastructure</orgName>
        </funder>
        <funder>
          <orgName xml:lang="hu">Társadalomtudományi Kutatóközpont, Eötvös Loránd Kutatási Hálózat</orgName>
          <orgName xml:lang="en">Centre for Social Sciences, Eötvös Loránd Research Network</orgName>
        </funder>
      </titleStmt>
      <editionStmt>
        <edition>2.0</edition>
      </editionStmt>
      <extent>
        <measure xml:lang="hu" quantity="23" unit="speeches">23 beszéd</measure>
        <measure xml:lang="en" quantity="23" unit="speeches">23 speeches</measure>
        <measure xml:lang="hu" quantity="8685" unit="words">8685 szó</measure>
        <measure xml:lang="en" quantity="8685" unit="words">8685 words</measure>
      </extent>
      <publicationStmt>
        <publisher>
          <orgName xml:lang="hu">CLARIN Kutatási Infrastuktúra</orgName>
          <orgName xml:lang="en">CLARIN research infrastructure</orgName>
          <ref target="https://www.clarin.eu/">www.clarin.eu</ref>
        </publisher>
        <idno type="handle">http://hdl.handle.net/11356/1388</idno>
        <pubPlace>
          <ref target="http://hdl.handle.net/11356/1388">http://hdl.handle.net/11356/1388</ref>
        </pubPlace>
        <availability status="free">
          <licence>http://creativecommons.org/licenses/by/4.0/</licence>
          <p xml:lang="hu">
            Ez a munka az alábbi licence alapján használható
            <ref target="http://creativecommons.org/licenses/by/4.0/">Creative Commons Attribution 4.0 International License</ref>
          </p>
          <p xml:lang="en">
            This work is licensed under the
            <ref target="http://creativecommons.org/licenses/by/4.0/">Creative Commons Attribution 4.0 International License</ref>
          </p>
        </availability>
        <date when="2021-03-31">2021. 03. 31.</date>
      </publicationStmt>
      <sourceDesc>
        <bibl>
          <title xml:lang="hu" type="main">A Magyar Országgyűlés ülései</title>
          <title xml:lang="en" type="main">Minutes of the National Assembly of Hungary</title>
          <idno type="URI">https://https://www.parlament.hu/ </idno>
          <date when="2017-04-03">2017. 04. 03.</date>
        </bibl>
      </sourceDesc>
    </fileDesc>
    <encodingDesc>
      <projectDesc>
        <p>
          <ref target="https://www.clarin.eu/content/parlamint">ParlaMint</ref>
        </p>
      </projectDesc>
      <tagsDecl>
        <namespace name="http://www.tei-c.org/ns/1.0">
          <tagUsage gi="text" occurs="1"/>
          <tagUsage gi="body" occurs="1"/>
          <tagUsage gi="div" occurs="1"/>
          <tagUsage gi="u" occurs="23"/>
          <tagUsage gi="seg" occurs="81"/>
          <tagUsage gi="kinesic" occurs="25"/>
        </namespace>
      </tagsDecl>
    </encodingDesc>
    <profileDesc>
      <settingDesc>
        <setting>
          <name type="address">Kossuth Lajos tér 1-3.</name>
          <name type="city">Budapest</name>
          <name type="country" key="HU">Magyarország</name>
          <date ana="#parla.sitting" when="2017-04-03">2017-04-03</date>
        </setting>
      </settingDesc>
    </profileDesc>
  </teiHeader>
  <text xml:lang="hu" ana="#reference">
    <body>
      <div type="debateSection">
        <u xml:id="ParlaMint-HU_2017-04-03-interpellation-IC7_14458" who="#SándorCzomba" ana="#regular"><note>DR. CZOMBA SÁNDOR (Fidesz):</note>
<seg xml:id="IC7_14458.1">Köszönöm a szót, elnök úr.Tisztelt Ház!Tisztelt Államtitkár Úr! Mindannyian látjuk és mára minden vezető hitelminősítő is elismeri, hogy a kormánynak sikerült rendbe rakni az ország pénzügyeit. A kormány mindig is hangsúlyozta, hogy először az ország költségvetését kell stabil alapokra helyezni, és utána várható gazdasági növekedés. Az utóbbi időszakban egyre több kedvező gazdasági adat lát napvilágot, amelyek a gazdasági növekedést mutatják. Ezek közül szeretném kiemelni az exportot, amit nem kell különösebben magyarázni, miért fontos, hiszen valutabevételt jelent, és javítja a fizetési mérleget. Jól látható, hogy 2010 óta ezen a területen is egyre javuló teljesítményt nyújtunk, hiszen a hivatalos statisztikák a külkereskedelmi mérleg többletéről adnak hírt. Így például a KSH legutóbbi adatai szerint 2016-ban a külkereskedelmi termékforgalom 9,9 milliárd euró többlettel zárt, ami 1,3 milliárd euróval magasabb összeg, mint a 2015. évi 8,6 milliárd. A közel tízmilliárd eurós többlet úgy jött ki, hogy tavaly a kivitel értéke 93 milliárd euró volt, míg a behozatalé 83,1 milliárd eurót tett ki. Úgy vélem, a kormány törekvései, mint például a keleti és a déli nyitás politikája, szintén hozzájárulnak ezen pozitív külkereskedelmi folyamatokhoz.Tisztelt Államtitkár Úr! A szocialisták korábbi rossz gazdaságpolitikáját követően, úgy vélem, az ország jó úton halad, hiszen a fiskális helyzetünk stabil, a reálgazdaságot illetően pedig egyre biztatóbbak a gazdasági mutatóink, Magyarország gazdaságilag nyitott országként azonban jelentősen rá van szorulva továbbra is az exportbevételre. Ezért azt kérdezem az államtitkár úrtól, hogy minek köszönhető a külkereskedelmi mérleg jó teljesítménye, és mi várható ezen a területen a közeljövőben. Köszönöm. Várom válaszát</seg>
<kinesic type="applause"><desc>Szórványos taps a kormánypártok padsoraiból.</desc></kinesic>
</u>
        <u xml:id="ParlaMint-HU_2017-04-03-interpellation-IC7_14656" who="#LászlóFöldi" ana="#regular"><note>FÖLDI LÁSZLÓ (KDNP):</note>
<seg xml:id="IC7_14656.1">Köszönöm a szót, elnök úr. Tisztelt Elnök Úr! Tisztelt Ház! Tisztelt Államtitkár Úr! A mezőgazdaság, ahogy az elmúlt évszázadokban, úgy jelenleg is és a jövőben is meghatározó gazdasági és társadalmi súllyal bír Magyarországon. Ezen belül potenciális fejlesztési lehetőségek vannak a magyar élelmiszer-gazdaságban, fokozható a termelés, a feldolgozás és a forgalmazás rendszerének hatékonysága, növelhető az ágazat magyar és nemzetközi termelékenysége. Magyarország területének 57 százaléka mezőgazdasági művelés alatt áll, ahol 5,4 millió hektár mezőgazdasági területen és 2 millió hektár erdőn folyik gazdálkodás. Szakértők szerint olyan élelmiszer-termelési potenciállal rendelkezünk, amit nem használunk ki megfelelően, és amely területen minőségi és mennyiségi előrelépésre is van lehetőség, ahogy azt a minisztérium tavaly a &#8222;Magyarország élelmiszer-gazdasági programja 2016-2050&#8221; keretében összefoglalta. Ez alapján a szakértők szerint a magyar élelmiszer-gazdaságban a mostaninál mintegy 60 százalékkal nagyobb termelési potenciál rejlik, ami nemzetközi összehasonlításban is jelentős gazdasági és társadalmi lehetőséget rejt Magyarország számára</seg>
<seg xml:id="IC7_14656.2">(Az elnöki széket Lezsák Sándor, az Országgyűlés alelnöke foglalja el.)</seg>
<seg xml:id="IC7_14656.3">Tisztelt Államtitkár Úr! Tavaly a mezőgazdasági szektor a 2,5 százalékos GDP-növekedéshez mintegy 0,6 százalékkal járult hozzá, a magyar agrárexport pedig 8 milliárd euró értékű volt. Az erősödő élelmiszer-gazdaság egyre több embernek nyújt megélhetést. 2010 óta az 51 százalékkal bővülő kibocsátásnak köszönhetően mintegy 50 ezer új munkahely is létrejött. Az élelmiszer-gazdaság alapvető céljai világosak: a biztonságos élelmiszer-ellátás, a GMO-mentesség fenntartása, természeti értékeink megóvása, a biológiai sokféleség megőrzése, valamint a környezet kímélése, körültekintő és fenntartható bánásmód a természeti erőforrásokkal. Céljaink továbbá a tudás- és információalapú gazdaság erősítése, a családi gazdaságok földhasználati arányának növelése, az integrált összefogáson és szakmai tudáson alapuló termelés fejlesztése, az előállított termékekben a hozzáadott értékek növelése. Éppen ezért kérdezem tisztelt államtitkár urat, az elmúlt évek fejlesztései milyen változásokat hoztak a mezőgazdaságban és az élelmiszer-gazdaságban. Hogyan alakult a termelékenység és a foglalkoztatottság az elmúlt időszakban az ágazatban? Az élelmiszer-gazdaság milyen eszközökkel fejleszthető, ezáltal a kormány hogyan teheti versenyképesebbé a magyar mezőgazdaságot? Várom államtitkár úr megtisztelő válaszát</seg>
<kinesic type="applause"><desc>Taps a kormánypártok soraiban.</desc></kinesic>
</u>
        <u xml:id="ParlaMint-HU_2017-04-03-interpellation-IC7_14685" who="#IldikóBangónéBorbély" ana="#regular"><note>BANGÓNÉ BORBÉLY ILDIKÓ (MSZP):</note>
<seg xml:id="IC7_14685.1">Köszönöm, elnök úr. Tisztelt Államtitkár Úr! Miközben önök milliárdokat költenek újabb felesleges inzultációra, aközben a családok százezrei nyomorognak. Egyre több gyerek születik külföldön, mert szüleik egy jobb élet reményében elhagyják Magyarországot. Az Orbán-kormány regnálása óta összesen majdnem annyi gyermek született külföldön, amennyi gyermek egy évben itthon. Sok család pedig már fél lábbal egy másik országban van, mert az egyik szülő külföldön vállal munkát vagy ingázik. Így több tízezer gyermek után már nem a magyar állam, hanem az osztrák vagy a német állam fizeti a családi pótlékot is. Az itt maradók közül pedig több százezer család él súlyos nélkülözésben. Közöttük sok az egyedülálló szülő. Eközben a kormány úgy írt ki tendert egy kampányra, hogy arra csak egy cég nyújthatott be pályázatot. A 6 milliárd forintot elnyert Családbarát Ország Nonprofit Közhasznú Kft. feladata az lesz, hogy elősegítse a családbarát értékrend, ezáltal a család- és gyermekbarát szemlélet általánossá válását Magyarországon. 6 milliárd forintért, államtitkár úr! Miközben mit sem törődnek azokkal a gyerekekkel, akik már megszülettek, akik ma azért nyomorognak, mert szüleiknek nincs munkájuk, így még adókedvezményt sem kapnak, vagy csak kis részét tudják érvényesíteni. Az alanyi jogon járó családi juttatásokat a kormány pedig regnálása óta egy forinttal sem emelte. Ezeknek a reálértéke 30 százalékkal csökkent az elmúlt hét évben. Azzal sem törődnek, hogy félmillió gyerek él olyan családban, ahol a szülő egyedül neveli a gyermekét. A kormány ahelyett, hogy közvetlenül ezeket a családokat támogatná, inkább a volt kormányszóvivőnek, Nagy Annának adott félmilliárd forintot egy fővárosi központra; mintha erre nagyobb szükség lenne. Az érintett alapítvány egyébként még a KSH-nál is rosszabb adatokat mutatott be nemrég, kénytelenek voltak elismerni, hogy a kormány csodálatos családpolitikája ellenére a válaszadók 60 százaléka anyagi gondokkal küzd, szegénységben vagy mélyszegénységben él a KSH 48 százalékával szemben. Tehát a valóság sokkal rosszabb, mint ahogy önök kommunikálják. Arról is hiába beszélnek, hogy haza akarják csábítani a kivándorolt fiatalokat. A &#8222;Gyere haza!&#8221; program keretében 57 millió forintból mindössze 105 fiatalt sikerült hazacsábítani, azóta bejelentették a program lezárását. Most már értjük, hogy Novák Katalin nemrég miért mondta azt: egy bizonyos ponton túl az anyagi támogatás már nem elég a gyermekvállalási kedv növeléséhez, ezért talán még fontosabb a családbarát szemléletmód erősítése. Államtitkár Úr! Miért a családbarát értékek terjesztésére költenek milliárdokat, ahelyett, hogy a családok élhető életének támogatására fordítanák ezt a 6 milliárd forintot? Várom válaszát, államtitkár úr</seg>
<kinesic type="applause"><desc>Taps az MSZP soraiból.</desc></kinesic>
</u>
        <u xml:id="ParlaMint-HU_2017-04-03-interpellation-IC7_14689" who="#ZoltánMagyar" ana="#regular"><note>MAGYAR ZOLTÁN (Jobbik):</note>
<seg xml:id="IC7_14689.1">Köszönöm a szót, elnök úr. Tisztelt Ház! Államtitkár Úr! A bábolnai földkijátszással kapcsolatban elég komoly belső zavarokra lehettünk figyelmesek, hiszen két korábbi, ezzel foglalkozó írásbeli kérdésemre is egymásnak teljesen ellentmondó válaszokat adtak. A zavar oka azonban könnyen érthető, hiszen jelen esetben nem egy szokásos fideszes földmutyiról van csupán szó, arról is nyilvánvalóan, de a végeredményben a Monsanto nemzetközi multinacionális vállalat lett a nyertese a történetnek.A cég köztudottan egyébként a GMO-ban érdekelt nagy agrármulti, és ilyen előzmények után, azt hiszem, már érthető az is, hogy a GMO-val kapcsolatos liberalizációról miért röppentek fel a hírek. A történet lényege annyi, hogy teljesen indokolatlanul, szakmaiatlanul fogtak egy állami földterületet, abból kihasítottak három 3 hektáros részt, majd azt megszerezte egy önökhöz köthető vállalkozó, teljesen véletlenül versenytársak nélkül, majd újraegyesítette és a Monsantónak busás haszonnal odaadta ezt a területet.Aztán jönnek a hazugságok, amelyekre jó lenne most már itt igazi komoly érdemi válaszokat kapni, ahogy mondtam, írásbeli kérdésemre ezek nem érkeztek meg. Azt állították a válaszban, hogy nem mutatkozott nagyobb érdeklődés ezen területek megszerzésére a helyi gazdák részéről. Egyrészt azért nem, államtitkár úr, mert egész egyszerűen nem tudtak róla a helyi gazdák, jómagam személyesen mentem le és érdeklődtem náluk, és azonkívül ezt több helyen le is nyilatkozták. De egyébként, ha ez lett volna az optimális hasznosítási mód az állam részéről, akkor viszont három különböző családi gazdának kellett volna ezeket a földeket megszerezni, nem pedig egy mutyizós, önökhöz köthető &#8222;vállalkozónak&#8221;.(14.50)Ha valóban az lett volna a cél, amit kommunikáltak, hogy a családi gazdaságokat segítsük meg, akkor tehát nem ennek az egy embernek kellett volna odajuttatni a területeket. Ráadásul miért nem kötötték ki számára, ha egyszer már állami földet juttattak neki, hogy ne adhassa tovább ezt a területet, mondjuk, húsz évig, ahogy tették ezt később a privatizációs folyamatban. Államtitkár úr, azért Bernáth István adott be egyedül ajánlatot tehát, mert csak ő tudott róla, hogy karácsony előtt tíz nappal az állam megosztja ezt a területet. Feltételezhető tehát, hogy az NFA soron kívül járt el, az is feltételezhető, hogy kifüggesztés sem volt, és így elővásárlási jogával a többi érintett nem is élhetett. Szintén hazudott, amikor azt válaszolta a minisztérium, hogy a három ingatlanra tehát három különböző vásárló érkezett. Vagy önök hazudnak, vagy önöknek hazudnak, ezt el kellene dönteni. Az biztos, hogy jogszabálysértés nem történt önök szerint, hiszen három különböző helyi gazda szerezte meg. Az előbb már elmondtam, hogy nem igaz, hogy hazudtak a válaszban. Ezzel gyakorlatilag beismerték azt is, hogy a jelen esetben történt jogszabálysértés. 86 hektárból tehát leválasztani háromszor 3 hektárt, majd azt szándékosan ipari területként átjátszani ezek szerint nem gond önöknél. És ha már nem gond, akkor miért nem az állam kaszált ezen az ügyleten? Ezekre várom érdemi válaszát</seg>
<kinesic type="applause"><desc>Taps a Jobbik soraiban.</desc></kinesic>
</u>
        <u xml:id="ParlaMint-HU_2017-04-03-interpellation-IC7_14695" who="#BernadettSzél" ana="#regular"><note>IKOTITY ISTVÁN (LMP):</note>
<seg xml:id="IC7_14695.1">Köszönöm, elnök úr. Tisztelt Ház! Tisztelt Államtitkár Úr! A kormány még azután is rendre jó ötletnek nevezi a tervezett paksi bővítést, hogy az Európai Bizottság engedélyezte a beruházás állami támogatását, vagyis azt, hogy a kormány a borítékolható veszteséget az adófizetőkre hárítsa. A köznyelvben ugyanakkor a &#8222;jó üzlet&#8221; kifejezést nem a veszteséges projektekre használják, és csak akkor említik, ha az összes költség ismeretében lehet nyereségre számítani. Paks esetében azonban senki sem ismeri az összes költséget, a biztosítás például még szóba sem került. És arról sem szoktak beszélni, hogy ki fizeti az esetleges atombaleset számláját. Pedig egyáltalán nem elhanyagolható tételről van szó, a jelenlegi paksi blokkok felelősségbiztosítása például évente nagyjából félmilliárd forintba kerül, és káreseményenként 24 milliárd forintot fedez. Első pillantásra ez az összeg talán soknak tűnik, de valójában nevetségesen kevés. A 2011-es fukusimai balesetnél már az első kárbecslés is 28 ezer milliárd forintról szólt, vagyis több mint ezerszeres a különbség az ottani kár és a magyar biztosítási összeg között. Ha a tényleges kockázatot kellene megfizetni, több mint 500 milliárdba kerülne évente, és valószínűleg még így sem vállalná egyetlen biztosító sem.Ugyanakkor korántsem elméleti esélyekről van szó. A biztosítótársaságok ma már úgy számolnak, hogy az atomiparban 20-25 évenként kerül sor egy csernobili vagy fukusimai súlyú balesetre, és ennek megfelelően árazzák be a szolgáltatásaikat. És sajnos már magyar példánk is van: a 2003-as paksi reaktorbaleset aktáit az Orbán-kormány titkosította ugyan, és nem hajlandó elárulni sem a károk nagyságát, sem pedig azt, hogy ki fizette ezt a kiadást, de az biztos, hogy annál a 24 milliárdnál, amit az előbb említettem, és amire az erőmű felelősségbiztosítása terjed, ez sokkal nagyobb összeg, hiszen ha alacsonyabb összeg lenne, akkor bizonyára ezt közölték volna. Önök a 2003-as paksi reaktorbalesetet apró üzemzavarnak titulálták, és az is nyilvánvaló, hogy az adófizetőknek a zsebükbe kellett nyúlniuk, hiszen nem titkolóznának. Egy szó, mint száz: a nukleárisenergia-iparban száz- és ezermilliárdok repkednek, ha károkról van szó, a biztosítók pedig csak a tényleges fizetnivalók töredékét hajlandók finanszírozni. Ezért kérem, szíveskedjen nyilatkozni róla, milyen biztosítási költséggel számolnak Paks II. esetében; mekkora kárösszeget fog téríteni a biztosítás; és ki fizeti a költségeket, ha egy majdani baleset esetén a valós kár sokkal, akár több nagyságrenddel nagyobb lesz, mint amennyire a biztosítás fedezetet nyújt. Várom válaszát</seg>
<kinesic type="applause"><desc>Taps az LMP soraiból.</desc></kinesic>
</u>
        <u xml:id="ParlaMint-HU_2017-04-03-interpellation-IC7_14696" who="#R.BenedekSallai" ana="#regular"><note>SALLAI R. BENEDEK (LMP):</note>
<seg xml:id="IC7_14696.1">Köszönöm a szót, elnök úr. Tisztelt Országgyűlés! Tisztelt Államtitkár Úr! Írásban megkapta a kérdést, nem kívánok attól eltérni. Nem tudom, hogy kellene ezt a kérdést feltenni, hogy ne ugyanolyan idióta, demagóg választ kapjak, mint amit Magyar Zoltánnak adott, hiszen ön egy értelmes fiatalember, és látja, hogy itt egy szélhámosságról van szó. Ez egy egyszerű földspekuláció. Az NFA-törvény, amiről ön beszél, arról szól, hogy a 3 hektár fölöttieket nem lehet így eladni. Ilyen elv alapján innentől kezdve önök az egész ország állami földjeit 3 hektárokra csak azért feloszthatják, hogy kijátsszák a haveroknak, de most adott esetben nem is a haveroknak játszották ki, hanem a Monsantónak, a nagy testvérüknek, hogy a GMO-lobbit szolgálják.A kérdés nagyon-nagyon egyszerű. Ha tisztában van azzal jogot ismerő emberként, hogy bűncselekmény a zsebszerződések ilyetén való megvalósítása, hiszen termőföldet azért minősítettek át, hogy egy jogi személy megvehesse, és a földforgalmi törvény egyébként nem tenné lehetővé, hogy nemhogy állami földet, hanem termőföldet vegyen egy jogi személy, akkor ehhez a bűnözéshez a magyar állam miért asszisztál? Önök szavakban kiállnak a Monsanto ellen, hiszen azt mondják az Alaptörvényükkel, hogy védik Magyarország legnagyobb, a környezeti egészségben genetikai manipulációtól mentes, szaporítóanyagokkal ellátott mezőgazdaságát, agráriumát, ezzel szemben önök a Monsantót támogatják. Önök azt mondják, fellépnek a zsebszerződések ellen, majd egy zsebszerződéssel eladják a Monsantónak a földet. Önök azt mondják, hogy a gazdákhoz kerüljön a föld, majd milliárdos spekulációkkal próbálnak néhány embert helyzetbe hozni. Arra lennék tisztelettel kíváncsi, hogy ezt mégis hogy gondolják. Ön teljes nyugalommal ülhet itt, hiszen az ön elődje, Benedek Fülöp is megúszta egy felfüggesztettel az ugyanilyen földkijátszásokat. Lehet, hogy majd egy következő kormány adott esetben önnel is ilyen méltányos lesz, mint amilyennel Benedek Fülöppel voltak önök, de ennek ellenére ez semmi más, mint egyszerű rablás, amit önnek is tudnia kell. Tisztelettel kérdezem, mégis hogy gondolják ezt. Köszönöm a szót, elnök úr</seg>
<kinesic type="applause"><desc>Taps az LMP padsoraiból.</desc></kinesic>
</u>
        <u xml:id="ParlaMint-HU_2017-04-03-interpellation-IC7_14697" who="#R.BenedekSallai" ana="#regular"><note>IKOTITY ISTVÁN (LMP):</note>
<seg xml:id="IC7_14697.1">Köszönöm a szót, elnök úr. Tisztelt Államtitkár Úr! Hiába beszélt korábban Palkovics László arról, hogy befejeződtek az átalakítások a felsőoktatásban, most mégis újabb fontos terület átalakításának esett neki a kormány. A sajtóba kiszivárgott ugyanis A hazai agrárképzési terület fejlesztése című kormányzati előterjesztés, amely szerint mégiscsak létrehozná a kormány az új nemzeti agráregyetemet, ahova beolvasztaná a meglévő agrárképzések többségét. Korábban is voltak erről hírek, akkor még csak kormányzati tervekről volt szó, és az EMMI-ben készült stratégiai anyagról, amely a gödöllői Szent István Egyetemhez csatolta volna a veszprémi Pannon Egyetem Georgikon Karát. Az új hírek szerint egyébként nem Gödöllőn, hanem Budapesten lenne az új agráregyetem központja. Hogy mennyire nem szakmai érveket mérlegel a kormány, azt az agrárképzésben dolgozók véleményének figyelmen kívül hagyásán túl az is bizonyítja, hogy tavaly októberben például Lázár János miniszter jelentette ki a hódmezővásárhelyi közgyűlésen, hogy az ottani felsőoktatási képzés érintetlen és önálló marad. Komolyan Lázár Jánoson múlik, hogy mi lesz az agrárképzéssel Magyarországon? Az LMP korábban már adott be kérdést az új agráregyetem létrehozásával kapcsolatban, és éppen Rétvári Bence államtitkár válaszolt erre a kérdésünkre, ez év elején történt, és nem segítette a tisztánlátást. Zavaros választ kaptunk, a terület fejlesztési lehetőségeire, az együttműködés fontosságára és a stabil kapcsolatrendszerre utalt ahelyett, hogy válaszolt volna arra a kérdésre, hogy lesz-e nemzeti agráregyetem vagy sem. Utalt bizonyos változásokra, azonban megígérte, hogy semmilyen mértékben nem érinti az intézményi autonómiát és a meglévő képzéseknek a tartalmát. Ha az államtitkár úr igazat mondott, akkor nem lesz semmiféle nemzeti agráregyetem, és a vidéki agrárképzések elcsatolása sem képzelhető el, mert alapjaiban érintené az autonómiát és a képzéseket. Az egyetemek szétdarabolásán túl sem jelentéktelen kérdésről van szó. A magyar vidék jövője a települések népességmegtartó erején múlik, ehhez munkahelyekre van szükség, amit több lábon álló mezőgazdaság biztosíthat. Ezt támogatja az agrárképzés, amely nem az összevonástól és a központosításoktól lesz magas színvonalú, hanem a sokszínűségtől, az intézmények egymás közti versenyétől, nem is elfogadható a vidéki felsőoktatás gyengítése és egy újabb fővárosi központ létrehozása. Tisztelt Államtitkár Úr! Ismét egy lehetőség, hogy a nyilvánosság előtt az ellentmondó hírekre reagáljon, és tisztázza a szándékát: mi lesz a keszthelyi, kaposvári, kecskeméti, hódmezővásárhelyi, nyíregyházi, gyöngyösi, gödöllői, szeged</seg>
<kinesic type="signal"><desc>Az elnök a csengő megkocogtatásával jelzi az időkeret leteltét.</desc></kinesic>
<seg xml:id="IC7_14697.2">, debreceni agrárképzésekkel? Tényleg elveszik a karokat, és Budapestnek adják? Várom a válaszát.</seg>
</u>
        <u xml:id="ParlaMint-HU_2017-04-03-interpellation-IC7_14702" who="#MártaDemeter" ana="#regular"><note>DEMETER MÁRTA (független):</note>
<seg xml:id="IC7_14702.1">Köszönöm. Államtitkár Úr! Évek óta botrányok, problémák sorozata övezi a nemzetbiztonsági terület működését. A közvélemény számára is sok olyan ügy vált ismertté, amelyek érdemben rengetik meg a nemzet biztonságáért felelős szervekbe vetett hitet, és joggal csökkentik azok társadalmi támogatottságát. Ez nem csupán belpolitikai kérdés, drasztikusan csökkenti a Magyarországba és a magyar állami szervekbe vetett nemzetközi bizalmat is. Napjainkban a megváltozott biztonsági környezetben a szolgálatok működésének zavarai nemcsak hogy gátolják az ország biztonságának szavatolását, de kifejezetten növelik az új kihívásokkal teli környezet jelentette kockázatokat. A tapasztalatok azt mutatják, hogy például a Pharaon-ügy, a moszkvai vízumügy, a letelepedésikötvény-konstrukció is egy rendszerszintű probléma veszélyes tünetei, de legalább ilyen súlyos probléma, hogy válasz nélkül maradnak olyan biztonsági kockázatok, mint például az orosz befolyásszerzési törekvések a régiónkban. Ezeket a nemzetközi együttműködésekre is ható problémákat erősítette meg a nemzetbiztonsági szolgálatból kivált Katrein Ferenc interjúja is, amely bár szokatlan módon, mégis keresetlen éleslátással világította meg a közvélemény előtt is egyre inkább látszó anomáliákat.Nehéz eldönteni, hogy a szakmaiság tűnt-e el a nemzetbiztonsági szolgálatok működéséből, vagy a politikai megrendelések ássák alá egyre inkább a szervek hatékonyságát, vagy megcsömörlöttek a szolgálatokban dolgozók a nemzet biztonsága szempontjából kockázatos, de ki tudja, milyen érdekeket szolgáló utasítások végrehajtásában. A végeredmény riasztó: a nemzet biztonságát szolgálni hivatott intézmények hitelessége és hatékonysága mélyponton van.Önök tiszta lelkiismerettel tudják azt állítani, hogy a nemzetbiztonsági szolgálatoknál rendben mennek a dolgok? Azok vajon megfelelően ellátják a feladataikat azokban az ügyekben is, amelyekben állami szervek vagy egyes kormánypárti szereplők is érintettek? A szolgálatok demokratikus ellenőrzésének rendszere sem működik megfelelően. A politikai kontroll nem hatékony. A Nemzetbiztonsági bizottságot ügytemetőként használják, nem azt a feladatot látja el, ami a dolga lenne, és sokszor egy-egy képviselő személyes kiállása kell ahhoz, hogy bizonyos ügyeket egyáltalán napirenden lehessen tartani, lássuk például az orosz befolyásszerzést vizsgáló eseti bizottság ügyét. A szakmai ellenőrzés rendszere pedig nem is létezik ma Magyarországon. Ez az önök felelőssége, és bár a terület három minisztériumot érint, mégis önökhöz mint a leginkább illetékesekhez intézem a kérdéseimet. Egyetértenek-e azzal, hogy sürgős cselekvés kell a nemzetbiztonsági szolgálatok működési hatékonyságához és társadalmi hitelességének helyreállításához, a politikai befolyás megszüntetéséhez? Készek-e támogatni az alábbi javaslataimat a közbizalom helyreállításáért? A nemzetbiztonsági szolgálatok napi működésében a politika és a szakma szigorú szétválasztását a külső befolyás korlátozása érdekében, a politikai ellenőrzés rendszerének a megreformálását a bizottságok paritásossá tételével, valamint a szakmai ellenőrzés rendszerének megteremtését megfelelő ellenőrző szerv létrehozásával. Várom válaszát</seg>
<kinesic type="applause"><desc>Szórványos taps a független képviselők és a Jobbik soraiban.</desc></kinesic>
</u>
        <u xml:id="ParlaMint-HU_2017-04-03-interpellation-IC7_14704" who="#LászlóSalacz" ana="#regular"><note>DR. SALACZ LÁSZLÓ (Fidesz):</note>
<seg xml:id="IC7_14704.1">Tisztelt Államtitkár Úr! Több mint 34 milliárd forintnyi közbeszerzést nyert el a szocialista kormányok alatt a 11 milliárdos adóssága miatt később csődbe ment Szeviép. A botrányos építési vállalkozási cég ezer szálon kötődik Botka Lászlóhoz és a szocialistákhoz. Bár Szeged polgármestere előbb a TV2 Tények hírműsorának, majd a Népszavának is tagadta, hogy a Szeviéppel a város szerződéses kapcsolatban állt volna, de ebből, mint kiderült, egy szó sem igaz, mivel több projektet is a később bedőlt céggel végeztettek el, összesen 9 milliárd forint értékben. A Szeviép Szerkezet- és Vízépítő Zártkörűen Működő Részvénytársaság 2005-2010 között jócskán el volt látva állami, illetve önkormányzati megrendeléssel, amit közbeszerzéseken keresztül önállóan vagy konzorciumban nyert el. A Szeviépet 2010-ben számolták fel, miután évekig sikeresen bújt ki a fizetési határidők alól. Rendre új és új alvállalkozókat vontak be azok helyett, akiknek nem fizettek, azután ők sem kapták meg a pénzüket. Végül 11 milliárdos adósságot hagytak maguk után, amivel 500 alvállalkozónak tartoznak. Volt olyan, aki a féléves teljes árbevételét elbukta. A Szeviép három tulajdonosával és vezető tisztségviselőjével szemben csődbűncselekmény vádjával büntetőeljárás folyik, ugyanis ők voltak azok, akik kölcsönöket nyújtottak különböző gazdasági társaságoknak, illetve magánszemélyeknek. Érdekesség, hogy a 1,5 milliárdos kölcsön egyharmadát a Szeviép egyik leányvállalata kapta, amelynek ügyvezetője nem más volt, mint Ujhelyi István szocialista európai parlamenti képviselő sofőrje</seg>
<kinesic type="noise"><desc>Közbeszólások a Fidesz padsoraiból: Jézus, Mária!</desc></kinesic>
<seg xml:id="IC7_14704.2">Talán meg sem lepődünk, hogy ez a cég is a felszámolás sorsára jutott. Az új Szeviép-székház szalagját maga Botka László vágta át, amely épületet a Mezőgazdasági és Vidékfejlesztési Hivatal havi 5 millió forintért bérbe is vett, és ugyanez történt a cégcsoporthoz köthető békéscsabai épülettel is. A jelek szerint a Szeviép környékén akkoriban mindenkinek és mindenre jutott pénz, kivéve persze az alvállalkozók kifizetésére. Mindezek alapján tisztelettel kérdezem az államtitkár urat, hogy mikor láthatunk tisztán Szeviép-ügyben. Milyen következményekkel járhat, ha egy polgármester a közérdekű adatokkal ellentétes állításokat fogalmaz meg? Kik lehetnek érintettek az ügyben?Várom államtitkár úr megtisztelő válaszát</seg>
<kinesic type="applause"><desc>Taps a kormányzó pártok padsoraiban.</desc></kinesic>
</u>
        <u xml:id="ParlaMint-HU_2017-04-03-interpellation-IC7_14705" who="#DánielZ.Kárpát" ana="#regular"><note>Z. KÁRPÁT DÁNIEL (Jobbik):</note>
<seg xml:id="IC7_14705.1">Tisztelt Elnök Úr! Tisztelt Ház! Miközben a kormányzó pártok az utóbbi években nyújtottak be olyan törvényjavaslatot, amely multicégek számára teszi könnyebbé idegen munkaerő betelepítését Magyarországra, nyilván az ehhez fűződő lakhatási kedvezmények, támogatások szavatolása mellett, elmondható az is, hogy kormányzó, kormánypárti vezetők szájából hangzott el az ukrán munkaerő importjának szükségességéről szóló kiszólás is. Mindemellett ugyanakkor Magyarországon van egy igazi, egy valódi rejtett erőforrásunk, ami megoldást nyújthatna a magyar fiatalok, a magyar középkorúak lakhatási gondjaira, lakhatási szegénységére, ugyanis több százezer magyar ingatlan áll üresen, kihasználatlanul, és bár tudjuk, hogy ezek közül nagyon sok elnéptelenedő kistérségekben található, de azt is látjuk, hogy a városi, fővárosi és nagyvárosi elszabadult albérletárak tekintetében megoldást kell találni, és ez esetben pedig több tízezer üresen hagyott ingatlan hasznosítása, a magyar életbe való visszahozása igenis reális alternatívát nyújtana. Hogy egy példát mondjak: az önök közmunkaprogramja több térségben értelmessé lenne lehető akár az üresen hagyott vagyon feljavítása által, akár egy állami hátterű bérlakásépítési program elkezdése révén, amit egyébként hét éve nemcsak a költségvetési időszakban, de minden egyes lehető alkalommal számonkérünk önökön, hiszen viszonylag minimális költségvetési tételbe kerülne a pozitív hozadékához képest. Azt is látjuk, hogy a legújabb statisztikák szerint a kényszerből szüleikkel együtt lakó és más megoldást találni képtelen fiatalok számaránya tekintetében is az európai élbolyba kerültünk, és nem szeretném, hogy ebben az élbolyban maradjunk, nyilvánvaló tehát, hogy megoldást kell találni. A Jobbik sem a magántulajdonban lévő ingatlanvagyon hasznosításáról gondolkodik érthető módon, de mind állami, mind önkormányzati tulajdonban található olyan ingatlantömeg, amelynek a hasznosítása fel kell hogy merüljön. Az előtt pedig egész egyszerűen értetlenül állunk, hogy a kormányzat mintha nem is ismerné a közösségi gazdálkodási típusú formák elterjedését, az erre adandó válaszokat. Tehát az, hogy különböző megosztó oldalak révén több ezer ingatlant kivettek az albérleti piacról, a kormányzat csodálkozásával találkozott, miszerint az albérleti díjak elkezdtek növekedni. Elképesztőnek tartjuk, hogy évek alatt nemhogy a szabályozás irányába nem mozdultak el, de úgy tesznek, mintha ez a probléma nem létezne, mintha elfogadható és természetes volna, hogy egy Budapestre jövő, tanulni vágyó fiatal 130-150 ezer forintot plusz rezsit kell hogy fizessen egy albérletért, ami egészen elképesztő. Adja magát tehát a kérdés, sőt adódnak a kérdések. Hogyan kívánja a kormányzat enyhíteni az elérhető árú bérlemények hiányát? Vannak-e terveik az üresen álló ingatlanvagyon hasznosítása tekintetében? És egyáltalán adódnak-e elképzeléseik az ezzel kapcsolatos, a lakhatási szegénységgel kapcsolatos kivándorlási hajlandóság csillapítása tekintetében? Várom érdemi válaszát</seg>
<kinesic type="applause"><desc>Taps a Jobbik soraiban.</desc></kinesic>
</u>
        <u xml:id="ParlaMint-HU_2017-04-03-interpellation-IC7_14706" who="#SzilárdIstvánNémeth" ana="#regular"><kinesic type="noise"><desc>NÉMETH SZILÁRD ISTVÁN (Fidesz): Köszönöm a szót, elnök úr. Tisztelt Államtitkár Úr! Az elmúlt években hazánk és az Európai Unió mindennapos témájává vált az illegális bevándorlás megakadályozása, illetve a már schengeni övezeten belül tartózkodó illegális migránsok tagállamok közötti kötelező elosztása. Szinte nincs olyan európai uniós csúcs, ahol a vezető témák között ne lenne jelen a migráció kérdése. Nem szükséges sokáig beszélni arról, hogy miért vált ez ilyen kiemelkedő kérdéssé napjainkra. Nizza, Párizs, Köln, Brüsszel, Berlin vagy éppen London. Ezen városok hallatán sajnos ma már nem az jut eszünkbe, hogy milyen csodálatos sétát lehet tenni Párizsban a Szajna partján, Berlinben a Brandenburgi kapunál vagy éppen Londonban a Westminster-palotánál, hanem sokkal inkább azt látjuk, hogy e városok polgárainak rettegésben kell élniük, tartva egy újabb és váratlan terrortámadástól. Fontos feltenni a kérdést, hogy minek köszönhetjük ezt, hogyan jutottunk el idáig. Az EU vezetői csak a sokadik, emberéleteket követelő terrortámadás után kezdtek el gondolkodni azon, hogyan lehetne feltartóztatni a szüntelenül érkező migránsáradatot. Ennek egyik lépése lehetett volna az EU és Törökország között létrejött megállapodás. A megállapodás szerint a török felségvizeken elfogott migránsok visszakerülnek Törökországba, bővítik az embercsempészek elleni intézkedéseket, valamint a Törökországból Görögországba átjutott, védelemre nem szoruló migránsokat a törökök automatikusan visszafogadják. A megállapodásért cserébe Törökország természetesen számos feltételt szabott az Európai Unió részére, amelyek között volt a vízumszabályok enyhítése, valamint hárommilliárd euró összegű támogatás folyósítása a migráció kezelésére. Tisztelt Államtitkár Úr! Törökország néhány hete kilátásba helyezte a megállapodás teljes felmondását, az Európai Uniónak pedig erre az esetre sem áll rendelkezésre egy B-terve. Így ma már sajnos kijelenthetjük, hogy az EU migrációs politikája ismételten megbukott, a megállapodás csődöt mondott. Meglátásom szerint rendkívül felelőtlen és észszerűtlen politika volt Európa biztonságát egy ilyen törékeny megállapodásra alapozni. Amennyiben Törökország valóban beváltja fenyegetését, úgy migránsok százezrei ostromolhatják ismét déli határvidékünket. Tisztelt Államtitkár Úr! A magyar emberek azért bíznak a kormány migrációs politikájában, mert az a határvédelmen alapul. Kérdezem tisztelt államtitkár urat, hogy amennyiben Törökország felmondja a megállapodást, úgy képesek leszünk-e kezelni a hirtelen meginduló, százezres nagyságrendű emberáradatot. Várom államtitkár úr megtisztelő válaszát. Köszönöm szépen</desc></kinesic>
<kinesic type="applause"><desc>Taps a kormánypártok soraiban.</desc></kinesic>
</u>
        <u xml:id="ParlaMint-HU_2017-04-03-interpellation-IC7_14707" who="#TamásSneider" ana="#regular"><note>SNEIDER TAMÁS (Jobbik):</note>
<seg xml:id="IC7_14707.1">Tisztelt Elnök Úr! Tisztelt Ház! Tisztelt Képviselőtársaim! Március 14-én fideszes, kereszténydemokrata és szocialista politikusok közösen nyújtották be azt a törvényjavaslatot, amelynek elfogadása esetén a hatvani Grassalkovich-kastély tulajdonjogát ingyenesen átadnák az Országos Magyar Vadászkamarának. A 2013-ban 3,1 milliárd forint uniós forrásból felújított, ma nagyságrendileg 5 milliárdot érő épület elajándékozása még a mai korrupt világunkban is szokatlan. Előrebocsátom, hogy nem a politikai bulvár szintjén kezelem azokat a híreket, amelyek a vadászó politikusokról szólnak, ez pártállástól függetlenül szerintem minden fideszes és MSZP-s szíve joga. Az egyébként költséges hobbi a vadgazdálkodás szerves részét képezi, úgy gondolom, hogy ez nem egy ördögtől való dolog. Ami viszont már inkább kérdéseket szül, az az, hogy a törvényjavaslat egyik benyújtójának, Bárándy Gergelynek az édesapja éppen a vadászkamara etikai bizottságának az elnöke</seg>
<seg xml:id="IC7_14707.2">(Z. Kárpát Dániel: Micsoda véletlen!)</seg>
<seg xml:id="IC7_14707.3">Mélyen sérti a hatvani polgárokat, hogy erről senki nem kérdezte meg őket. Érthető a felháborodás, hiszen téglajegyek vásárlásával támogatták a kastély felújítását. Akkor, amikor a pénzüket kellett erre a nemes célra feláldozni, akkor szükség volt a hatvaniakra, amikor elveszik a kastélyt tőlük, akkor viszont meg sem kérdezik őket. Tisztelt Államtitkár Úr! A Grassalkovich-kastély amellett, hogy közvagyon, Hatvan város szimbóluma is. Nem mindegy, hogy ki gyakorolja a tulajdonjogokat, milyen célra használja az épületet és milyen feltételekkel. Magam és politikai közösségünk nevében is elmondhatom, hogy a Jobbik mindig nyitott volt a párbeszédre, a viták lefolytatására, önök azonban ebben az esetben inkább a könnyebb utat választották, azaz a hatvaniak megkérdezése nélkül, nagykoalíciót alkotva megpróbálták keresztülvinni ezt a kezdeményezést. Magyarország vagyonának a kijátszása alapvetően a szocialista kormányzás alatt lett csúcsra fejlesztve, önök viszont láthatóan ott folytatják, ahol ők befejezték. A választópolgárok akarata 2010-ben világosan megmutatta, hogy nem kérnek abból a politikából, amely a nemzeti vagyont, az uniós forrásokat magánkezekbe játssza. Az állam, ha valóban segíteni akar, akkor támogassa a hatvaniakat azon törekvésükben, hogy a közös kincsüket megőrizzék utódaiknak, és még véletlenül se fordulhasson elő, hogy egy oligarcha vagy egy helyi földesúr rátehesse a kezét.Tisztelt Államtitkár Úr! Visszavonják-e a törvényjavaslatot, megmarad-e a hatvaniak tulajdonában a Grassalkovich-kastély? Kérem, erre válaszoljon. Köszönöm szépen, hogy meghallgattak</seg>
<kinesic type="applause"><desc>Taps a Jobbik soraiban.</desc></kinesic>
</u>
        <u xml:id="ParlaMint-HU_2017-04-03-interpellation-IC7_14712" who="#ÁgnesKunhalmi" ana="#regular"><note>KUNHALMI ÁGNES (MSZP):</note>
<seg xml:id="IC7_14712.1">Köszönöm szépen. Tisztelt Államtitkár Úr! A Magyarországon működő Közép-európai Egyetem az ország egyik legjobb felsőoktatási intézménye. A CEU minden évben a legelőkelőbb helyen végez a különböző egyetemi rangsorokban a magyar egyetemek közül. Diákok százainak ad használható, modern, mély tudást, a tudományterületük legismertebb és legkiválóbb képviselői oktatnak az egyetemen. Magyarországnak a CEU pénzt, megbecsülést, művelt és okos diplomás diákokat ad. A CEU képzéséről számos magyar vezető került ki, még a kormánynak és a Fidesz európai képviselőcsoportjának is van olyan tagja, aki a Közép-európai Egyetemen végzett. Az egyetem &#8209; és ez talán az egyik legfontosabb &#8209; ösztöndíjakkal támogat nagyon szegény, mélyszegénységből kikerülő magyar diákokat is, akiknek a CEU nélkül esélyük sem lenne arra, hogy ilyen színvonalú oktatáshoz jussanak. Hozzáteszem: anno a miniszterelnök sem jutott volna a CEU nélkül egy tapodtat sem előrébb</seg>
<seg xml:id="IC7_14712.2">(Felzúdulás, derültség, közbekiáltások a kormánypártok soraiból, köztük dr. Rétvári Bence: Ez kicsit erős!)</seg>
<seg xml:id="IC7_14712.3">Tehát nincs fontosabb érdek annál, hogy ez a rendszer Magyarországon megmaradjon</seg>
<kinesic type="noise"><desc>Zaj, közbeszólások a kormánypártok soraiból. &#8209; Az elnök csenget.</desc></kinesic>
<seg xml:id="IC7_14712.4">Tisztelt Államtitkár Úr! Kérdezem öntől, miért sodorják még mélyebb tudásválságba Magyarországot, és felmérték-e a valódi következményeit ennek a lépésnek, vagy csak, ahogy Lánczi úr, az önök házirektora fogalmazott: önöket már tényleg nem az ország, csak a lopás érdekli</seg>
<kinesic type="applause"><desc>Taps az MSZP soraiban. &#8209; Felzúdulás, közbeszólások a kormánypártok soraiból.</desc></kinesic>
</u>
        <u xml:id="ParlaMint-HU_2017-04-03-interpellation-IC7_14713" who="#LászlóSzakács" ana="#regular"><note>DR. SZAKÁCS LÁSZLÓ (MSZP):</note>
<seg xml:id="IC7_14713.1">Köszönöm a szót, elnök úr. Tisztelt Képviselőtársaim! Tisztelt Államtitkár Úr! Természetesen azt a címet is adhattam volna ennek az interpellációnak, hogy mi az, amit önök tesznek a cukorbetegekért ma Magyarországon. Nagyon sokan megkeresnek minket fogadóóráinkon. Nagyon sok, cukorbetegekkel eltöltött klubdélutánon, a szervezeteikkel eltöltött beszélgetésen vagyunk túl, és rengeteg kérdéssel találnak meg bennünket. Nyilvánvalóan tudjuk, hogy ez az egyik legfontosabb anyagcserezavar, amelyek közül az I. és II. típusú diabéteszhez másfajta terápiák, másfajta gyógymódok tartoznak. 2004-ben talán félmillióra becsülték Magyarországon a cukorbetegek számáta, azóta már közel 800 ezren küzdenek ezzel a betegséggel, és mellettük egyébként nagy valószínűség szerint a II. típusú diabétesszel küzdők számát, akiknél a tünetek még nem feltétlenül jelentkeznek, körülbelül 390-400 ezerre becsülik, tehát azokét, akik még nem is jelentkeztek az orvosoknál, még nem regisztráltak, és nem tudjuk róluk azt, hogy cukorbetegek-e. Azt látjuk, hogy rengeteg problémával küzdenek, nagyon sok kérdést tesznek nekünk föl akkor, amikor találkozunk velük. Ezért most én ezeket államtitkár úrnak az interpelláció keretében elmondanám. Pontosan mennyi I. és II. típusú diabéteszes beteget tartanak ma számon? 2010 óta miként változott a betegek száma? Mennyi embert kezelnek érszűkülettel, és pontosan mennyi amputációt végeztek az elmúlt éveken a diabétesz következményeként? Mennyi ember hal meg évente Magyarországon a cukorbetegségben vagy annak szövődményeiben?Az elmúlt évben milyen lépéseket tettek a megelőzés érdekében? Az egészségbiztosítás rendszerén belül milyen összeggel támogatják a cukorbetegeket? Ma Magyarországon milyen támogatásokat igényelhetnek a különböző cukorbetegségekre, és milyen módon támogatja az állam a cukorbetegek által is fogyasztható termékeket? Terveznek-e bármilyen egészségnevelő programot indítani, illetve azt támogatni a kormány munkájának keretein belül? Ezt azért is kérdezem, mert azt látjuk, hogy amíg az Európai Unióban, mondjuk, Svédországban a legjobb, Bulgáriában pedig a leghatékonyabb a cukorbetegek ellátása, addig Magyarország ebben megint az utolsó helyek körül kullog; a 28 tagállamból 17. ma Magyarország a cukorbetegek ellátása tekintetében. Úgy gondoljuk, hogy ebben van dolgunk, ebben a kormánynak van dolga, ezért várom államtitkár úr megtisztelő válaszát.Köszönöm a figyelmet</seg>
<kinesic type="applause"><desc>Taps az MSZP padsoraiban. &#8209; Közbekiáltás: Úgy van!</desc></kinesic>
<seg xml:id="IC7_14713.2">(14.10)</seg>
</u>
        <u xml:id="ParlaMint-HU_2017-04-03-urgent_question-AC7_14490" who="#LászlóSzakács" ana="#regular"><note>DR. SZAKÁCS LÁSZLÓ (MSZP):K</note>
<seg xml:id="AC7_14490.1">öszönöm a szót, elnök úr. Tisztelt Képviselőtársaim! Tisztelt Elnök Úr! Muszáj megismételnem a kérdést, amit pár hete feltettem önnek, mert nemhogy nem adott választ, de annyiféle választ adott, hogy egyszerre mind nem lehet igaz.</seg>
<seg xml:id="AC7_14490.2">Köszönöm a tanácsát. Elolvastam a nekem írt leveleket. Az égegyadta világon semmi nem derül ki egyébként belőlük. Mindegyik minisztérium azt írta vissza, hogy a Nemzetbiztonsági bizottság március 1-jén megtárgyalta ezt az ügyet. De azt már nem mondták meg, hogy milyen következtetésre jutottak. Egy kivétel mégis akadt, ez a Külgazdasági és Külügyminisztérium, amely azt mondta, hogy ön a kormánytól független szerv. Ennyi volt a különbség, csak hogy összefoglaljuk a történteket.</seg>
<seg xml:id="AC7_14490.3">Hogy elmondjam az ön válaszait, készültem, megnéztem a legutóbbi jegyzőkönyvet. Tudják, arról van szó, hogy Matolcsy elnök úr azt mondta: Magyarországon a jegybank megbuktatásán keresztül akarták megbuktatni a magyar kormányt is, és erre katonai és titkosszolgálati forgatókönyv is készült, méghozzá egy NATO-szövetséges államnak a magyarországi nagykövetségén. Amikor megkérdeztük, hogy mire gondolt, először ön egy Magyar Narancs-cikket idézett. Utána azt mondta, hogy az én képviselőtársam tudta azt egyedül, hogy ez az Amerikai Egyesült Államok, majd eggyel később már azt tudta ön, hogy Kósa Lajos is tudta, és tőle idézett, és ön bízik az ő szavaiban. Olvassa vissza nyugodtan a jegyzőkönyvet, benne van! Lázár János is válaszolt nekünk ezekre a kérdésekre, majd legvégül azt mondta nekem, hogy végül is ezt mindenki tudta, csak én nem.</seg>
<seg xml:id="AC7_14490.4">Ennyiféle választ tudott adni nagyjából-egészében fél óra leforgása alatt egy olyan ügyben, amely, úgy gondolom, Magyarországon egy fontos kérdés. Ugyanis ha a jegybankelnök beszél, és ezért nagy az ön felelőssége, akkor azt azért kell hogy nagyon fegyelmezetten tegye, mert arra mozdul a gazdaság, mozdul az árfolyam. Úgy gondolom, hogy sokkal megfontoltabban kell beszélni.</seg>
<seg xml:id="AC7_14490.5">Melyik az igaz, elnök úr? Mire gondolt a négy közül? Köszönöm a figyelmet</seg>
<kinesic type="applause"><desc>Taps az MSZP padsoraiból.</desc></kinesic>
</u>
        <u xml:id="ParlaMint-HU_2017-04-03-urgent_question-AC7_14765" who="#ImreVejkey" ana="#regular"><note>DR. VEJKEY IMRE (KDNP):</note>
<seg xml:id="AC7_14765.1">Tisztelt Elnök Úr! Köszönöm a szót. Tisztelt Államtitkár Úr! Nem is olyan régen, 2015 decemberében szavazott a tisztelt Ház a T/7404. számú törvényjavaslatról, amely több más egészségügyi és egészségbiztosítási téma mellett megteremtette a lehetőségét a nemzeti egészségügyi informatikai, azaz az e-health-rendszer legfontosabb részének, az elektronikus egészségügyi szolgáltatási térnek, azaz az EESZT-nek.</seg>
<seg xml:id="AC7_14765.2">(16.50)</seg>
<seg xml:id="AC7_14765.3">Az új rendszerben nem lesz szükség papírokra, tehát a betegeknek nem kell majd magukkal vinniük dossziéban a korábbi leleteiket, és az orvosi dokumentáció sem veszhet el, mert azok a kormányzati felhőben mindig elérhetők és megtalálhatók lesznek.</seg>
<seg xml:id="AC7_14765.4">A felhőalapú elektronikus rendszerben az egészségügyi intézmények, az orvosok, a gyógyszerészek számítógépen keresztül megismerhetik a betegek korábbi adatait, vizsgálataikat, leleteiket és egészségügyi dokumentumaikat. A felhőalapú elektronikus rendszer továbbá összeköti az ellátórendszer mindhárom szintjét, valamint a háttérintézményeket, így az egészségügy összes szereplőjének adatait fogja tartalmazni. Fontos, hogy a beteg megtilthassa az egészségével és ellátásával kapcsolatos központi tárolást, és a digitális önrendelkezés során meghatározhassa, hogy ki mikor milyen esetben látja az orvosi dokumentációkat. A betegeknek az elektronikus egészségügyi szolgáltatási tér könnyebbséget, nagyobb biztonságot és gyorsabb felgyógyulási lehetőséget kínál.</seg>
<seg xml:id="AC7_14765.5">Tisztelt Államtitkár Úr! Tudomásunk szerint a közfinanszírozott egészségügyi intézmények jelentős része rendelkezik már a szükséges informatikai kapacitással. Éppen ezért kérdezem tisztelt államtitkár urat: mikor indulhat el az e-egészségügyi szolgáltatási rendszer Magyarországon. Várom államtitkár úr megtisztelő válaszát</seg>
<kinesic type="applause"><desc>Taps a kormánypártok soraiban.</desc></kinesic>
</u>
        <u xml:id="ParlaMint-HU_2017-04-03-urgent_question-AC7_14766" who="#ÁkosHadházy" ana="#regular"><note>DR. HADHÁZY ÁKOS (LMP):</note>
<seg xml:id="AC7_14766.1">Köszönöm szépen, elnök úr. Tisztelt Miniszter Úr! Legutóbb Hódmezővásárhelyről beszéltünk, most Szekszárdról beszélnénk. Annyit kell tudni, hogy ott van három jó barát, Horváth István képviselő úr, Amrein Károly, a Gemenc Volán - most már máshogy hívják - igazgatója és egy Opel-kereskedő nagyon jóban vannak, vadásztársak is. Történt egy olyan affér, hogy a Gemenc Volán a paksi telephelyét eladta 2009-ben Horváth Istvánnak és az Opel-kereskedő közös cégének 180 millió forintért, másnaptól viszont évente 25 millió forintért visszabérelte tőle a Gemenc Volán, majd nagyon hamar megjelent az MVM Informatika Kft., amely Paks II. informatikai cége, és 55 millió forint/évért a másik felét kibérelte ennek a területnek. Tehát az egyik felét a Gemenc Volán visszabérelte, ahol a buszok vannak, az irodaházrészét pedig a Paks II. Informatika bérelte. Összesen tehát 80 millió forintban fáj ez az államnak. Tehát 180 millióért adta el a Gemenc Volán, gyakorlatilag hat év alatt - hatszor 25 millió forintjával - visszafizette neki a Gemenc Volán, és ez évben ismét meghosszabbították.</seg>
<seg xml:id="AC7_14766.2">Nyilvánvalóan szükség volt a buszok tárolására, de ismét meghosszabbították 25 millió forint/évért a bérleti szerződést, sőt 6 ezer forint/óráért még vállalta a buszok szervizelését is ez a cég. De mellette bejött, hogy az irodaházat pedig Paks II. fogja bérelni tőle.</seg>
<seg xml:id="AC7_14766.3">Azt kérdezem, ön szerint véletlen-e, hogy ezt a területet rögtön kibérelte az atomerőművet üzemeltető MVM Informatika vagy az MVM Zrt., illetve mi a véleménye erről az ügyről, ami nagyon hasonlít arra, amikor a balatonőszödi üdülőt Gyurcsány Ferenc cége lízingelte, utána pedig azt visszabérelte tőle az állam. Köszönöm szépen.</seg>
</u>
        <u xml:id="ParlaMint-HU_2017-04-03-urgent_question-AC7_14767" who="#IstvánIkotity" ana="#regular"><note>IKOTITY ISTVÁN (LMP):</note>
<seg xml:id="AC7_14767.1">Köszönöm, elnök úr. Tisztelt Ház! Tisztelt Miniszter Úr! A Fidesz felpörgette a kultúrkampfot, nekimentek a CEU-nak a korábbi propagandaszólamokkal, és a külsőellenség-keresést kormányzati cselekvéssel is igazolni akarják. De vajon felmérték-e ennek a következményeit? Felmérték-e azt, hogy mivel jár Magyarország egyik legsikeresebb, nemzetközi szinten elismert egyetemének az ellehetetlenítése? Számolnak-e azzal a szégyennel, a nemzetközi megítélésünk romlásával számolnak-e? Számolnak-e a versenyképességünk csökkenésével</seg>
<seg xml:id="AC7_14767.2">(Dr. Rétvári Bence: A CEU-nak köszönhető Magyarország versenyképessége?)</seg>
<seg xml:id="AC7_14767.3">Számolnak-e azzal, ami jó példa, máris a napokban előjött, hogy román politikusok kedvet kapnak ugyanilyen indokok alapján bezáratni romániai magyar egyetemeket? Számolnak-e azzal, hogy magyar kutatóknak korlátozza a lehetőségét, ha esetleg ez az egyetem majd odébbáll, és máshol keres otthont magának? Bizony a CEU könyvtára egy olyan könyvtár, ami nagyon keresett, és ami ott megtalálható, az máshol Magyarországon nem.</seg>
<seg xml:id="AC7_14767.4">A CEU melletti kiállás nem ideológiák melletti kiállásról szól a mi részünkről, azt gondolom, hogy itt jóval több mindenről van szó. Az LMP ugyanezt megtenné, ha a Pázmány vagy a Károli Egyetemet érné ilyen támadás. Gyakorlatilag nincs olyan szereplője jelenleg a magyar nyilvánosságnak, szakmai, tudományos közéletnek, felsőoktatási szférának, aki ne ítélné el a kormány ezen lépését. A Fidesz-KDNP, úgy érezzük, most mindenkivel szembemegy, sikerült újra megosztani az országot, ahelyett, hogy ha van is probléma egy külföldi egyetemmel, akkor azt konstruktív párbeszéd keretein belül igyekeznének, próbálnák rendezni. Nem a középutat, nem a közös nevezőt keresik, hanem erőből nyomnak át mindent.</seg>
<seg xml:id="AC7_14767.5">Tisztelt Miniszter Úr! Miért csinálják ezt? Tényleg fontosabb a kormánypropaganda alátámasztás</seg>
<kinesic type="signal"><desc>Az elnök a csengő megkocogtatásával jelzi az idő leteltét.</desc></kinesic>
<seg xml:id="AC7_14767.6">, mint a felsőoktatás egyik legsikeresebb intézményének a működése? Várom válaszát</seg>
<kinesic type="applause"><desc>Taps az ellenzéki padsorokban.</desc></kinesic>
</u>
        <u xml:id="ParlaMint-HU_2017-04-03-urgent_question-AC7_14769" who="#ZoltánMagyar" ana="#regular"><note>MAGYAR ZOLTÁN (Jobbik):</note>
<seg xml:id="AC7_14769.1">Köszönöm a szót, elnök úr. Tisztelt Ház! Államtitkár Úr! „Ezt ne csináld a jövőben, legalábbis, ha nem akarsz ebből problémát” - így szólt Czerván György államtitkár úr fenyegetőzése, amit ifjabb Bozsik József irányába tett. Ez egy eléggé zsarolásszagú telefonbeszélgetés, ami napvilágot is látott, és egy újabb ékes példája annak, hogy a Fidesz hogyan is kezeli ezeket a helyzeteket, pedig ifjabb Bozsik Józsefnek semmi más bűne nem volt, mint hogy szakmai alapon kritizálta azokat a nagy lovasberuházásokat, és itt kiemelten mondhatom Szilvásvárad példáját, amelyek bizony szakmai szempontból kifogásolhatóak.</seg>
<seg xml:id="AC7_14769.2">A fogathajtók szövetségi kapitánya, legalábbis akkor még az volt, mindenképpen felvetett olyan ügyeket is, amelyek minden bizonnyal kényesek lehetnek a beruházóra nézve, illetve magára a beruházásra, de semmiképpen nem politikai irányúak voltak, szakmai síkon maradtak, őt mégis megbüntették, és ma már nem lehet a fogathajtók szövetségi kapitánya.</seg>
<seg xml:id="AC7_14769.3">Adódnak a kérdések. Miként lehetséges, hogy ez a fedett lovarda teljesen véletlenül ismét Mészáros Lőrinc cége által építtetett? Talán ismeri, államtitkár úr, azt a problémát is, hogy egy fűtetlen nézőtérről beszélünk, ami azért Európa középén 2016-ban mégiscsak aggályos, amikor állítólag a lovassportot akarják ezzel népszerűsíteni. Remélem, nem az játszott közre, hogy az izsáki vadászházban használják ugyanezt a fűtést magáncélokra, és nem véletlen az sem, hogy ez esetben az izsáki polgármester a lovas szövetség alelnöke még mindig.</seg>
<seg xml:id="AC7_14769.4">Tehát adódik a kérdés, hogy miért Mészáros Lőrincnek kellett ezt építeni. Miért lett ez is véletlenül 1,6 milliárd forinttal több, mint ahogy eredetileg megálmodták a beruházást? És ez a komplexum a lovasszakma szerint miért alkalmatlan a feladata ellátására? Egyáltalán, államtitkár úr, a nagy lovas fejlesztési ígéretekből miért csak az valósult meg, hogy szétlopják a beruházásokat? Ezekre várom érdemi válaszát</seg>
<kinesic type="applause"><desc>Taps a Jobbik soraiban.</desc></kinesic>
</u>
        <u xml:id="ParlaMint-HU_2017-04-03-urgent_question-AC7_14770" who="#GergelyFarkas" ana="#regular"><note>FARKAS GERGELY (Jobbik):</note>
<seg xml:id="AC7_14770.1">Köszönöm a szót. Tisztelt Ház! Tisztelt Államtitkár Úr! Nem telik el olyan hét, amikor ne jelenne meg valamilyen statisztika vagy felmérés, amely azt bizonyítja, hogy nagyon komoly probléma az elvándorlás.</seg>
<seg xml:id="AC7_14770.2">Láthatjuk ezt abból, és csak két ilyen statisztikát szeretnék felidézni, hogy a 15-29 év közötti, felsőoktatásban tanuló magyar fiatalok 45 százaléka fontolgatja azt, hogy külföldön akár tartósan letelepedik. Illetve múlt héten jelent meg egy olyan hír, miszerint 2010 óta 78 ezer gyerek született külföldön magyar szülőktől. Ez azt jelenti, hogy a magyar gyerekek több mint 15 százaléka, minden hatodik gyermek külföldön látta meg a napvilágot.</seg>
<seg xml:id="AC7_14770.3">Önök tagadják a bajt, pedig ezek a számok is egyértelműen mutatják, hogy óriási a probléma. Önöknek egyetlenegy próbálkozása volt, a „Gyere haza, fiatal!” program, amely esetében talán másfél év alatt néhány tucatnyi fiatalt tudtak hazahozni. Önök levonták a következtetést: nem működik a program, és azóta sem csináltak semmit. Úgy gondolom, ez felháborító.</seg>
<seg xml:id="AC7_14770.4">Problémák sorakoznak, amik előidézik ezt az elvándorlást. Lehetne mondani az oktatási helyzetet. Nemcsak azt, hogy ilyen erőszakosan nyúlnak bele az oktatásba, mint például láthatjuk most a CEU kapcsán, vagy akár a felsőoktatásban és a közoktatásban is milyenfajta káosz uralkodik.</seg>
<seg xml:id="AC7_14770.5">Láthatjuk azt, hogy a lakhatásban milyen komoly problémák vannak, az átmeneti lakhatással, az albérletárak növekedésével egyáltalán nem foglalkoznak, vagy éppen azzal, hogy egy állami bérlakásépítési programot beindítsanak. Vagy éppen a fiatalokat az is elriasztja és külföldre űzi, hogy látják, hogy milyen jellegű korrupció uralkodik Magyarországon, és nem a tehetségen, a szorgalmon múlik, hogy ki jut előrébb, hanem azon, hogy kinek vannak jobb kormányközeli, fideszes kapcsolatai.</seg>
<seg xml:id="AC7_14770.6">Mindezek tükrében, látva a problémákat, ahhoz, hogy el tudjunk kezdeni gondolkodni közösen a megoldáson, amihez a Jobbiknak értelemszerűen számos javaslata volt eddig is és lesz ezután is, az első kérdésem az lenne államtitkár úr felé, hogy elismerik-e azt, hogy komoly a baj, hogy hatalmas probléma az elvándorlás, mert ahhoz, hogy tudjunk beszélni a megoldásról, az kell, hogy önök kimondják, hogy igenis komoly a baj. Várom megtisztelő válaszát</seg>
<kinesic type="applause"><desc>Taps a Jobbik padsoraiból.</desc></kinesic>
</u>
        <u xml:id="ParlaMint-HU_2017-04-03-urgent_question-AC7_14775" who="#TamásHarangozó" ana="#regular"><note>DR. HARANGOZÓ TAMÁS (MSZP):</note>
<seg xml:id="AC7_14775.1">Köszönöm a szót, elnök úr. Miniszter Úr! Botka László megjelenésével nyilvánvalóan megváltozott a helyzet a hazai belpolitikában, és ez világosan látszik, a fideszes kommunikációs gépezet is beindult, a hazugsággyár gyakorlatilag csúcsra járatódott, ma már Botka László és a Szeviép neve gyakrabban hangzik el a fideszes médiabirodalomban, mint - ahogy mondani szokták - a vízállásjelentés, azzal vádolják, vagy arról beszélnek, hogy szegedi cégként a Szeviép Szegedtől kapott megbízásokat, és hogy politikai kapcsolatai voltak ennek a cégnek.</seg>
<seg xml:id="AC7_14775.2">Nézzük, akkor ehhez képest mi a valóság! Tudja-e azt cáfolni, miniszter úr, hogy egyébként a Szeviép Bartha László fideszes polgármester idején kapott egyedül közvetlen megbízást, méghozzá több milliárd forintnyi megbízást, ’99-ben és 2001-ben Szeged megyei jogú várostól?</seg>
<seg xml:id="AC7_14775.3">Tudja-e a cáfolni, hogy az első Orbán-kormány alatt ez a Szeviép nevezetű cég több mint 28 megbízást kapott több tíz milliárd forint értékben a magyar kormánytól, fideszes polgármesterektől és önkormányzatoktól, többek között Hódmezővásárhelytől is? Tudja-e cáfolni, ha a politikai kapcsolatokról beszélünk, miniszter úr, hogy Pistrui László, aki az egyik vádlottja az ügynek, korábban közös cégben dolgozott és tulajdonostársa volt Tímár Lászlónak, Szeged fideszes alpolgármesterének?</seg>
<seg xml:id="AC7_14775.4">És kérem, cáfolja, ha tudja, hogy Baranyi Sándor, az ügy másik vádlottja, aki ellen már a vádemelés is megtörtént, a 2010-es kormányváltás után a Fidesz akkori kedvenc oligarchájának, Orbán Viktor volt kollégiumi szobatársának a főtanácsadója lett, miután ezt a céget bedöntötte.</seg>
<seg xml:id="AC7_14775.5">Kérem, miniszter úr, hogy ezeket vagy cáfolja, vagy ismerje el, hogy a Szeviép-ügyben a Fidesz van nyakig benne, és kérjenek bocsánatot Botka Lászlótól azért a lejárató kampányért, amit vele szemben művelnek. Köszönöm szépen</seg>
<kinesic type="applause"><desc>Taps az MSZP soraiból.</desc></kinesic>
</u>
        <u xml:id="ParlaMint-HU_2017-04-03-urgent_question-AC7_14782" who="#RóbertBalázsSimon" ana="#regular"><note>SIMON RÓBERT BALÁZS (Fidesz):</note>
<seg xml:id="AC7_14782.1">Köszönöm a szót, elnök úr. Tisztelt Államtitkár Úr! Tisztelt Képviselőtársaim! Magyarország és az Egyesült Államok gazdasági együttműködése folyamatosan gyarapszik az elmúlt időszakot figyelembe véve. Az átalakulóban lévő amerikai gazdaságpolitika új helyzetet teremt a világgazdaságban is, így a jelenlegi körülményeket tekintve Magyarország elhivatott abban, hogy erősítse versenyképességét, ugyanis bizonyossá vált, hogy soha ennyi amerikai beruházás nem volt még az országban. Az amerikai befektetések értéke napjainkban mintegy 9 milliárd dollárra rúg. Közel 1650 amerikai érdekeltségű vállalkozás tevékenykedik az országban, amelyek több mint százezer dolgozónak adnak munkát. Magyarország közös gazdasági történetet szándékozik építeni az Egyesült Államokkal, amelynek következő lépése egy új csúcstechnológiát képviselő gyár létrehozása Európában.</seg>
<seg xml:id="AC7_14782.2">(16.30)</seg>
<seg xml:id="AC7_14782.3">A Spicer fogaskerékgyártó üzemet választókerületemben, Győrben hozzák létre, ahonnan a tervek szerint a Dana cégcsoport globális vevőinek regionális megrendeléseit elégítik ki.</seg>
<seg xml:id="AC7_14782.4">Az amerikai Dana autóipari vállalatcsoport 15 milliárd forintos új beruházást indít, amelynek eredményeképpen 200 új munkahely jön létre 2020-ig. A vállalat mintegy 46 millió eurót fektet be az új gyáregység megvalósításába, ehhez a magyar kormány 2,9 milliárd forint támogatást nyújt. Az építkezés rövidesen megkezdődik, hiszen a gyár immár negyedik telephelyének alapkövét, egészen pontosan az időkapszuláját Szijjártó Péter miniszter úr jelenlétében két nap múlva helyezik el.</seg>
<seg xml:id="AC7_14782.5">Mindezek alapján kérdezem tisztelt államtitkár urat, hogy az amerikai befektetőknek is vonzó lehet-e Győr. Várom tisztelt államtitkár úr megtisztelő válaszát.</seg>
</u>
        <u xml:id="ParlaMint-HU_2017-04-03-urgent_question-AC7_14783" who="#PéterÁgh" ana="#regular"><note>ÁGH PÉTER (Fidesz):</note>
<seg xml:id="AC7_14783.1">Köszönöm a szót. Tisztelt Államtitkár Úr! Az elmúlt hetek eseményeire figyelemmel kiemelten fontosnak tartjuk, hogy az emberek véleményt nyilvánítsanak azokban a kérdésekben, amelyek súlyosan sértik, illetve érintik nemzeti szuverenitásunkat. Ezért üdvözöljük a most induló nemzeti konzultációt. Fel kell készülnünk arra, hogy nagy küzdelem vár ránk. Ezeket csak akkor tudjuk sikerrel megvívni, ha magunk mögött tudjuk az emberek támogatását.</seg>
<seg xml:id="AC7_14783.2">Az egyik ilyen küzdelemre a migrációs politikánkkal kapcsolatban számíthatunk. A Soros-támogatásokból működő migránspárti szervezetek minden eszközzel próbálnak lejáratni minket és arra kényszeríteni, hogy adjuk fel határvédelmi intézkedéseinket. Tetten érhető ez például a jogi határzár szigorításával kapcsolatos kérdésekben, illetve kritikákban.</seg>
<seg xml:id="AC7_14783.3">Mindemellett pedig sajnálatos módon úgy tűnik, hogy egy jól szervezett migránsbiznisz is zajlik. Az Európai Bíróság bangladesiek kapcsán hozott ítélete ezt egyértelműen megmutatta. A Helsinki Bizottságnak 2,7 millió forintot kellene fizetni, és még a bangladesiek 6 millióját is elvennék, pedig senki nem tudja, hol vannak most. Jogilag és erkölcsileg is felháborítónak tartjuk ezt az ítéletet, ezért arra kérjük a kormányt, hogy ne fizessen a Helsinki Bizottságnak.</seg>
<seg xml:id="AC7_14783.4">Itt szeretném kiemelni, hogy a mígránsbizniszben ez csak az első lépés lehet. Ugyanis, ha a Soros-szervezetek minden ügyben támadni fogják Magyarországot, akkor összesenjében 40-50 milliárd forintot is kiperelhetnek a magyar kormányból. Mindez persze Soros zsebébe vándorolna.</seg>
<seg xml:id="AC7_14783.5">Tisztelt Államtitkár Úr! Elfogadhatatlan, hogy rajtunk nyerészkedjenek. Világos ugyanis, hogy ez történik. Ezért az a határozott álláspontunk, hogy ezt a bírságot nem szabad kifizetni, és arra kérjük a kormányt, minden tegyen meg ennek érdekében; mindent tegyen meg annak érdekében, hogy megvédjük nemzeti szuverenitásunkat és ki tudjunk állni annak érdekében, hogy megvédjük a magyar emberek biztonságát. Köszönöm a figyelmet</seg>
<kinesic type="applause"><desc>Szórványos taps a kormánypárti padsorokban.</desc></kinesic>
</u>
      </div>
    </body>
  </text>
</TEI>
