<?xml version="1.0"?>
<TEI xmlns="http://www.tei-c.org/ns/1.0" xml:id="ParlaMint-HU_2014-12-08" xml:lang="hu" ana="#parla.sitting #reference">
  <teiHeader>
    <fileDesc>
      <titleStmt>
        <title xml:lang="hu" type="main">A Magyar Országgyűlés Korpusza ParlaMint-HU 2014-12-08 [ParlaMint]</title>
        <title xml:lang="en" type="main">Hungarian parliamentary corpus ParlaMint-HU 2014-12-08 [ParlaMint]</title>
        <title xml:lang="hu" type="sub">A Magyar Országgyűlés ülései, 7. ciklus</title>
        <title xml:lang="en" type="sub">Minutes of the National Assembly of Hungary, Term 7</title>
        <meeting ana="#parla.term" corresp="#OGY" n="7">7. ciklus</meeting>
        <respStmt>
          <persName>Miklós Sebők</persName>
          <persName>Orsolya Ring</persName>
          <resp xml:lang="hu">Parla-CLARIN TEI XML korpusz létrehozása</resp>
          <resp xml:lang="en">Parla-CLARIN TEI XML corpus encoding</resp>
        </respStmt>
        <funder>
          <orgName xml:lang="hu">CLARIN Kutatási Infrastuktúra</orgName>
          <orgName xml:lang="en">The CLARIN research infrastructure</orgName>
        </funder>
        <funder>
          <orgName xml:lang="hu">Társadalomtudományi Kutatóközpont, Eötvös Loránd Kutatási Hálózat</orgName>
          <orgName xml:lang="en">Centre for Social Sciences, Eötvös Loránd Research Network</orgName>
        </funder>
      </titleStmt>
      <editionStmt>
        <edition>2.0</edition>
      </editionStmt>
      <extent>
        <measure xml:lang="hu" quantity="17" unit="speeches">17 beszéd</measure>
        <measure xml:lang="en" quantity="17" unit="speeches">17 speeches</measure>
        <measure xml:lang="hu" quantity="5883" unit="words">5883 szó</measure>
        <measure xml:lang="en" quantity="5883" unit="words">5883 words</measure>
      </extent>
      <publicationStmt>
        <publisher>
          <orgName xml:lang="hu">CLARIN Kutatási Infrastuktúra</orgName>
          <orgName xml:lang="en">CLARIN research infrastructure</orgName>
          <ref target="https://www.clarin.eu/">www.clarin.eu</ref>
        </publisher>
        <idno type="handle">http://hdl.handle.net/11356/1388</idno>
        <pubPlace>
          <ref target="http://hdl.handle.net/11356/1388">http://hdl.handle.net/11356/1388</ref>
        </pubPlace>
        <availability status="free">
          <licence>http://creativecommons.org/licenses/by/4.0/</licence>
          <p xml:lang="hu">
            Ez a munka az alábbi licence alapján használható
            <ref target="http://creativecommons.org/licenses/by/4.0/">Creative Commons Attribution 4.0 International License</ref>
          </p>
          <p xml:lang="en">
            This work is licensed under the
            <ref target="http://creativecommons.org/licenses/by/4.0/">Creative Commons Attribution 4.0 International License</ref>
          </p>
        </availability>
        <date when="2021-03-31">2021. 03. 31.</date>
      </publicationStmt>
      <sourceDesc>
        <bibl>
          <title xml:lang="hu" type="main">A Magyar Országgyűlés ülései</title>
          <title xml:lang="en" type="main">Minutes of the National Assembly of Hungary</title>
          <idno type="URI">https://https://www.parlament.hu/ </idno>
          <date when="2014-12-08">2014. 12. 08.</date>
        </bibl>
      </sourceDesc>
    </fileDesc>
    <encodingDesc>
      <projectDesc>
        <p>
          <ref target="https://www.clarin.eu/content/parlamint">ParlaMint</ref>
        </p>
      </projectDesc>
      <tagsDecl>
        <namespace name="http://www.tei-c.org/ns/1.0">
          <tagUsage gi="text" occurs="1"/>
          <tagUsage gi="body" occurs="1"/>
          <tagUsage gi="div" occurs="1"/>
          <tagUsage gi="u" occurs="17"/>
          <tagUsage gi="seg" occurs="68"/>
          <tagUsage gi="kinesic" occurs="26"/>
        </namespace>
      </tagsDecl>
    </encodingDesc>
    <profileDesc>
      <settingDesc>
        <setting>
          <name type="address">Kossuth Lajos tér 1-3.</name>
          <name type="city">Budapest</name>
          <name type="country" key="HU">Magyarország</name>
          <date ana="#parla.sitting" when="2014-12-08">2014-12-08</date>
        </setting>
      </settingDesc>
    </profileDesc>
  </teiHeader>
  <text xml:lang="hu" ana="#reference">
    <body>
      <div type="debateSection">
        <u xml:id="ParlaMint-HU_2014-12-08-interpellation-IC7_2092" who="#DóraDúró" ana="#regular"><note>DÚRÓ DÓRA (Jobbik):</note>
<seg xml:id="IC7_2092.1">Köszönöm a szót. Tisztelt Elnök Úr! Tisztelt Államtitkár Úr! Nemrégiben felháborodott szülők jelezték felénk, hogy az új tanévben mintha megbénult volna a Hajdú-Bihar Megyei Pedagógiai Szakszolgálat működése. Hiába kérnek segítséget, a szakszolgálat vagy nem elérhető, vagy nem kapnak időpontot. Azt is elmondták, hogy szeptember óta nem járnak ki szakemberek az óvodákba, iskolákba. Ezeket a jelzéseket megerősíti az a dokumentum, ami a közelmúltban került a birtokunkba. Ebben Pappné Gyulai Katalin, a KLIK megyei vezetője elemzi a szakszolgálat mutatóit szeptember hónapra vonatkozóan. Ebből idézek:&#8222;A KLIK által működtetett intézmények nem kapnak megfelelő szakszolgálati alapellátást, a gyermekek többnyire ellátatlanok, a szakszolgálat pazarlóan működik. Továbbá túlzott mértékű az utazási költségtérítés összege, amely mögött tényleges feladatellátás nincs; a KLIK által fenntartott, illetve egyéb intézmények nincsenek, illetve alig vannak ellátva.&#8221;Ezek a sorok arra engednek következtetni, hogy nemcsak a nehéz sorsú gyerekek jogai sérülnek, hanem komoly visszaélések is tapasztalhatók az utazási költségtérítés vonatkozásában, ami már büntetőjogi kategória. Az imént idézett anyagból kiderül, hogy a szakszolgálat munkatársai szinte kizárólag a tagintézmények épületében tartózkodnak, nem utaznak iskolákhoz, ami alapvető feladatuk lenne. Dr. Bartháné dr. Kmetty Éva főigazgató asszony a KLIK felé történő adatszolgáltatás terén sem áll a feladata csúcsán, ugyanis a szakszolgálat által küldött adatok és az oktatási intézmények adatai között komoly eltérés mutatkozik az elvégzett munkával kapcsolatban.Például a debreceni iskolák adatai szerint 160 fő, a megyei pedagógiai szakszolgálat közlése szerint pedig 1683 gyermek rendelkezik logopédiai szakvéleménnyel. Az anyagból fényesen kiderül az is, hogy a szakszolgálat nem végez érdemi munkát, a tíz tagintézménynek a felében történt csak meg az oktatási intézményekkel történő teljes körű kapcsolatfelvétel. A feladatokról szintén csak a tagintézmények fele tájékoztatta az óvodákat, iskolákat. Mindössze a tagintézmények 40 százalékában felel meg a jogszabályoknak a dokumentáció. A táblázatokból az is kiderül, hogy például a hajdúhadházi tagintézményben a hét feladatkörből csak a nevelési tanácsadás működik, a többi nem. A nyíradonyi tagintézményben sem logopédia, sem gyógytestnevelés, sem nevelési tanácsadás nincs, és más munkavégzés sem folyt.A kérdéseink ennek megfelelően a következők. Meddig tűri még a tárca a gyermekek jogainak csorbítását? Terveznek-e vizsgálatot az ügyben? Ilyen munkavégzés mellett miért kapott a főigazgató asszony maximális, 80 százalékos vezetői pótlékot? Szándékukban áll-e a főigazgató asszony leváltása?Várom érdemi válaszát</seg>
<kinesic type="applause"><desc>Taps a Jobbik soraiban.</desc></kinesic>
</u>
        <u xml:id="ParlaMint-HU_2014-12-08-interpellation-IC7_2196" who="#LajosKepli" ana="#regular"><note>KEPLI LAJOS (Jobbik):</note>
<seg xml:id="IC7_2196.1">Köszönöm szépen. Elnök Úr! Tisztelt Államtitkár Úr! El kell mondjam, hogy az elmúlt héten a megváltozott külpolitikai körülmények hatására az eredetileg leadott interpellációszövegemet némileg módosítva fogom elmondani, ahogy azt megküldtem az önök részére is. Tisztelt Államtitkár Úr! Magyarország és ezen belül a magyar fogyasztók földgázzal történő és biztonságos ellátása alapvető nemzetstratégiai érdek, azt hiszem, különösen a tél kezdetén ezt mindannyian beláthatjuk. Az ukrajnai konfliktus kapcsán ismét felmerült hazánk gázellátásának forrás- és útvonal-diverzifikálása</seg>
<seg xml:id="IC7_2196.2">(14.30)Vagyis olyan alternatív megoldások keresése, amelyek az Ukrajnán keresztül érkező gázvezetékeket kiváltják. Ennek szellemében értékelődött fel hazánk számára is a Déli Áramlat gázvezeték, amely a realitásokat tekintve a legoptimálisabb megoldás lett volna. Igaz ugyan, hogy az is ugyanazt az orosz gázt szállította volna, azonban a konfliktussal terhelt térség megkerülésével jött volna Európába. A másik nagy előnye pedig az, hogy hazánkon keresztül érkezett volna, ami Magyarország számára kiemelten fontos lett volna.Egy héttel ezelőtt megtörtént Putyin és Erdo&#287;an államfők találkozója Ankarában. Azóta tudjuk, hogy a Déli Áramlat alighanem lekerült a napirendről. Jelen pillanatban azonban több alternatíva is nyitva áll Magyarország előtt. Természetesen nagyon fontos a szomszédos országokkal közös gázvezetékeink határkeresztező kapacitásainak kétirányúsítása &#8209; ez részben történt meg eddig &#8209;, azonban a Déli Áramlat valamely alternatív változatának megvalósítása nélkül csak nehezebben és drágábban lennénk képesek ezeken az útvonalakon kielégíteni Magyarország gázellátását. Ezért figyeli a Jobbik Magyarországért Mozgalom aggódva azt a politikai vihart, amelyet nem titkoltan tengerentúli nyomásnak engedve az Európai Unió kavart a beruházás megvalósításának, most már úgy tűnik, sikeres megakadályozásával.Jól látjuk Bulgária példáján, hogy mire képes az ellentétes érdek, az energiaforrások és szállítási útvonalak feletti rendelkezésért folytatott világméretű küzdelem: kormányokat távolít el a helyéről, független államok belügyeibe avatkozik be. Magyarországon is érezhető az utóbbi hetekben, hónapokban az a nyomás, amely a két nagyhatalom küzdelmének folyományaként gyűrűzött be hozzánk. A Jobbik szilárd álláspontja ennek kapcsán, hogy nekünk, magyar politikusoknak kizárólag Magyarország energiastratégiai érdekeit szabad szem előtt tartanunk, nem engedve semmilyen irányból hatalmi nyomásnak. Fokozottan igaz ez energiaellátásunk ügyére is. Jól látható, hogy Ukrajnában a konfliktus hosszú távú elhúzódása várható. Így azt kérdezném, mivel Orbán Viktor miniszterelnök úr előszeretettel folytat látszatszabadságharcokat Brüsszel irányában, hogy ebben a kiemelten fontos kérdésben is hajlandó-e Magyarország az Európai Bizottság előtt, a többi érdekelt országgal karöltve kőkeményen és határozottan kiállni érdekeinkért és azért az alternatív megoldásért, amel</seg>
<kinesic type="signal"><desc>Az elnök a csengő megkocogtatásával jelzi az idő leteltét.</desc></kinesic>
<seg xml:id="IC7_2196.3">lehetővé teszi majd, hogy olcsón és megfelelő biztonsággal érkezzen földgáz Magyarországra. Köszönöm. Várom válaszát</seg>
<kinesic type="applause"><desc>Taps a Jobbik padsoraiban.</desc></kinesic>
</u>
        <u xml:id="ParlaMint-HU_2014-12-08-interpellation-IC7_2269" who="#LászlóSzakács" ana="#regular"><note>DR. SZAKÁCS LÁSZLÓ (MSZP):</note>
<seg xml:id="IC7_2269.1">Köszönöm a szót, elnök úr. Tisztelt Képviselőtársaim! Tisztelt Ház! Tisztelt Államtitkár Úr! A kormány XI. hó 26-án kormányhatározatban döntött a 2014-2020-as programozási időszak országos jelentőségű közúti, vasúti és vízi közlekedési, városi és elővárosi közlekedési fejlesztéseiről és azoknak az indikatív listájáról. Ebben a Bóly és Ivándárda közötti út meghosszabbítása már nem autópályaként, hanem kétszer egysávos, ugyan három sáv széles, de kétszer egysávos autóútként került csak betervezésre. Eszerint nem voltak igazak azok az ígéretek, amelyeket önök a kampányban tettek, nem hosszabbítják meg a 67-es főutat az országhatárig, nem épül híd a Dráván, és az autópályát sem építik tovább Pécstől az országhatárig. A döntés magyarázata, hogy eredetileg az autópályának tervezett szakaszt azért nem lehet most megépíteni, mert a költségeket EU-s forrásokból kívánják előteremteni, márpedig az uniós eljárás folyamán a jelenlegi forgalmi adatokkal nem lehet ezt a forráslehívást megindokolni. Ez azonban azt jelenti &#8209; figyelemmel arra, hogy ez a terv 2014-től 2020-ig tart &#8209;, hogy ebben nem is lesz változás 2020-ig, 2020-ig nem épül meg az autópálya és nem lesz híd a Dráván. Pedig 2010-ben Orbán Viktor Baranya megyében járt, és már az elkerülő útról is nyilatkozott a megyei lap online változatának, amikor is azt mondta az M60-as elkerülő útról, hogy ezt tekinthetik elintézett ügynek, a következő évi költségvetésben ez szerepelni fog. Pontosan idézem: &#8222;A helyzet tarthatatlan, ilyet nem lehet tenni egy várossal.&#8221; Ezt mondta Orbán Viktor 2010-ben, és ez azt jelentette volna, hogy 2011-ben be kellett volna hogy fejezzék a pécsi elkerülőt, ám ma sincs készen. 2014 decemberét írjuk, és e szerint a kormányhatározat szerint 2015 júniusáig tervezik ezt önök befejezni. De kitüntetett figyelmet kap Pécs városa, hiszen Pécs az egyetlen olyan megyeszékhely, ahol az elkerülő utat, az előbb is hivatkozott M60-as utat csak autópálya-matricával lehet használni, csak fizetős útként lehet használni. Ilyen figyelmet, ilyen kedves, kellemes ajándékot egyetlenegy megyeszékhely sem kapott. A szaktárca államtitkára azt mondja, hogy a Nemzeti Fejlesztési Minisztérium nem tervezi a díjmentesen igénybe vehető útszakaszok körének bővítését. A Pécs déli elkerülő az e-útdíjas és e-matricás rendszerben is fizetős M60-as folytatásaként fog megépülni. Ezt nyilatkozta a szaktárca. Államtitkár Úr! A repülőtér kihasználatlansága, az útfejlesztések elhalasztása, a külföldi városokkal való vasúti vonalak megszüntetése egyértelműen lecsúszó pályára helyezi Baranya megyét. A kampányígéretek szavatossága lejárt. Kérdezem miniszter úrtól, hogy kívánják-e folytatni az autópálya-építést, mikor fejezik be a déli elkerülőt, és tervezik-e 2020 előtt az autópálya befejezését. Köszönöm a figyelmet</seg>
<kinesic type="applause"><desc>Taps az MSZP soraiban.</desc></kinesic>
</u>
        <u xml:id="ParlaMint-HU_2014-12-08-interpellation-IC7_2279" who="#RózsaHoffmann" ana="#regular"><kinesic type="noise"><desc>DR. HOFFMANN RÓZSA (KDNP): Köszönöm szépen, elnök úr. Tisztelt Államtitkár Úr! &#8209; mert gondolom, ön fog válaszolni. Az Emberi Erőforrások Minisztériuma november 24-én önkéntes munkát népszerűsítő kampányt indított el, amely a december 5-ei önkéntesek világnapjáig tart, pontosabban most már tartott. A kampány szlogenje: &#8222;Nem elég egy gondolat, szükséges az akarat is, amelyet tettek követnek: vállalj te is önkéntes munkát!&#8221; Az akcióval a minisztérium célja az, hogy felhívja a figyelmet az önkéntesen vállalt tevékenységek széles körére, valamint az önkénteseket foglalkoztató szervezetekre, intézményekre. Az önkéntességet gyakran ételosztással azonosítják, holott jóval többről van szó, hiszen majd&#8217; mindenki találhat magának olyan tevékenységet, amit egy jó cél szolgálatában végez, és még örömét is leli az adott munkában. Mindezek fontosságát a Fidesz-KDNP-kormányzat már korábban felismerte, és 2011-ben a köznevelésről szóló törvényben törvénybe foglalta a közösségért végzett munka széles körben való megismertetését és elterjesztését, így az érettségi bizonyítvány megszerzésének feltételévé tette az 50 óra közösségi szolgálat elvégzését és annak igazolását. Bár az önkéntesség nem ugyanaz, mint a közösségi szolgálat, hiszen motivációjukat tekintve különböznek, mégis azt remélhetjük, hogy a közösségi szolgálat a későbbiekben azt az eredményt fogja elérni, hogy a társadalom nyitottabbá válik az önkéntességet illetően. Közös eleme a közösségi szolgálatnak és önkéntességnek, hogy mind a két tevékenység közhasznú célt szolgál, a munkát elvégző személy és a környezete is többé, értékesebbé válik, hiszen mindenki olyan értékek birtokába jut, amelyek megerősíthetik a közösségi elköteleződés és felelősségvállalás tudatát.Mindezek alapján tisztelettel kérdezem államtitkár urat: milyen visszajelzések érkeztek a közösségi szolgálattal kapcsolatban a diákok és a tanárok részéről? Érezhető-e az új rendszer hatása az önkéntességet vállalók számában? Végül: javuló tendenciát mutat-e a magyar önkéntesek száma európai összehasonlításban? Várom államtitkár úr megtisztelő válaszát</desc></kinesic>
<kinesic type="applause"><desc>Taps a kormánypárti padsorokban.</desc></kinesic>
</u>
        <u xml:id="ParlaMint-HU_2014-12-08-interpellation-IC7_2281" who="#R.BenedekSallai" ana="#regular"><note>SALLAI R. BENEDEK (LMP):</note>
<seg xml:id="IC7_2281.1">Köszönöm szépen a szót, elnök úr. Tisztelt Országgyűlés! Tisztelt Államtitkár Úr! Szeretettel köszöntöm újra körünkben. Múlt héten nem nagyon tetszett megérteni a kérdést, ezért most nem próbálkozom összefoglalással, hanem felolvasom inkább, hogy biztos legyen. A Fidesz-kormány állami földhaszonbérleti pályázati rendszere bizonyítottan lehetőséget ad a visszaélésre, ugyanakkor a jogorvoslatra nem &#8209; teszem ezt az állítást. A földpályázatokba 40 százaléknyi szubjektíven adható pontszám lett beleépítve annak érdekében, hogy azok tetszés szerint legyenek elbírálhatók. A pályázó gazdák továbbá nem kapnak indoklást az eredményeikről, és a bírálati lapokat sem ismerhetik meg, így nehezen lehet mire alapozni adott esetben egy peres eljárást. A vesztes pályázatokat ugyanakkor az NFA visszaküldi a pályázóknak, eltüntetendő a nyomokat. A lehetetlen helyzet a közelmúltban vált újra nyilvánvalóvá, amikor a Kishantosi Vidékfejlesztési Központ a Pest megyei Központi Kerületi Bíróságon első fokon pert vesztett a magyar állam és a Nemzeti Földalapkezelő ellen indított perben. Ebben a vidékfejlesztési központ megtámadta a kishantosi földekre kiírt pályázatokat, azok bírálatát és magát a szerződést, mivel olyan pályázó nyert, aki álláspontja szerint nem felelt meg a pályázati feltételeknek. A bíróság első fokon elutasította az ökológiai gazdaság keresetét arra hivatkozással, hogy a bíróságok kizárólag a szerződések érvényességét vizsgálhatják, magukat a pályázatokat nem. Ebből az következik, hogy a Nemzeti Földalap tulajdonképpen annak adhatja az állami földeket, akinek akarja.(14.40)Vagyis, ahogy azt már régebben is gyanítjuk, akár színlelt pályáztatás is történhet az állami földek ügyében. A pályázatok jogszerűségének vizsgálata igencsak időszerű lenne a kormány részéről, különösen az utóbbi időben feltárt több, nyilvánvaló szabálytalanság és visszaélés fényében is. A közelmúltban derült ki, hogy az Orbán Viktor miniszterelnök úr által kezdeményezett kormányzati ellenőrzési hivatali vizsgálat hibákat talált a Hortobágyi Nemzeti Park Igazgatóságához tartozó földbérletek pályázatainak ügyében. A vizsgálati földbérleti ügyek 5 százaléka bizonyult hibásnak, illetve további 10 százalékuk volt kérdéses. Hogy mi is történt valójában, azt nem fogjuk megtudni, mert a jelentést tíz évre titkosították. Közben ugye, más ellenzéki pártnak valahogy sikerült betekintést nyernie, és a sajtónyilvánosság azért hozott ebből néhány dolgot a beadás óta, ugye, ennyi kiderült. Elég 15 százaléknyi problémás állami földbérlet egy nemzeti parkhoz ahhoz, hogy áttekintse a kormány a földpályáztatás rendszerét? A kormánytól több alkalommal is felszólítást kaptunk arra az elmúlt években a földügyekkel kapcsolatban, hogy ha tudomásunk van bármilyen jogsértésről, kötelességünk, hogy a jogi eljárásokat megindítsuk. Nos, ebben az esetben a Kehi feltárta a visszaéléseket, majd tíz évre titkosította azokat. Hogyan indítsunk bármilyen eljárást, hogyha nincs jogorvoslati lehetőség, és nem jutunk hozzá az adatokhoz? A Lehet Más a Politika szerint az előbb említett bírói döntés fontos kérdéseket vet fel az állami földpályázatokkal kapcsolatban. Miután már számtalan esetben bizonyosodott be, hogy lehetséges a visszaélés az állami földpályázatoknál, sőt az már a kormányfőnek is feltűnt, hogyan lehet az, hogy továbbra sincs lehetőség a földpályázatok jogszerűségének a vizsgálatára? Erre várom tisztelettel a válaszát államtitkár úrnak. Köszönöm szépen</seg>
<kinesic type="applause"><desc>Szórványos taps az LMP soraiból.</desc></kinesic>
</u>
        <u xml:id="ParlaMint-HU_2014-12-08-interpellation-IC7_2282" who="#LászlóVarga" ana="#regular"><note>DR. VARGA LÁSZLÓ (MSZP):</note>
<seg xml:id="IC7_2282.1">Köszönöm a szót, elnök úr. Tisztelt Államtitkár Úr! Tisztelt Képviselőtársaim! Miskolc újra negatív hírekkel került a lapok címoldalára, sajnos ismét súlyos közbiztonsági problémák kapcsán. Az elmúlt néhány hónapban ugyanis több súlyos bűncselekmény, így több nemi erőszak is történt a városban, két esetben fényes nappal, nyílt utcán.Szeptemberben járta be a sajtót az a hír, hogy az Avason egy gimnázium közelében támadtak meg egy nőt közterületen; menekülni próbált, a támadó többször is megszúrta áldozatát, majd elmenekült a helyszínről, csak a szakszerű és gyors orvosi beavatkozás mentette meg a hölgy életét. Mintegy két héttel ezelőtt egy erőszaktevő a nyílt utcán, a Szent Anna tér közelében, pár száz méterre két középiskolától támadta meg 20 év körüli áldozatát, akit egy bokros részre vonszolt. Mindez délután, fényes nappal történt. Az elkövető ugyan meglett, de azután, hogy egy 60 éves nőhöz tört be, illetve támadt rá. Szintén az elmúlt napokban egy nagyon-nagyon súlyos bankrablás híre is bejárta a sajtót.Bár sok más erőszakos bűncselekmény is történt a városban, nemrég a fideszes többségű közgyűlés elfogadta a közrendet és közbiztonságot érintő folyamatokról szóló beszámolót. Eszerint a közrend, közbiztonság megszilárdult. Ezzel szemben két éve látott napvilágot az az adat, hogy egyik évről a másikra mintegy 40 százalékkal nőtt az ismertté vált bűncselekmények száma a városban.Nyilván ennek a hatalmas problémának a megoldását csak komplex módon lehet megoldani: folyamatos rendőri jelenlét mellett, rendszeres hatósági ellenőrzés, polgárőrség támogatása, térfigyelő kamerarendszer fejlesztése, közvilágítás javítása, a szociális problémák kezelése és felvilágosító kampányok is szükségesek. Fontos volna a rendőrségbe vetett állampolgári bizalom növelése is, hiszen az a tapasztalatunk, hogy a kisebb súlyú bűncselekményeket már be sem jelentik a rendőrségnek, hiszen nem sok reménye van az állampolgároknak, hogy meglesz az elkövető.Nagy probléma az állomány leterheltsége, az elvándorlás, az állandó fluktuáció. A legalapvetőbb feltételekkel is probléma van álláspontom szerint a rendőrségnél. Mindeközben a Terrorelhárítási Központra tízmilliárdokat költöttek, csak ezekből az összegekből több ezer rendőrt lehetett volna szolgálatba állítani. Míg egyébként a jelenlegi állományt is egyéb feladatokkal bízzák meg, mint az e-útdíjrendszer működtetése, illetve közúti sebességmérés. Csak ez a kettő mintegy másfél ezer rendőrt terhel a mindennapokban.Önök azt ígérték 2010-ben, hogy két hét alatt rendet tesznek. Ezzel szemben sokszor a legalapvetőbb feltételek is problémát jelentenek a rendőri munkában. Lyukóba rendőrőrsöt ígértek több mint négy éve. Ebből a mai napig semmi nem lett. Kérdezem tehát államtitkár urat, ön szerint rend lett-e két hét alatt Miskolcon. Létrejön-e az önök által oly sokszor ígért lyukói rendőrőrs? Kérdezem államtitkár urat, milyen intézkedéseket terveznek Miskolc közbiztonságának javítása érdekében. Köszönöm, elnök úr</seg>
<kinesic type="applause"><desc>Taps az MSZP soraiból.</desc></kinesic>
</u>
        <u xml:id="ParlaMint-HU_2014-12-08-interpellation-IC7_2287" who="#IstvánVitányi" ana="#regular"><note>DR. VITÁNYI ISTVÁN (Fidesz):</note>
<seg xml:id="IC7_2287.1">Köszönöm a szót, elnök úr. Tisztelt Államtitkár Úr! Ma már gazdasági számokkal alátámasztott tény, hogy a kormány 2010 óta rendkívül sokat tett azért, hogy Magyarország elmozduljon a tönk széléről. A gyenge ország és a passzivitásra ítélt lakosság helyett egy erős állam és egy aktív polgárság képe rajzolódik ki immár 2014-ben. Majd&#8217; 200 ezer fővel nőtt a foglalkoztatottság, és ezzel egyidejűleg rég nem látott szintre csökkent a munkanélküliség. A kormány zászlajára tűzött teljes foglalkoztatottság eléréséhez azonban tudjuk, hogy további munkahelyteremtésre van szükség. Köztudomású, hogy egy térség munkahelyteremtő képességét nagyban befolyásolja infrastrukturális fejlettsége, amely egyrészről fontos befektetői szempont, másrészről nagyban növeli a helyi lakosság mobilitását. Az elmondottak fényében Biharban különös jelentőséggel bír a 35-ös és az M4-es autópálya fejlesztése. Álláspontom szerint rendkívül indokolt, hogy Berettyóújfalutól a határig autópálya vezessen, illetve Debrecentől déli irányba az M35-ös autópálya meghosszabbításra kerüljön Berettyóújfaluig, így csatlakoztatva a közlekedőket az M4-es úthoz. Az itt élők így könnyebben juthatnak el a fővárosba és egyéb, távolabb fekvő régiókba. A debreceni repülőtér megközelíthetősége is jelentősen javulna, elősegítve a gazdasági fejlődést és a lakosság bekapcsolódását az ország vérkeringésébe. Nagyon fontosnak tartom, hogy az autópályák mellett a vasúti közlekedés fejlesztésére is kellő figyelmet fordítsunk. A személyszállítás mellett a teherforgalom szempontjából is lényeges, hogy Püspökladánytól a román határig a vasút felújítása és villamosítása megtörténjen. Az intézkedéssel rövidülne a menetidő, és növekedne az áruszállítási lehetőség is. Mindezek alapján tisztelettel kérdezem az államtitkár urat, hogy ebben a kormányzati ciklusban megkezdődhet-e az M4-es és az M35-ös autópálya fejlesztése. Elindul-e Püspökladánytól a határig a vasútvonal felújítása és a villamosítása? Az uniós költségvetési időszak végére befejeződhetnek-e ezek az infrastrukturális fejlesztések Biharban? Várom államtitkár úr megtisztelő válaszát. Köszönöm</seg>
<kinesic type="applause"><desc>Taps a kormánypártok soraiból.</desc></kinesic>
<seg xml:id="IC7_2287.2">(14.50)</seg>
</u>
        <u xml:id="ParlaMint-HU_2014-12-08-urgent_question-AC7_2069" who="#ElődNovák" ana="#regular"><note>NOVÁK ELŐD (Jobbik):</note>
<seg xml:id="AC7_2069.1">Tisztelt Miniszter Úr! Hadd kellemetlenkedjek egy kicsit! Már amennyiben annak számít egy ön által korábban még ellenzékben benyújtott kitűnő javaslatának ismételt benyújtása, hiszen amióta ön a gazdagok kormányának tagja lett, úgy tűnik, megfeledkezik korábbi javaslatáról, de nem csak ön, az egész pártja.</seg>
<seg xml:id="AC7_2069.2">Hiszen ön a pártját képviselve tiltakozott Gyurcsány Ferenc villája előtt 2005-ben, és indítványozta a húszmillió forint feletti értékű luxususzodák, luxusmedencék megadóztatását. Azt is elmondta, hogy felháborító, hogy Magyarországnak ma olyan luxusbaloldali miniszterelnöke van, aki a közteherviselést magára nézve nem tekinti kötelezőnek. Elfogadhatatlannak nevezte, hogy - idézem - milliárdosként nem hajlandó luxusadót fizetni luxususzodája után Gyurcsány Ferenc. Mondta ezt ön nagyon helyesen, és be is nyújtott az Országgyűlés honlapján a mai napig megtalálható módosító javaslatot, amivel megadóztatta volna a húszmillió forint fölötti értékű magántulajdonú luxus-úszómedencéket.</seg>
<seg xml:id="AC7_2069.3">Ezt nyújtottam be én ismét, azonban érdekes módon, amióta önnek is egy ilyen medencéje van - amivel kapcsolatban két értékbecslő is megállapította kérdésemre, hogy ha nemcsak a köveket és az uszoda anyagát, hanem a befoglalt ingatlan értékét is belevesszük, akkor ez bizony a 20 millió forint értéket meghaladja -, úgy tűnik, hogy a lét meghatározza a tudatot az ön számára. És a gazdagok kormányában már nemhogy ezt nem merte kezdeményezni, de bizony támogatni sem akkor, amikor önök, egyébként azt gondolom, egy kicsit sunyi módon, a mamelukjaikkal lesöpörték ezt a javaslatot, amikor ismét szóról szóra azt a javaslatot nyújtottam be, amit lehetne esetleg egyébként egy kicsit máshogy is megfogalmazni, de hogy elvileg egyetlen kritikát se tudjon ön mondani ezzel kapcsolatban, és végre egy ellenzéki javaslat is megvalósulhasson itt az Országgyűlésben, hiszen a sokat emlegetett nemzeti együttműködés rendszerében valójában önök minden konstruktív javaslatot lesöpörnek, tehát ezért indítványoztam pontosan az ön javaslatát. Ezért kérdezem, hogy ön legalább így utólag elismeri-e, hogy hiba volt, hogy ezt nem támogatta; legalább ön, ha a Fidesz képviselői az elmúlt hetekben ezt le is szavazták.</seg>
<seg xml:id="AC7_2069.4">Köszönöm érdemi válaszát</seg>
<kinesic type="applause"><desc>Taps a Jobbik soraiban.</desc></kinesic>
</u>
        <u xml:id="ParlaMint-HU_2014-12-08-urgent_question-AC7_2154" who="#IldikóBangónéBorbély" ana="#regular"><note>BANGÓNÉ BORBÉLY ILDIKÓ (MSZP):</note>
<seg xml:id="AC7_2154.1">Köszönöm szépen, elnök úr. Tisztelt Miniszterelnök Úr! Tisztelt Ház! 1989-ben a Képes Hétnek adott interjúból idéznék miniszterelnök úrnak. „Apró, kétszobás vályogházban nőttem fel, ahol fürdőszoba egyáltalán nem volt, de ez nem zavart. Persze ezt városi embernek hiába magyarázom. A faluban a szélső házban laktunk, mellettünk az erdő.” „A mélyszegénységből önerőből nem vezet út felfelé. A többség, a döntéshozók jelentős része is már csak a szegénység tüneteit látja, ennek alapján ítélkezik, de az odavezető utat nem vizsgálja.” - mondja Czibere Ibolya szegénységkutató szociológus.</seg>
<seg xml:id="AC7_2154.2">Egyáltalán ki a szegény ma Magyarországon? Ezek a családok nem csupán a fizikai nélkülözéstől szenvednek, hanem szinte teljes kirekesztettségben élnek, megfosztva a többség számára természetesnek tűnő jogoktól, egészségtől, oktatástól, biztonságtól, olyan alapvetőektől is, mint például a lakhatás biztonsága.</seg>
<seg xml:id="AC7_2154.3">Régen leírták már: az elnyomorodott életet kell néznünk, nem csak az üres pénztárcát. Van-e esélye ma bárkinek kiverekedni magát ebből a helyzetből? Önerejéből biztosan nincsen. Mivel a mélyszegénység öröklődik, egymás utáni generációk ebbe születnek, ebben nőnek fel, így nem tanulhatnak meg semmilyen módot, amely elősegítené ebből a kilábalást.</seg>
<seg xml:id="AC7_2154.4">A kormány a segélyeket lenullázza, az oktatási és a szociális szféra átalakításának eredményeként a kormány egyenesen intézményesíti a szegénységet. Gyarapodni fog a szegények száma. Az utóbbi egy évben százezerrel nőtt. Most, a legújabb kutatások szerint a hét év alatti gyermekeknek a 42,4 százaléka él szegénységben.</seg>
<seg xml:id="AC7_2154.5">Mindezek miatt kérdezem miniszterelnök úrtól: ön szerint egy ugyanolyan körülmények között felnövő mai gyermeknek megvannak-e ugyanazok a lehetőségei, mint anno önnek? Ön, ha ma lenne gyerme</seg>
<kinesic type="signal"><desc>Az elnök a csengője megkocogtatásával jelzi az időkeret leteltét.</desc></kinesic>
<seg xml:id="AC7_2154.6">, tanulhatna-e gimnáziumban, egyetemen és tanulhatna-</seg>
<kinesic type="signal"><desc>Az elnök ismét csenget.</desc></kinesic>
<seg xml:id="AC7_2154.7">később a Soros Alapítvány által Amerikában?</seg>
</u>
        <u xml:id="ParlaMint-HU_2014-12-08-urgent_question-AC7_2158" who="#DóraDúró" ana="#regular"><note>DÚRÓ DÓRA (Jobbik):</note>
<seg xml:id="AC7_2158.1">Köszönöm a szót. Tisztelt Elnök Úr! Tisztelt Miniszterelnök Úr! A „Fokozatváltás a felsőoktatásban” című, irányelveket tartalmazó dokumentumban a finanszírozásról szóló részben a következőt olvashatjuk: „A közvetlen állami támogatás jelentős mértékben nem növelhető.” Ez egy nagyon súlyos kijelentés, miniszterelnök úr, és különösen annak fényében súlyos, hogy ez egy több évtizedre, egészen pontosan 15 évre meghatározza a magyar felsőoktatás jövőjét. 2010-ben, amikor átvették a kormányzást, a felsőoktatásra a költségvetésben fordított összeg 180 milliárd forint volt megközelítőleg, a 2015-ös évben a tervezett költségvetés szerint 143 milliárd forint lesz. Tehát egy közel 40 milliárd forintos csökkenésen ment keresztül.</seg>
<seg xml:id="AC7_2158.2">Ezzel kapcsolatban azt a kérdést is fel kell tegyem, hogy az EU 2020-stratégiában a kormányzat, Magyarország azt vállalta, hogy az adott korosztály 40 százalékát fogja a felsőfokú diploma szerzéséhez hozzásegíteni. Ezt az akkori miniszteri meghallgatáson az erőforrás-miniszter megerősítette. Palkovics államtitkár úr egy interjújában 33-35 százalékról beszélt.</seg>
<seg xml:id="AC7_2158.3">Ezzel összefügg az a kérdés, amit a közoktatás, egész pontosan: a középfokú oktatás átalakításával kapcsolatban a különböző államtitkárok nyilatkoztak. A gimnáziumi férőhelyek radikális csökkentésére Czomba Sándor államtitkár úr által jelzett arányban, 40 százalékos arányban kerülne sor a tervek szerint. 2013-14-ben az első évfolyamosok között a gimnáziumot megkezdők aránya 37 százalékos volt. Tehát a felsőfokú oktatásban kijelölt cél és a középfokú oktatásban előterjesztett várható módosulás nem áll összefüggésben egymással.</seg>
<seg xml:id="AC7_2158.4">Ezért arra kérném első körben a miniszterelnök urat, hogy tegye tisztába a céljaikat, és magyarázza, hogy miért nem tudnak több állami forrást a felsőoktatásra fordítani. Várom válaszát</seg>
<kinesic type="applause"><desc>Taps a Jobbik soraiból.</desc></kinesic>
</u>
        <u xml:id="ParlaMint-HU_2014-12-08-urgent_question-AC7_2314" who="#MátyásFirtl" ana="#regular"><note>FIRTL MÁTYÁS (KDNP):T</note>
<seg xml:id="AC7_2314.1">isztelt Elnök Úr!Tisztelt Államtitkár Úr! Sopron városa és térsége örömmel vette tudomásul néhány hónappal ezelőtt azt a miniszteri bejelentést, miszerint az M85-ös Csorna-Sopron közötti útszakaszt 2018-ig kétszer kétsávos gyorsforgalmi úttá fejlesztik.</seg>
<seg xml:id="AC7_2314.2">Az M85-ös gyorsforgalmi úttá bővítése, felújítása nemcsak Sopron városának és térségének fontos, de nemzeti érdek is. A gazdasági növekedés egyik motorja a főváros ugyan, de a másik, nem kevésbé fontos hajtóerő azonban a megyei jogú városokban van. Ezért is bíztak a soproniak és Sopron környékiek a kormány és a szakminisztérium korábbi bejelentéseinek alapján abban, hogy 2018-ig az autópályák országhatárig tartó kiépítésével a ciklus végéig végre megvalósul az évtizedek óta várt és ígért biztonságos, balesetmentes útfejlesztés, amelynek köszönhetően a térség évtizedes elszigeteltsége megszűnik. Mindezek ellenére a korábbi terveknek ellentmondó információk és hírek láttak napvilágot arról, hogy a tervezettel ellentétben első ütemben takarékossági okokból kétszer egysávos autóút épülne meg.</seg>
<seg xml:id="AC7_2314.3">Ez a megoldás nem szolgálja az eredetileg tervezett fejlesztés egyetlen célját sem maradéktalanul, ezért a térségben lakók és a vállalkozóik joggal fogalmazták meg azt az igényt, hogy az eredeti elképzelések szerint valósuljon meg a Csorna-Sopron-országhatár útfejlesztés. Az M85-ös kétszer kétsávos gyorsforgalmi úttá való fejlesztése a biztonságon túl ezért elengedhetetlenül fontos, mivel a térség további fejlődésének üteme fog azon múlni, hogyan tudnak kapcsolódni beruházásaikkal a gazdaság szereplői.</seg>
<seg xml:id="AC7_2314.4">Tisztelt Államtitkár Úr! Ezért kérdezem tisztelettel, hogy a korábbi bejelentéseknek megfelelően megvalósulhat-e az M85-ös Csorna-Sopron-országhatár közti szakasz még a ciklus végéig, azaz 2018-ig</seg>
<kinesic type="signal"><desc>Az elnök a csengő megkocogtatásával jelzi az időkeret leteltét.</desc></kinesic>
<seg xml:id="AC7_2314.5">Köszönöm megtisztelő válaszát</seg>
<kinesic type="applause"><desc>Taps a kormánypártok padsoraiból.</desc></kinesic>
</u>
        <u xml:id="ParlaMint-HU_2014-12-08-urgent_question-AC7_2316" who="#R.BenedekSallai" ana="#regular"><note>SALLAI R. BENEDEK (LMP):</note>
<seg xml:id="AC7_2316.1">Köszönöm szépen, elnök úr. Tisztelt Országgyűlés! Tisztelt Miniszter Úr! Köszönöm szépen, hogy megtisztelte részvételével a kérdést. Gyakorlatilag a parlagfűügyben közzétett sajtóhírek az elmúlt időszakban rámutattak konkrétan arra, hogy a 2009-ben 177 ezer adózó által felajánlott 1,1 milliárd forintból nagyon-nagyon kicsi rész ment azokra a célokra, amikre az adózóktól ezeket a forrásokat elkérték. 642 millió forint esetében a minisztérium egyszerű átcsoportosítással állami létszámleépítések költségeit finanszírozta. Így maradt még 463 millió forint, amiből, amiből újabb 20 millió forint még szintén elbocsátások pénzelésére ment, ezt követően ment szét területi szervezetekhez ez a forrás.</seg>
<seg xml:id="AC7_2316.2">A Komárom-Esztergom megyei kormányhivatalban 19 ezer forintos villanyszerelési számla; több százezres fénycsőrendezés, profi takarítócég nagytakarítása; vásároltak tetőléceket, minden szervezetnél rendszeresen nagy összegű informatikai, irodatechnikai költségekre költöttek pénzt. LCD-monitorokat vettek, az USB-szkennereken keresztül mindenféle fénymásológépek, hagyományos nyomtatók is ezekből a forrásokból valósultak meg.</seg>
<seg xml:id="AC7_2316.3">A Somogy megyei kormányhivatalban mobiltelefonokat vásároltak közel 1 millió forintért - 78 ezer forintért darabját -, másik számlájuk alapján több, 130 ezres tabletgépet vásároltak, és gyakorlatilag, ha végigmegyünk az ország különböző területein, szervezetein, a kormányhivatalokban mindenütt ezt tapasztaljuk.</seg>
<seg xml:id="AC7_2316.4">Bács-Kiskun megyében bőrből készült diplomatatáskákat, mindjárt tíz darabot vettek, darabját 92 ezer forintért, és olyan intézmény, ami a közhiteles térképészeti adatokat tartja nyilván, Budapest és környéke spirálozott autóstérképet vásárolt. Ha végigmegyünk, ezek között számos ilyen dogot találunk még. AZ OTDK-konferenciát finanszírozták ebből, és jó néhány esetben bekerült ebbe olyan még, mint például három darab cipőtisztító gép.</seg>
<seg xml:id="AC7_2316.5">Az lenne a tiszteletteljes kérdésem, miniszter úr, hog</seg>
<kinesic type="signal"><desc>Az elnök a csengő megkocogtatásával jelzi az időkeret leteltét.</desc></kinesic>
<seg xml:id="AC7_2316.6">mindez hogyan lehetséges, és hogyan fordulhat ez elő a tárcájánál. Köszönöm szépen</seg>
<kinesic type="applause"><desc>Taps az LMP padsoraiban.</desc></kinesic>
</u>
        <u xml:id="ParlaMint-HU_2014-12-08-urgent_question-AC7_2317" who="#BernadettSzél" ana="#regular"><kinesic type="noise"><desc>DR. SZÉL BERNADETT (LMP): Köszönöm a szót, elnök úr. Tisztelt Miniszter Úr! A bértárgyalások most zajlanak, de látni, hogy a kormánynak nem fontos, hogy a magyar munkavállalók bérei növekedjenek. Szeretném önt arra emlékeztetni, hogy rengeteg probléma ebben az országban az alacsony bérekkel van összefüggésben. A dolgozók szegénysége, az, hogy kevés gyermek születik, az elvándorlás problémája, mind erre vezethető vissza.</desc></kinesic>
<seg xml:id="AC7_2317.1">A Lehet más a Politika múlt héten tárgyalt a Vasas Szakszervezettel, és velük egyeztetve követeljük most azt, hogy a minimálbért a létminimum szintjére emeljék. Önök - szeretném önt erre is emlékeztetni - hibát hibára halmoztak, az egykulcsos adóval gyakorlatilag mindenki, aki átlag alatt keres ebben az országban, rosszul járt. Két és fél millió emberről beszélek, tisztelt miniszter úr, önök eltörölték az adójóváírást, de a bérkompenzáció rendszere, ön is nagyon jól tudja, nem működött. A létminimum ebben az országban 87 ezer forint, a minimálbér 66 400 forint. Ez az egyensúlytalanság nem maradhat fenn, azt gondolom, és az LMP elkötelezett, hogy ez a helyzet megszűnjön. Egyébként a választási programunkban leírtunk egy olyan megoldást, amely lehetővé tenné, hogy a munkáltatók terhei csökkenjenek, és vele egy időben a munkavállalók nettója növekedni tudjon.</seg>
<seg xml:id="AC7_2317.2">Tisztelt Miniszter Úr! Szeretném öntől arra az egyszerű kérdésre a választ megtudni, hogy önök egyetértenek-e azzal, amit a szakszervezetek követelnek, önök egyetértenek-e azzal, amit a Lehet más a Politika követel, vagyis azzal, hogy a minimálbér és a létminimum közti probléma, egyensúlytalanság megszűnjön. Szeretnék egyértelmű választ kapni. Köszönöm</seg>
<kinesic type="applause"><desc>Taps az LMP padsoraiból.</desc></kinesic>
</u>
        <u xml:id="ParlaMint-HU_2014-12-08-urgent_question-AC7_2318" who="#GáborIstvánHarangozó" ana="#regular"><note>HARANGOZÓ GÁBOR ISTVÁN (MSZP):</note>
<seg xml:id="AC7_2318.1">Köszönöm, elnök úr. Miniszterelnök úr, az önök hatalomgyakorlásának, sőt továbbmegyek, az ön hatalma bebetonozásának fontos pillére a földpályázati rendszer, vagyis a földekkel való visszaélés. A pályázatok jelentős részénél ugyanis haveroknak, rokonoknak, kiválasztottaknak játsszák át a földet úgy, hogy a helyben élő gazdálkodók, akik korábban állatokkal rendelkeztek, föld nélkül maradnak.</seg>
<seg xml:id="AC7_2318.2">Tisztelt Miniszterelnök Úr! „A pályázati rendszerrel vissza lehet élni, és vissza is éltek vele.” - írta le az ügyészség a bükki nemzeti parkos visszaéléseket vizsgáló határozatában. Tisztelt Miniszterelnök Úr! Egy pillanatra már úgy tűnt, hogy ez már önnek is kellemetlen, és amikor a Hortobágyi Nemzeti Parknál fölmerült visszaélések napvilágra kerültek, akkor ön Kehi-vizsgálatot rendelt el, és azt ígérte, hogy amíg ez a Kehi-vizsgálat nem fog lezárulni, addig senkivel nem fognak szerződést kötni.</seg>
<seg xml:id="AC7_2318.3">Nos, a szerződést mindenkivel megkötötték. A múlt héten Gőgös Zoltán képviselőtársammal bementünk a Kehibe, és megnéztük ezt a vizsgálatot. Képzeljék el, hogy az eredménye az lett a vizsgálatnak, hogy a szerződések egyharmadánál, közel egyharmadánál állapították meg, hogy nem lett volna szabad szerződést kötni, mert eleve a pályázók nem feleltek meg a pályázati kiírásnak, vagy egyszerűen hazudtak, amikor leírták a pályázatba foglaltakat. A pályázatok egynegyedénél szakmai pontok alapján nem győztek volna, hanem kizárólag a szubjektív pontok alapján lettek kiválasztva a győztesek. Az is kiderült, hogy több olyan társaság nyert, amelyik kizárólag azért jött létre, hogy megkaparintsák a pályázatok mellé járó földtámogatásokat.</seg>
<seg xml:id="AC7_2318.4">Miniszterelnök úr, ön rendelte el a vizsgálatot, ön ígérte meg, hogy nem kötnek szerződést. Miniszterelnök úr, meddig fogja tűrni azt, hogy az ön nevéhez ilyen visszaélések kapcsolódjanak</seg>
<kinesic type="signal"><desc>Az elnök a csengő megkocogtatásával jelzi az idő leteltét.</desc></kinesic>
<seg xml:id="AC7_2318.5">Kérem szíves válaszát</seg>
<kinesic type="applause"><desc>Taps az MSZP soraiban.</desc></kinesic>
</u>
        <u xml:id="ParlaMint-HU_2014-12-08-urgent_question-AC7_2319" who="#GergelyBárándy" ana="#regular"><note>DR. BÁRÁNDY GERGELY (MSZP):</note>
<seg xml:id="AC7_2319.1">Köszönöm szépen, elnök úr. Tisztelt Miniszterelnök Úr! Olvasnék négy sort az amerikai ügyvivő egy népszavás interjújábó</seg>
<seg xml:id="AC7_2319.2">(Németh Szilárd István: Egyre jobb!)</seg>
<seg xml:id="AC7_2319.3">, amely úgy hangzik, hogy „a 7750-es proklamációt nem azért alkalmazzuk, mert az illető személy nem gyakorolt megfelelő ellenőrzést a hivatal felett, amelyet vezet, hanem azért, mert maga az említett személy olyan tevékenységet, korrupt cselekményt követett e</seg>
<seg xml:id="AC7_2319.4">(Németh Szilárd István: Hol a bizonyíték?)</seg>
<seg xml:id="AC7_2319.5">, amelyre a proklamáció vonatkozik. Ha tehát valaki jelentkezik, hogy engem a 7750-es proklamáció értelmében kitiltottak, akkor az azt jelenti, hogy elismeri, hogy korrupt tevékenységben érintett.” Vida Ildikó, a NAV elnöke ezt tette, miniszterelnök úr.</seg>
<seg xml:id="AC7_2319.6">Olvasnék még két idézetet; ez már az ügyvivő Heti Válasznak adott interjújából van. Arra a kérdésre, hogy „ön tehát tud adóhatóságon belüli csalásokról?”, azt felelte, hogy „tudomásunk van ilyenről, igen”. Majd egy kicsit odébb azt mondta az ügyvivő: „Azok a bizonyítékaink vannak, amelyeket megkapott a magyar kormány is.”</seg>
<seg xml:id="AC7_2319.7">Tisztelt Miniszterelnök Úr! Az ön jó néhány minisztere az elmúlt időszakban azt mondta, nincs tudomása arról, hogy mik ezek a cselekmények, mik ezek a korrupciós cselekmények. Márpedig ez a két állítás, miniszterelnök úr, üti egymást. Én örülök annak, hogy lehetőségem van most önt megkérdezni arról, hogy akkor - egyszerűen fogalmazva - ki is hazudik ebben az ügyben.</seg>
<seg xml:id="AC7_2319.8">Gondolom, már utánanézett miniszterelnök úr ennek az ügynek, hiszen a jelentősége olyan, ami ezt mindenképpen megkívánja. Éppen ezért kérdezem miniszterelnök urat: ki meri-e jelenteni azt, hogy a magyar kormánynak és a hatóságoknak nincs tudomása arról, hogy milyen ügyek miatt tiltották ki a NAV elnökét az Egyesült Államokból, illetve hogy azokról a korrupciós cselekményekről, amikről az amerikai ügyvivő beszél, szintén nincs tudomása a magyar kormánynak? Mert ha nincs, akkor nyilvánvalóan egészen más megközelítést igényel ez az ügy.</seg>
<seg xml:id="AC7_2319.9">Várom tisztelt miniszterelnök úr válaszát. Köszönöm szépen</seg>
<kinesic type="applause"><desc>Taps az MSZP soraiban.</desc></kinesic>
</u>
        <u xml:id="ParlaMint-HU_2014-12-08-urgent_question-AC7_2322" who="#IstvánTiba" ana="#regular"><note>DR. TIBA ISTVÁN (Fidesz):</note>
<seg xml:id="AC7_2322.1">Köszönöm, elnök úr. Tisztelt Államtitkár Úr! Az augusztusi átmeneti gyárleállások okozta mérsékeltebb teljesítmény után idén szeptemberben a várakozásoknak megfelelően ismét kiemelkedő mértékben, 7,6 százalékkal bővült Magyarország ipari termelése. Az ipar egészséges szerkezetű növekedését számos tényező mutatja, a bővülést mind az export, mind a belső eladás támogatta, a feldolgozóipar tizenhárom alágából tizenkettőben is teljesítménybővülést mértek, továbbá az év első kilenc hónapjában az ország minden régiójában nőtt a termelés.</seg>
<seg xml:id="AC7_2322.2">Idén szeptemberben sorozatban tizenharmadik hónapja nőtt az ipari termelés teljesítménye, ami nemcsak a hazai export növekedéséhez, hanem új munkahelyek, új beruházások létrehozásához is hozzájárul. Az év első kilenc hónapjában a termelés 8,6 százalékkal haladta meg az egy évvel korábbi értéket, az előző hónaphoz képest 5,2 százalékkal emelkedett az ipari kibocsátás. A bővülést a járműipar kiváló teljesítménye mellett az élelmiszeripar és az elektronikus cikkek gyártásának növekedése is támogatta. A járműgyártás ismét kiugró mértékben, 16 százalékkal, a számítógép-, elektronikai, optikai termék gyártása 6,8 százalékkal, az élelmiszer-, ital- és dohánytermék gyártása 4,3 százalékkal nőtt. A textília-, ruházat-, bőr- és bőrtermékgyártásnál is folytatódott a növekedés, sőt az ágazat a legnagyobb mértékű, 21,4 százalékos bővülést produkálta az export fellendülésének köszönhetően.</seg>
<seg xml:id="AC7_2322.3">Az ipar tartós növekedését vetíti előre, hogy a feldolgozóipari ágazatok összes új rendelése 8,8 százalékkal nőtt az előző év azonos időszakához képest, az új exportrendelések 8,2, míg az új belföldi rendelések ennél is nagyobb, 12,9 százalékos emelkedést mutattak. Az összes rendelésállomány 17,2 százalékkal haladta meg a tavaly szeptemberi szintet.</seg>
<seg xml:id="AC7_2322.4">A fentiekre tekintettel kérdezem államtitkár urat: hogyan járul hozzá a hazai ipari termelé</seg>
<kinesic type="signal"><desc>Az elnök a csengő megkocogtatásával jelzi az idő leteltét.</desc></kinesic>
<seg xml:id="AC7_2322.5">jó teljesítménye a gazdasági növekedéshez</seg>
<kinesic type="applause"><desc>Taps a kormánypártok soraiban.</desc></kinesic>
</u>
        <u xml:id="ParlaMint-HU_2014-12-08-urgent_question-AC7_2323" who="#ErikBánki" ana="#regular"><note>BÁNKI ERIK (Fidesz):</note>
<seg xml:id="AC7_2323.1">Köszönöm a szót, tisztelt elnök úr</seg>
<kinesic type="noise"><desc>Zaj. - Az elnök csenget.</desc></kinesic>
<seg xml:id="AC7_2323.2">Tisztelt Miniszter Úr! Tisztelt Képviselőtársaim! A 2010-es kormányváltás óta a gazdaságpolitika célja egyértelműen a foglalkoztatás bővítése, a versenyképesség javítása, a kiegyensúlyozott gazdasági növekedés biztosítása, valamint az államadósság csökkentése és tartósan 3 százalék alatt való tartása. A friss KSH-adatok megerősítik, hogy az általunk korábban kijelölt irány igenis helyes. Az idei év harmadik negyedévében ugyanis 3,2 százalékkal nőtt a magyar gazdaság teljesítménye éves alapon, de az előző negyedévhez képest is félszázalékos volt a növekedés. Az eredmények minden szektor eredményét tükrözik, így továbbra is Európa éllovasai vagyunk a GDP-növekedés tekintetében is.</seg>
<seg xml:id="AC7_2323.3">Biztató jel, hogy a termelési oldalon a mezőgazdaság teljesítménye jelentős mértékben, mintegy 10,8 százalékkal bővült. Az ipari termelés sem maradt le sokkal, 5,6 százalékos bővülést realizáltak, amely egyértelműen a magas autóipari külső kereslet, illetve a kapacitásbővítő beruházások eredményének tekinthető. Nagyon fontos az is, hogy magához tért hosszú évek tetszhalottsága után az építőipar, és 11,6 százalékos bővülést tudott produkálni, amely elsősorban annak köszönhető, hogy Magyarország az uniós tagországok közül a leghatékonyabban tudta lehívni az európai uniós támogatásokat, amelynek köszönhetően valódi boom volt az építőipari piacon.</seg>
<seg xml:id="AC7_2323.4">Ha a felhasználási oldalt nézzük, különösen örülhetünk annak, hogy a beruházások 13,2 százalékos bővülést mutattak. A már említett építőipari fellendülésen kívül többek között a növekedési hitelprogram és a vállalati szektor növekedő aktivitásának köszönhető ez.</seg>
<seg xml:id="AC7_2323.5">Azonban a GDP bővülése, illetve a költségvetési stabilitás önmagában mit nem ér, ha ezt nem tudjuk életszínvonal-növekedésre váltani, tehát nagyon fontos, hogy ezek az eredmények tükröződjenek a magyar társadalom életszínvonalának emelkedésében. Ezért kérdezem tisztelt miniszter urat, hogyan látja, a következő időszakban milyen esélyek mutatkoznak a magyar állampolgárok életszínvonalának emelkedésére. Ebben várom megtisztelő válaszát. Köszönöm a figyelmet</seg>
<kinesic type="applause"><desc>Taps a Fidesz soraiból.</desc></kinesic>
</u>
      </div>
    </body>
  </text>
</TEI>
