<?xml version="1.0"?>
<TEI xmlns="http://www.tei-c.org/ns/1.0" xml:id="ParlaMint-HU_2016-10-03" xml:lang="hu" ana="#parla.sitting #reference">
  <teiHeader>
    <fileDesc>
      <titleStmt>
        <title xml:lang="hu" type="main">A Magyar Országgyűlés Korpusza ParlaMint-HU 2016-10-03 [ParlaMint]</title>
        <title xml:lang="en" type="main">Hungarian parliamentary corpus ParlaMint-HU 2016-10-03 [ParlaMint]</title>
        <title xml:lang="hu" type="sub">A Magyar Országgyűlés ülései, 7. ciklus</title>
        <title xml:lang="en" type="sub">Minutes of the National Assembly of Hungary, Term 7</title>
        <meeting ana="#parla.term" corresp="#OGY" n="7">7. ciklus</meeting>
        <respStmt>
          <persName>Miklós Sebők</persName>
          <persName>Orsolya Ring</persName>
          <resp xml:lang="hu">Parla-CLARIN TEI XML korpusz létrehozása</resp>
          <resp xml:lang="en">Parla-CLARIN TEI XML corpus encoding</resp>
        </respStmt>
        <funder>
          <orgName xml:lang="hu">CLARIN Kutatási Infrastuktúra</orgName>
          <orgName xml:lang="en">The CLARIN research infrastructure</orgName>
        </funder>
        <funder>
          <orgName xml:lang="hu">Társadalomtudományi Kutatóközpont, Eötvös Loránd Kutatási Hálózat</orgName>
          <orgName xml:lang="en">Centre for Social Sciences, Eötvös Loránd Research Network</orgName>
        </funder>
      </titleStmt>
      <editionStmt>
        <edition>2.0</edition>
      </editionStmt>
      <extent>
        <measure xml:lang="hu" quantity="10" unit="speeches">10 beszéd</measure>
        <measure xml:lang="en" quantity="10" unit="speeches">10 speeches</measure>
        <measure xml:lang="hu" quantity="3448" unit="words">3448 szó</measure>
        <measure xml:lang="en" quantity="3448" unit="words">3448 words</measure>
      </extent>
      <publicationStmt>
        <publisher>
          <orgName xml:lang="hu">CLARIN Kutatási Infrastuktúra</orgName>
          <orgName xml:lang="en">CLARIN research infrastructure</orgName>
          <ref target="https://www.clarin.eu/">www.clarin.eu</ref>
        </publisher>
        <idno type="handle">http://hdl.handle.net/11356/1388</idno>
        <pubPlace>
          <ref target="http://hdl.handle.net/11356/1388">http://hdl.handle.net/11356/1388</ref>
        </pubPlace>
        <availability status="free">
          <licence>http://creativecommons.org/licenses/by/4.0/</licence>
          <p xml:lang="hu">
            Ez a munka az alábbi licence alapján használható
            <ref target="http://creativecommons.org/licenses/by/4.0/">Creative Commons Attribution 4.0 International License</ref>
          </p>
          <p xml:lang="en">
            This work is licensed under the
            <ref target="http://creativecommons.org/licenses/by/4.0/">Creative Commons Attribution 4.0 International License</ref>
          </p>
        </availability>
        <date when="2021-03-31">2021. 03. 31.</date>
      </publicationStmt>
      <sourceDesc>
        <bibl>
          <title xml:lang="hu" type="main">A Magyar Országgyűlés ülései</title>
          <title xml:lang="en" type="main">Minutes of the National Assembly of Hungary</title>
          <idno type="URI">https://https://www.parlament.hu/ </idno>
          <date when="2016-10-03">2016. 10. 03.</date>
        </bibl>
      </sourceDesc>
    </fileDesc>
    <encodingDesc>
      <projectDesc>
        <p>
          <ref target="https://www.clarin.eu/content/parlamint">ParlaMint</ref>
        </p>
      </projectDesc>
      <tagsDecl>
        <namespace name="http://www.tei-c.org/ns/1.0">
          <tagUsage gi="text" occurs="1"/>
          <tagUsage gi="body" occurs="1"/>
          <tagUsage gi="div" occurs="1"/>
          <tagUsage gi="u" occurs="10"/>
          <tagUsage gi="seg" occurs="58"/>
          <tagUsage gi="kinesic" occurs="15"/>
        </namespace>
      </tagsDecl>
    </encodingDesc>
    <profileDesc>
      <settingDesc>
        <setting>
          <name type="address">Kossuth Lajos tér 1-3.</name>
          <name type="city">Budapest</name>
          <name type="country" key="HU">Magyarország</name>
          <date ana="#parla.sitting" when="2016-10-03">2016-10-03</date>
        </setting>
      </settingDesc>
    </profileDesc>
  </teiHeader>
  <text xml:lang="hu" ana="#reference">
    <body>
      <div type="debateSection">
        <u xml:id="ParlaMint-HU_2016-10-03-urgent_question-AC7_12035" who="#JánosVolner" ana="#regular"><note>VOLNER JÁNOS (Jobbik):</note>
<seg xml:id="AC7_12035.1">Köszönöm szépen. Tisztelt Miniszterelnök Úr! Ön nagyon sok mindenért harcolt már 2010 óta. Rögtön azzal kezdődött, azért harcolt, hogy a Legfelsőbb Bíróságnak különböző fideszes delegáltjai legyenek; hogy az Országos Bírósági Hivatalt egy fideszes európai parlamenti képviselő felesége vezesse; hogy az Állami Számvevőszék vezetője is egy fideszes képviselő legyen. Ezekben a küzdelmekben egy volt közös: ön mindig a Fidesz belpolitikai érdekeit szolgáló küzdelmeket folytatta le, azonban soha nem harcolt azért, hogy a magyar embereknek érezhető béremelésben legyen része, hogy felszámoljuk Magyarországon a dolgozói szegénységet.</seg>
<seg xml:id="AC7_12035.2">És, miniszterelnök úr, amikor ön azzal védekezik, hogy a kormánynak csak a minimálbér-emelésen keresztül van lehetősége beavatkozni a folyamatba, tudja, mit emeltek önök 2010 óta, miniszterelnök úr? A minimálbért alig, a minimálbér közterhét viszont a kétszeresére emelték.</seg>
<seg xml:id="AC7_12035.3">És még egy összefüggést a figyelmébe ajánlok, miniszterelnök úr. Ha ön most megnézi a leggazdagabb nyugat-európai államokat, azt nézheti, hogy Magyarországon az egy főre jutó gazdasági teljesítmény nagyjából feleakkora, mint a leggazdagabb nyugat-európai államokban, azonban a bérbeli különbség hatszoros-hétszeres a nyugat-európai államokhoz képest. Miniszterelnök Úr! Ez nem mutat egyebet, mint hogy ebben az országban, Magyarországon megtermelődik ennek a béremelésnek a fedezete.</seg>
<seg xml:id="AC7_12035.4">Nem azt akarjuk, hogy holnaptól már németországi munkabérek legyenek, azt azonban igen, hogy ön kormányfőként tegyen annak érdekében, hogy Magyarországon érezhető béremelés valósuljon meg, mert ahogy rámutattam, ennek a béremelésnek megvan a fedezete. Megvan a fedezete a 8-9 százalékos személyi jövedelemadónak; megvan a fedezete a minimálbéreseket könnyítő adókönnyítéseknek és adócsökkentéseknek is. Köszönöm szépen</seg>
<kinesic type="applause"><desc>Taps a Jobbik padsoraiból.</desc></kinesic>
</u>
        <u xml:id="ParlaMint-HU_2016-10-03-urgent_question-AC7_12048" who="#TamásHarangozó" ana="#regular"><note>DR. HARANGOZÓ TAMÁS (MSZP):</note>
<seg xml:id="AC7_12048.1">Köszönöm a szót, elnök úr. Hogy van mindig, miniszterelnök úr, így felhatalmazás nélkül, a minden idők legdrágább bukott kampánya utáni másnap</seg>
<seg xml:id="AC7_12048.2">(Moraj a kormánypártok soraiban.)</seg>
<seg xml:id="AC7_12048.3">Megérteném, ha ideges lenne, mert azt végül is kimondhatjuk, hogy a népszavazáson egyedül a helikopteres Rogán Antal szomszédja, a Gucci táskás Habony úr, illetve a kaszinós Andy Vajna nyert vagy nyerészkedett, akik között szétszórták azt a nem kevés, szerény, ámbár nem sértő tizenmilliárd forintot a kampányban. Erről is jó lenne majd hallani néhány szót.</seg>
<seg xml:id="AC7_12048.4">De visszatérve az eredeti témához, a letelepedési kötvényhez: önt mint az offshore elleni harc Grál-lovagját kérdezem, hogyan nézheti szó nélkül, hogy százmilliárdokat lapátolnak ki offshore cégek a magyar állam köztulajdonából. Nem gondolja-e, hogy az emberek többsége többek között azért nem ment el szavazni, mert elegük van abból a hazugságból, amit önök közpénzen folytatnak? Elegük van abból, hogy óriásplakáton hirdetik, hogy Brüsszel egy városnyi migránst akar betelepíteni Magyarországra, miközben kiderül, hogy önök Rogán Antal vezetésével az elmúlt években egy városnyi gazdasági bevándorlót telepítettek le Magyarországon, méghozzá úgy, hogy ezek az emberek egy darab új munkahelyet létre nem hoztak. Hogy elegük van abból, hogy most már körülbelül 300 milliárd forintra becsülik azt az összeget, amit az orruk előtt, offshore cégeken keresztül, a magyar államkasszát megkárosítva hazahordtak ezek a cégek, és nincs felelős.</seg>
<seg xml:id="AC7_12048.5">Kérdezem, miniszterelnök úr, hol van a pénz. A Fidesz pártkasszájába jutott-e ezekből a százmilliárdokból? A Fidesz vezető politikusaihoz jutott-e ezekből a százmilliárdokból? Önhöz jutott-e pénz ezekből a százmilliárdokból? És ha nem, miniszterelnök úr, akkor támogatja-e az MSZP-nek azt a javaslatát, hogy azonnal legyen leállítva a letelepedésikötvény-üzlet, nyilvánosan számoltassuk el ezeknek a cégeknek a vezetőit, és 75 százalékos különadóval szerezzük vissza azt a pénzt, ami a magyar embereket illeti? Várom válaszát</seg>
<kinesic type="applause"><desc>Taps az MSZP soraiban.</desc></kinesic>
</u>
        <u xml:id="ParlaMint-HU_2016-10-03-urgent_question-AC7_12050" who="#NándorGúr" ana="#regular"><kinesic type="applause"><desc>GÚR NÁNDOR (MSZP): Köszönöm szépen, elnök úr. Miniszterelnök Úr! Egy érvénytelen népszavazás után, ahol 100 ezer ember egyhavi fizetését tapsolták el, most azt kell hallgatni öntől az előbbiekben, hogy a letelepedési kötvény sikeres konstrukció; pénzt hoz az országba, és pénzt nem visznek ki az országból.</desc></kinesic>
<seg xml:id="AC7_12050.1">Komolyan gondolja azt, amiről beszél? Emlékszik biztosan, a Gazdasági bizottság keretei között még Rogán Antal volt a bizottság elnöke, amikor elindult a történet. Azt hiszem, hét offshore típusú cég került megbízásra. Azt kell látni, hogy a haverok jól járnak tényleg a buliban, tehát ők kaszálnak, miközben az emberek forrásokat buknak el</seg>
<seg xml:id="AC7_12050.2">(Orbán Viktor dr. Semjén Zsolttal beszélget.)</seg>
<seg xml:id="AC7_12050.3">Miniszterelnök úr, nyugodtan idefigyelhet, nem kell máshova beszélni, mondom én önnek azt, amit tudnia kell</seg>
<seg xml:id="AC7_12050.4">(Derültség és moraj a kormánypárti padsorokban.)</seg>
<seg xml:id="AC7_12050.5">,mert úgy látom, nem tudja, úgy látom, nem képes a kollégáit abba a helyzetbe hozni, hogy önnek valós, igaz számokat mondjanak a letelepedési kötvénnyel kapcsolatosan. Csak 3800 azok száma, azoknak a letelepedési kötvényeknek a száma, amelyek eladásra kerültek. Nagyjából 16-18 ezer fő tekintetében az érintettség az, ami megmutatkozik. Százmilliárd forintos az a haszon a haveroknak, amelyet levesznek a bizniszből. Tudja, mennyi ez? 100 000 millió forint. Ebből Miskolc összes családi házát fel lehetne vásárolni.</seg>
<seg xml:id="AC7_12050.6">Azt kellene eldöntenie, miniszterelnök úr, hogy ezt tényleg jó konstrukciónak tartja-e vagy azt, hogy a forrásokat, amelyeket bizonyos értelemben az emberektől elvesznek, hogyan forgassa majd vissza az emberekhez. Tudja, ezeknek az offshore típusú cégeknek a pénzei, hasznai mind-mind visszafizetésre kerülnek majd - de ki állta? Az emberek által. Ön ezt tartja jó útnak? Ön ezt tartja követendő példának? Azt gondolom, hogy ezen érdemes lenne elgondolkodni.</seg>
<seg xml:id="AC7_12050.7">Pénzért mindent? Pénzért eladják akár Magyarország biztonságát is? Mindegy, nem számít semmi, csa</seg>
<kinesic type="signal"><desc>Az elnök a csengő megkocogtatásával jelzi az időkeret leteltét.</desc></kinesic>
<seg xml:id="AC7_12050.8">a haverok jól járjanak? Elnök úr, köszönöm szépen</seg>
<kinesic type="applause"><desc>Taps az MSZP padsoraiban.</desc></kinesic>
</u>
        <u xml:id="ParlaMint-HU_2016-10-03-urgent_question-AC7_12052" who="#LászlóSzakács" ana="#regular"><note>DR. SZAKÁCS LÁSZLÓ (MSZP):</note>
<seg xml:id="AC7_12052.1">Köszönöm a szót, elnök úr. Tisztelt Képviselőtársaim! Elnök Úr! Sikertelenség, kudarc és botrányok. Nagyjában-egészében ez az, ami jellemzi a Magyar Nemzeti Ban</seg>
<kinesic type="noise"><desc>Zaj, felzúdulás, közbeszólások a Fidesz soraiból.</desc></kinesic>
<seg xml:id="AC7_12052.2">elmúlt időszakban lévő működését. 2015 elején, három hónap alatt, az önök felügyelete mellett három nagy pénzügyi szolgáltató dőlt össze. Önöknek nem az a dolga, hogy ezt felderítsék, önöknek az lett volna a dolga, hogy ezt megelőzzék, de a felelősséget nem vállalja.</seg>
<seg xml:id="AC7_12052.3">Kis hazánkban, Unortodoxiában a gazdaságpolitika most sem kiszámítható, potyognak a különadók, ideiglenes adók maradnak, önök nem adnak jó tanácsot, nem emelik fel a szavukat, csak annyit tudtunk meg, hogy önnek nagyon sok a rokona; nem járnak rosszul az unokatestvérei, és még azt is mondta, hogy ebből több mint száz van</seg>
<kinesic type="noise"><desc>Zaj, közbeszólások a Fidesz soraiban.</desc></kinesic>
<seg xml:id="AC7_12052.4">Én viszont azt gondolom, hogy a devizahitelek forintosításából származó extraprofitját a Magyar Nemzeti Banknak ön kiszervezte az alapítványaiba. Azt mondta, hogy ez el fogja veszíteni a közpénzjellegét. Önnek nem volt igaza, ön tévedett. Ezt bíróság mondta ki. Azt mondta, hogy nem kell ezeknek az alapítványoknak közbeszerzési eljárást folytatni. Önnek nem volt igaza, ön tévedett. Önnek általában mostanában nincsen igaza.</seg>
<seg xml:id="AC7_12052.5">Azt szeretném megkérdezni, most, hogy nem tudják ellátni a pénzügyi stabilitáshoz, a pénzügyi szektor stabilitásához fűződő feladataikat, a gazdaság átláthatóságához, kiszámíthatóságához fűződő feladataikat, viszont látjuk a botrányokat, hónapról hónapra van valami új, vállalják-e a felelősségüket, vagy lesz-e esetleg valami új dolog.</seg>
<seg xml:id="AC7_12052.6">(15.30)</seg>
<seg xml:id="AC7_12052.7">Nem fogom idehozni, a magánélet szentségére én is vigyázok; itt ez az új szerelem. Mi szükség volt erre? Miért volt erre szükség</seg>
<kinesic type="noise"><desc>Derültség és közbeszólások a kormánypártok soraiban. - Az elnök csenget.</desc></kinesic>
<seg xml:id="AC7_12052.8">Miért volt erre szükség, hogy ez itt a Ház előtt is legyen? Köszönöm a figyelmet</seg>
<kinesic type="applause"><desc>Taps az MSZP soraiban. - Közbeszólások a kormánypártok soraiban.</desc></kinesic>
</u>
        <u xml:id="ParlaMint-HU_2016-10-03-urgent_question-AC7_12153" who="#BernadettSzél" ana="#regular"><note>DR. SZÉL BERNADETT (LMP):</note>
<seg xml:id="AC7_12153.1">Köszönöm a szót, elnök úr. Tisztelt Miniszterelnök Úr! Október 3-a után semmiképpen sem folytatódhatnak úgy a dolgok, mint az előző hónapokban. Szeretném fölhívni arra a figyelmét, hogy ma Magyarországon teljes bérválság van. Kétmillió magyar dolgozó gyakorlatilag a létminimum alatt keres, és az adófizető dolgozó polgárok háromnegyede átlagbér alatt keres.</seg>
<seg xml:id="AC7_12153.2">Miniszterelnök Úr! Ez az ország nyomorog. Az LMP-nek az a véleménye, hogy ha valaki 8 órát tisztességgel dolgozik, az az ember tudjon megélni, és a családja számára legyen biztos megélhetés. Magyarországon, az ön által vezetett országban ez jelenleg nincsen így. A magyar emberek ezért vándorolnak ki külföldre, és Magyarországon azt érezzük, hogy egyre nagyobb a munkaerőhiány.</seg>
<seg xml:id="AC7_12153.3">Tisztelt Miniszterelnök Úr! Mi a stratégia? Mi a kormány stratégiája arra vonatkozóan, hogy a munkaerőhiányt megoldjuk Magyarországon? Mi a kormány stratégiája arra vonatkozóan, hogy a külföldre ment magyarokat hazahozzuk? Amikor nemrég beszélgettünk, akkor miniszterelnök úr azt mondta, hogy örüljünk annak a sok pénznek, amit ezek az emberek hazaküldenek. Miniszterelnök Úr! Én annak örülnék, ha ezeknek az embereknek itthon lenne olyan munkájuk, amiből meg tudnának élni, és nem kellene egzisztenciális kényszerből külföldre menniük. Ez nem egy választott lehetőség, ez egy kényszer ezeknek a családoknak.</seg>
<seg xml:id="AC7_12153.4">Miniszterelnök Úr! Ezeket a családokat nem lehet szétszakítani. Én országjárásomon a standokon azt látom, hogy már alig van olyan magyar család, ahonnan minimum egy ember kényszerből ne ment volna külföldre. Azt gondolom, hogy önnek mint felelős kormányfőnek választ kell adnia arra a kérdésre, hogy mi lesz Magyarországon a kivezető út a bérválságból. Egyrészt azért kérdezem ezt öntől, mert Magyarországon a bérválság a legfontosabb stratégiai probléma. Ha nincs erre megoldás, akkor semmire sincsen megoldás.</seg>
<seg xml:id="AC7_12153.5">Másrészt pedig azért is öntől kérdezem, mert a miniszterei láthatóan összevissza beszéltek. Volt olyan miniszter, aki azt mondta, hogy külföldről kell behozni vendégmunkásokat, a másik azt mondta, hogy ilyen nincs a kormány szellemi horizontján, a harmadik azt monda, hogy akkor járulékot kell csökkenteni. Tisztelt Miniszterelnök Úr! Mi az ön megoldása?</seg>
</u>
        <u xml:id="ParlaMint-HU_2016-10-03-urgent_question-AC7_12154" who="#ÁkosHadházy" ana="#regular"><note>DR. HADHÁZY ÁKOS (LMP):</note>
<seg xml:id="AC7_12154.1">Köszönöm szépen, elnök úr. Tisztelt Miniszterelnök Úr! Egy kicsit meg vagyok illetődve, mert nagyon régóta szerettem volna önnel beszélni, még akkor, amikor az ön cégében dolgoztam</seg>
<seg xml:id="AC7_12154.2">(Lázár János: Melyik cégben tetszett dolgozni?)</seg>
<seg xml:id="AC7_12154.3">Azt mondta Horváth István polgármester úr, hogy a főnököt nem lehet elérni; nem lehet elérni - most mégis tudok kérdezni</seg>
<kinesic type="noise"><desc>Közbeszólások a kormánypártok soraiból.</desc></kinesic>
<seg xml:id="AC7_12154.4">Néhány esetben, például a trafiktörténetnél szerettem volna önnel beszélni, és szerettem volna önnel akkor beszélni, amikor előttünk Horváth István és Ács Rezső alpolgármester megbeszélték, hogy hogyan fognak egy óvodát túlárazni. Emiatt még nem kerestem volna önt, viszont Ács Rezső alpolgármester elmondta nekünk, hogy ma az uniós pénzek elosztása úgy történik Magyarországon, hogy megjelenik nálunk, Szekszárdon egy budapesti cég, azt mondja, hogy hoztam egy projektet, mindent el fogok intézni, meg fogom nyerni nektek, azt is elintézem, csak cserébe azt kérem, hogy én nyerjem meg a projektet, és én kapjam a végén a pénzt. Ha ez nektek nem kell, nem jó, akkor megyek egy várossal tovább, mert itt is elhangzott a kvóta szó, van egy kvótám, amit én eloszthatok.</seg>
<seg xml:id="AC7_12154.5">Az a kérdésem, miniszterelnök úr, hogy ön szerint igazat beszélt-e Ács Rezső - azóta most már - polgármester úr, illetve ha igazat beszélt, akkor továbbra is fenntartja-e ezt, hogy csak az ellenzék blablál a korrupcióról; ugye, ezt szokta ön mondani. Ha viszont Ács Rezső hazudott, akkor hogyan kell értékelni ezeket a mondatokat, tehát azt, hogy úgy történik az európai uniós pénzek elosztása Magyarországon, hogy lejön egy cég, azt mondja, hogy hoztam egy projektet, megírom nektek, megnyerem nektek, cserébe azt kérem, hogy én legyek a kivitelező, és ha nem, akkor kvótám van, megyek egy várossal tovább? Köszönöm szépen</seg>
<kinesic type="applause"><desc>Taps az LMP soraiban.</desc></kinesic>
</u>
        <u xml:id="ParlaMint-HU_2016-10-03-urgent_question-AC7_12342" who="#GáborVona" ana="#regular"><note>VONA GÁBOR (Jobbik):</note>
<seg xml:id="AC7_12342.1">Tisztelt Miniszterelnök Úr! Tisztelt Országgyűlés! Látom azt, hogy a napirend előtti vitánk során azok az érveim, amelyek az ön lemondásával voltak kapcsolatosak, kihozták a sodrából, feltűnően indulatossá vált, vagdalkozni kezdett, személyeskedővé vált a válasza.</seg>
<seg xml:id="AC7_12342.2">(14.40)</seg>
<seg xml:id="AC7_12342.3">Még az is szóba került, már az is problémát okozott, hogy konditerembe járok, vagy éppen fodrászhoz járok. Nem tudom, ezzel mi a problémája miniszterelnök úrnak. Komolyan aggódtam önért, miniszterelnök úr. Azt kérem, őrizze meg a hidegvérét, mert ez árt az ön egészségének.</seg>
<seg xml:id="AC7_12342.4">A helyzet az ugyanis, hogy bármennyire is fáj önnek, bármennyire is nem esik jól önnek, ezt a sikertelen és kudarcos népszavazást nem lehet kimagyarázni, sem belföldön, sem külföldön nem fogja tudni megmagyarázni. Ez nem az országnak, nem az embereknek, nem a Jobbiknak, ez önnek a személyes bukása és kudarca. 15 milliárd forintot szórt el az ország az ön vezetésével egy sikertelen népszavazásra, amelynek következményeképpen Magyarország a kvóták elleni harcban még hátrább került, mint a népszavazás előtt volt.</seg>
<seg xml:id="AC7_12342.5">Egy évvel ezelőtt azt kértem, miniszterelnök úr, önöktől, öntől is, hogy tartsunk egy népszavazást. Röszke után voltunk, a kvóták bejelentése utáni friss élményben. Ha akkor tartjuk meg ezt a népszavazást, akkor az érvényes és eredményes lett volna. De ön nem hallgatott rám egy évvel ezelőtt. Aztán fél évvel ezelőtt azt javasoltam miniszterelnök úrnak és önöknek, hogy módosítsuk az Alaptörvényt, hiszen az Alaptörvény tudja Magyarországot biztosan és ingyenesen megvédeni a kvóták veszélyétől, de ön akkor sem hallgatott rám, miniszterelnök úr, fél évvel ezelőtt sem. Pedig akkor meg tudtuk volna spórolni a 15 milliárd forintot, és legfőképpen meg tudtuk volna spórolni ezt a sikertelen népszavazást.</seg>
<seg xml:id="AC7_12342.6">Talán harmadjára hallgat rám, miniszterelnök úr, talán harmadjára tanul a hibáiból. Én azt kérem öntől most harmadjára, hogy mondjon le. Nem miattam, hanem az ország miatt mondjon le! Ugyanis ön alkalmatlanná vált arra a feladatr</seg>
<seg xml:id="AC7_12342.7">(Felzúdulás a kormánypárti padsorokban. - Dr. Rétvári Bence: Fehér öltönyt Vona Gábornak!)</seg>
<seg xml:id="AC7_12342.8">, arra a küzdelemre, hogy Brüsszellel szemben érdemi és sikeres módon Magyarországot megvédje a kvóták kapcsán.</seg>
<seg xml:id="AC7_12342.9">Ön tegnap este óta a vesztes magyar miniszterelnök az uniós vezetők szemében. Ne próbáljon maszatolni, miniszterelnök úr, ne próbálja a felelősséget másra terelni! Ez az ön felelőssége, miniszterelnök úr, önnek kell elvállalnia</seg>
<kinesic type="applause"><desc>Taps a Jobbik soraiban.</desc></kinesic>
</u>
        <u xml:id="ParlaMint-HU_2016-10-03-urgent_question-AC7_12344" who="#RózsaHoffmann" ana="#regular"><note>DR. HOFFMANN RÓZSA (KDNP):</note>
<seg xml:id="AC7_12344.1">Köszönöm, elnök úr. Tisztelt Államtitkár Úr! Tisztelt Ház! Egy hónapja, hogy megkezdődött a 2016/17-es tanév, és elhalkulni látszanak a „jaj, de nehéz a tanévkezdés” kezdetű dallamok. Mindazonáltal maradt itt egy olyan ellentmondás, amelynek tisztázása talán hasznos lesz itt a parlamentben.</seg>
<seg xml:id="AC7_12344.2">A 2016/17-es tanévben több mint 1,5 millió diák kezdte meg tanulmányait, illetve kezdődött meg a nevelésük óvodában, általános iskolában, gimnáziumban, szakgimnáziumban és szakiskolában. Ez egy tény.</seg>
<seg xml:id="AC7_12344.3">Tény az is, hogy a 2011 decemberében elfogadott köznevelési törvény alapján, azóta is tartott módon felmenő rendszerben az általános iskolások mind ingyen kapják meg a tankönyveiket - ez ebben az évben azt jelenti, hogy már az egész alsó tagozat ingyen kap tankönyvet, továbbá azok a szociálisan rászoruló felső tagozatosok vagy gimnazisták is, akiknek a körét jogszabály kijelöli.</seg>
<seg xml:id="AC7_12344.4">Tény az is, hogy soha kormány ennyit nem fordított gyermekétkeztetésre, mint a mi kormányunk. Ez 2016-ban már 71,74 milliárd forint. Tény az is, hogy ez az összeg 2010-ben, az utolsó szocialista kormány idején készült költségvetés alapján mindössze 29 milliárd forint volt.</seg>
<seg xml:id="AC7_12344.5">Tény az is, hogy 2013 szeptemberétől fokozatosan nő, rendeletekben meghatározott módon a pedagógusok bére, és hogy a Klebelsberg Központ költségvetése is rendbe jön.</seg>
<seg xml:id="AC7_12344.6">Tisztelt Államtitkár Úr! Nem értem, hogy az ellenzéki képviselők miért mondják azt, hogy romokban az oktatás, hogy a kormány nem figyel a gyerekekre és az oktatásra. Kérem, segítsen eloszlatni az ellenzéki képviselők kételyeit</seg>
<kinesic type="applause"><desc>Taps a kormánypártok soraiban.</desc></kinesic>
</u>
        <u xml:id="ParlaMint-HU_2016-10-03-urgent_question-AC7_12345" who="#PéterÁgh" ana="#regular"><note>ÁGH PÉTER (Fidesz):</note>
<seg xml:id="AC7_12345.1">Köszönöm a szót. Tisztelt Államtitkár Úr! Szombat óta különböző hírek jelentek meg azzal kapcsolatban, hogy a Szerbiában várakozó migránsok nagy figyelmet szentelnek a magyarországi népszavazásnak, mivel az a hír terjedt el közöttük, hogy annak végeredményétől függetlenül hamarosan megnyitják számukra a határt. A migránsok úgy készültek egész hétvégén - erről nyilatkoztak a televízióban -, hogy akár már hétfőn, vagyis már ma Magyarországra jöhetnek Szerbiából.</seg>
<seg xml:id="AC7_12345.2">A nyilatkozatok szerint a Magyarországról érkezett emberek biztatták őket ezzel, aminek következtében szombat este óta tervezték egymás között az indulást. Ha a magyar népszavazáson olyan eredmény született volna, ami rájuk nézve kedvező, abban az esetben szerintük megnyílhat a magyar határ, de sokan az eredménytől függetlenül beszéltek a hétfői határnyitásról. A menedékkérők védelmével foglalkozó szerb központ vezetője szerint már 7-10 ezer közöttire tehető a Szerbiában tartózkodó illegális bevándorlók száma, és szerinte, ha idővel nem mehetnek tovább, akkor idegessé, türelmetlenné, feszültté válhatnak.</seg>
<seg xml:id="AC7_12345.3">A Szerbiában várakozó bevándorlók közötti feszültség folyamatos növekedése figyelhető meg, még a helyiek elmondása szerint is. Több helyütt már ott is aláírásgyűjtésbe kezdtek a táborok felszámolásáért vagy legalább azért, hogy ne a településeken, hanem azokon kívül hozzák létre azokat.</seg>
<seg xml:id="AC7_12345.4">Tisztelt Államtitkár Úr! Ennek fényében kérdezem, hogy mi a helyzet most a határon. Kellett-e pluszintézkedéseket foganatosítani a határok biztosításáért és a rend fenntartásáért? Köszönöm a választ</seg>
<kinesic type="applause"><desc>Taps a kormánypárti padsorokban.</desc></kinesic>
</u>
        <u xml:id="ParlaMint-HU_2016-10-03-urgent_question-AC7_12346" who="#MihályWitzmann" ana="#regular"><note>WITZMANN MIHÁLY (Fidesz):</note>
<seg xml:id="AC7_12346.1">Köszönöm szépen a szót, elnök úr. Tisztelt Államtitkár Úr! Tisztelt Ház! Azt gondolom, hogy a mindennapi életünk közben néha érdemes megállni egy percre, és számba venni, hogy milyen eredményeket értünk el közösen elsősorban a gazdaság területén.</seg>
<seg xml:id="AC7_12346.2">A KSH nemrégiben frissítette az elmúlt évekre vonatkozó adatokat, amelyek mindannyiunk számára tanulságosak lehetnek, szerencsére pozitív értelemben. Az adatokból jól látható, hogy a folyamatosan növekvő magyar gazdaság különösen kiemelkedő teljesítményt nyújtott 2014-ben. A növekedés már akkor 4 százalékos volt, nagyobb, mint a korábbiakban mért értékek. 2015-ben tovább csökkent az állam eladósodottsága is, ugyanis az államadósság a GDP 74,7 százalékára teljesült, a hiány pedig a GDP 1,6 százaléka volt. Ez pedig még a korábban közölt 2 százalékos szintnél is jobb értéket eredményezett.</seg>
<seg xml:id="AC7_12346.3">Folytatva a sort, örömmel mondhatjuk, hogy a költségvetés 2016-ban is jól alakul, hiszen augusztusban csupán 274 milliárd forint volt a deficit. Ilyen alacsony hiányra az elmúlt időszakban nem volt példa, a számok alapján pedig úgy tűnik, hogy ebben az évben is alacsonyabb lesz a hiány a kormány által kitűzött 2 százalékos célnál. Biztató adat az is, hogy a foglalkoztatottak száma 3,2 százalékkal ismét magasabb, jelenleg mintegy 4 millió 386 ezer fő. Az összességében 135 ezer fős növekedéshez a hazai elsődleges munkaerőpiac közel 130 ezer fővel járult hozzá. A munkanélküliség mindeközben 5 százalék alá esett, ilyen alacsony rátát pedig a rendszerváltás óta nem mértek hazánkban. A legfontosabb adat azonban az, hogy 2010 óta a közel 12 százalékos értékről mintegy 4,9 százalékra csökkent a munkanélküliség. A jó irány visszaigazolásaként értelmezhetjük azt is, hogy szeptember 16-án a Standard &amp; Poor’s hitelminősítő intézet a befektetési kategóriába sorolta a magyar államkötvényeket. Úgy vélem, hogy az általam említett kedvező gazdasági folyamatok megfelelőképpen igazolják, hogy a korábban sokak által támadott, olykor rendhagyó gazdasági reformok valóban működnek, és érdemes volt vállalni az ezzel kapcsolatos küzdelmeket.</seg>
<seg xml:id="AC7_12346.4">Tisztelettel kérdezem államtitkár urat, hogy az emberek mindennapi életében hol fognak érzékelhetően jelentkezni a folyamatosan javuló gazdasági teljesítmény pozitív hatásai. Köszönöm válaszát</seg>
<kinesic type="applause"><desc>Taps a kormánypártok soraiban.</desc></kinesic>
</u>
      </div>
    </body>
  </text>
</TEI>
