<?xml version="1.0"?>
<TEI xmlns="http://www.tei-c.org/ns/1.0" xml:id="ParlaMint-HU_2020-05-04" xml:lang="hu" ana="#parla.sitting #covid">
  <teiHeader>
    <fileDesc>
      <titleStmt>
        <title xml:lang="hu" type="main">A Magyar Országgyűlés Korpusza ParlaMint-HU 2020-05-04 [ParlaMint]</title>
        <title xml:lang="en" type="main">Hungarian parliamentary corpus ParlaMint-HU 2020-05-04 [ParlaMint]</title>
        <title xml:lang="hu" type="sub">A Magyar Országgyűlés ülései, 8. ciklus</title>
        <title xml:lang="en" type="sub">Minutes of the National Assembly of Hungary, Term 8</title>
        <meeting ana="#parla.term" corresp="#OGY" n="8">8. ciklus</meeting>
        <respStmt>
          <persName>Miklós Sebők</persName>
          <persName>Orsolya Ring</persName>
          <resp xml:lang="hu">Parla-CLARIN TEI XML korpusz létrehozása</resp>
          <resp xml:lang="en">Parla-CLARIN TEI XML corpus encoding</resp>
        </respStmt>
        <funder>
          <orgName xml:lang="hu">CLARIN Kutatási Infrastuktúra</orgName>
          <orgName xml:lang="en">The CLARIN research infrastructure</orgName>
        </funder>
        <funder>
          <orgName xml:lang="hu">Társadalomtudományi Kutatóközpont, Eötvös Loránd Kutatási Hálózat</orgName>
          <orgName xml:lang="en">Centre for Social Sciences, Eötvös Loránd Research Network</orgName>
        </funder>
      </titleStmt>
      <editionStmt>
        <edition>2.0</edition>
      </editionStmt>
      <extent>
        <measure xml:lang="hu" quantity="16" unit="speeches">16 beszéd</measure>
        <measure xml:lang="en" quantity="16" unit="speeches">16 speeches</measure>
        <measure xml:lang="hu" quantity="5287" unit="words">5287 szó</measure>
        <measure xml:lang="en" quantity="5287" unit="words">5287 words</measure>
      </extent>
      <publicationStmt>
        <publisher>
          <orgName xml:lang="hu">CLARIN Kutatási Infrastuktúra</orgName>
          <orgName xml:lang="en">CLARIN research infrastructure</orgName>
          <ref target="https://www.clarin.eu/">www.clarin.eu</ref>
        </publisher>
        <idno type="handle">http://hdl.handle.net/11356/1388</idno>
        <pubPlace>
          <ref target="http://hdl.handle.net/11356/1388">http://hdl.handle.net/11356/1388</ref>
        </pubPlace>
        <availability status="free">
          <licence>http://creativecommons.org/licenses/by/4.0/</licence>
          <p xml:lang="hu">
            Ez a munka az alábbi licence alapján használható
            <ref target="http://creativecommons.org/licenses/by/4.0/">Creative Commons Attribution 4.0 International License</ref>
          </p>
          <p xml:lang="en">
            This work is licensed under the
            <ref target="http://creativecommons.org/licenses/by/4.0/">Creative Commons Attribution 4.0 International License</ref>
          </p>
        </availability>
        <date when="2021-03-31">2021. 03. 31.</date>
      </publicationStmt>
      <sourceDesc>
        <bibl>
          <title xml:lang="hu" type="main">A Magyar Országgyűlés ülései</title>
          <title xml:lang="en" type="main">Minutes of the National Assembly of Hungary</title>
          <idno type="URI">https://https://www.parlament.hu/ </idno>
          <date when="2020-05-04">2020. 05. 04.</date>
        </bibl>
      </sourceDesc>
    </fileDesc>
    <encodingDesc>
      <projectDesc>
        <p>
          <ref target="https://www.clarin.eu/content/parlamint">ParlaMint</ref>
        </p>
      </projectDesc>
      <tagsDecl>
        <namespace name="http://www.tei-c.org/ns/1.0">
          <tagUsage gi="text" occurs="1"/>
          <tagUsage gi="body" occurs="1"/>
          <tagUsage gi="div" occurs="1"/>
          <tagUsage gi="u" occurs="16"/>
          <tagUsage gi="seg" occurs="57"/>
          <tagUsage gi="kinesic" occurs="15"/>
        </namespace>
      </tagsDecl>
    </encodingDesc>
    <profileDesc>
      <settingDesc>
        <setting>
          <name type="address">Kossuth Lajos tér 1-3.</name>
          <name type="city">Budapest</name>
          <name type="country" key="HU">Magyarország</name>
          <date ana="#parla.sitting" when="2020-05-04">2020-05-04</date>
        </setting>
      </settingDesc>
    </profileDesc>
  </teiHeader>
  <text xml:lang="hu" ana="#covid">
    <body>
      <div type="debateSection">
        <u xml:id="ParlaMint-HU_2020-5-4-urgent_question-AC8_10166" who="#IldikóBangónéBorbély" ana="#regular"><note>BANGÓNÉ BORBÉLY ILDIKÓ (MSZP):</note>
<seg xml:id="AC8_10166.1">(Ruhájára Kunhalmi Ágnessel és dr. Gurmai Zitával egyetemben egy nagy méretű 2-es szám van feltűzve.)</seg>
<seg xml:id="AC8_10166.2">Miniszter Úr! A járvány első egészségügyi dolgozó halálos áldozata egy 41 éves édesapa. A legtöbbet adta ennek az országnak: az életét. Egy gyermeket és egy szerető feleséget hagyott maga után. Negyvenegy éves volt. Haláláról aljas módon önök hazudtak. Mikor kérnek bocsánatot? Gondoskodnake az özvegyről és az árván maradt gyermekről? Kitűzike a gyász lobogóját az egészségügyi intézményekre? Az elmúlt hónapok munkája során sikerült felkészíteni az egészségügyi ellátórendszerünket a tömeges megbetegedések időszakára hangoztatták nap mint nap. De mekkora árat fizetünk mi ezért? Szeretnék elmondani egy történetet a számtalanból, amivel megkeresnek a választók. Idézem: „A 32 éves sógornőmnek elkezdett egy hete fájni a szeme és a feje. A tünetei egyre súlyosabbak lettek. Lázas is lett, értesítve lett a háziorvosa, aki elkezdte hívogatni azokat, akiket ilyen helyzetben kell. Kiküldték a mentőt, és felvitték a tatabányai kórházba. Ott Covidra tesztelték, azonkívül egy vérnyomást sem mértek, hanem több óra hosszára kirakták a váróterembe, hogy hazaszállítsák. Akkor már nagyon nagy fájdalmai voltak. A teszteredménye negatív lett, így kiment hozzá a háziorvos, mert már annyi ereje nem volt, hogy a mosdóba kimenjen. Telefonált a háziorvos több kórházba, de elutasították ide-oda ne vigyék, ezzel az indokkal , mivel nincs meg a második teszteredménye. Hogy is lett volna meg, mikor nem készítették el? Először koronavírus-gyanús volt, mégis hazaengedték. Visszatérve, a háziorvos nagy nehezen elintézte a balassagyarmati kórházat. Oda már agyhártyagyulladás-gyanúval vitték be. A kiérkező mentősök is erre gyanakodtak, sajnos, ami be is igazolódott. Agyhártya- és agyvelőgyulladással fekszik altatógépre rakva, mert akkora fájdalmai voltak.”</seg>
<seg xml:id="AC8_10166.3">Sajnos Reni már nincs közöttünk. Egy hétéves gyermek és egy öthónapos gyermek gyászolja az édesapjával. Azért, mert önök az alapellátást és az egészségügyi ellátást a vírusra hivatkozva teljes mértékben leállították</seg>
<seg xml:id="AC8_10166.4">(Nacsa Lőrinc: Nem igaz!)</seg>
<seg xml:id="AC8_10166.5">Hány embernek kell még meghalnia, miniszter úr? És ki fog a felelős lenni ennek az édesanyának a haláláért? Kérem a válaszát</seg>
<kinesic type="applause"><desc>Taps az ellenzéki pártok soraiban. Nacsa Lőrinc: Ki fog a felelős lenni? Dr. Budai Gyula közbeszól.</desc></kinesic>
</u>
        <u xml:id="ParlaMint-HU_2020-5-4-urgent_question-AC8_10175" who="#LászlóGyörgyLukács" ana="#regular"><note>DR. LUKÁCS LÁSZLÓ GYÖRGY (Jobbik):</note>
<seg xml:id="AC8_10175.1">Köszönöm szépen a szót. Tisztelt Elnök Úr! Tisztelt Miniszter Úr! Igazán megtisztelő, hogy akkor, amikor én hívom, bejön. Isten tartsa meg ezt a jó szokását, de jöhetne gyakrabban is.Kezdjük rögtön egy egyszerű kérdéssel, amit szerintem meglehetősen könnyen meg lehet válaszolni: tetőzike már a járvány, azaz a platón vagyunke vagy nem? Erre várok egy egyszerű választ.</seg>
<seg xml:id="AC8_10175.2">A másik már egy kicsit bonyolultabb. Ön az elmúlt három napban arra tett kísérletet, hogy az egészségügyet ismételten megnyitja, tudja, azokat a kórházakat vagy azokat az intézményeket, amelyeket előtte módszeresen bezárt, illetve onnan kirakták a betegek egy részét. Ezzel kapcsolatosan szeretném kérdezni, miniszter úr, hogy nem tartjae ezt egyébként túl gyorsnak, elegendőnek tartjae azt a három napot, ami a felkészülésre van. És mit javasolna azoknak a betegeknek, akiknek az ön új eljárásrendje szerint most teszteltetnie kell magukat, hogy bejussanak az egészségügyi intézménybe? Hova menjenek tesztelni? Miből fizessék ki ezt a 25-30 ezer forintot? Esetleg tude arra garanciát vállalni, hogy a társadalombiztosítási hozzájárulásokból később ez levonható lesz? Mert most nagyon úgy néz ki a helyzet, hogy ahhoz, hogy ők kórházba menjenek, szakrendelésre menjenek vagy fogorvoshoz menjenek, valahogy teszteltetni kell magukat. Senki nem tudja, hogy hol, miként és hogy milyen összegből, de az biztos, hogy csak így tudnak az ellátásba bekerülni.</seg>
<seg xml:id="AC8_10175.3">Másrészt: minden bizonnyal ön ismeri a legjobban az adatokat, amelyek az egészségügyre vonatkoznak, éppen ezért az adatok alapos ismeretében meg szeretném kérdezni, hogy az újranyitását az egészségügynek mi indokolja. Esetleg az, hogy a reprodukciós rátája az országnak jól áll? Tehát mennyi a vírusnak most ez a rátája? Erre adjon választ, hogy lássuk, nemzetközi összehasonlításban Magyarország jelenleg, ebben a pillanatban hol áll!</seg>
<seg xml:id="AC8_10175.4">De szintén ön rendelkezik a leghitelesebb adatokkal arra vonatkozóan, hogy mi van az egészségügyi dolgozók fertőzöttségével. Ön a reggeli műsorban említett kettő esetet, de biztos vannak többen sajnos, akik megfertőződtek. Mondja meg pontosan, a mai napon hány olyan egészségügyi dolgozó van, aki fertőzött, és akire jelenleg az egészségügyben úgy kell figyelni, hogy meggyógyítsuk őket, hogy később részt vehessenek az ellátásban! Innen is kívánunk nekik egyébként jobbulást. Tehát egy tűpontos választ várunk, miniszter úr: hányan vannak fertőzöttek, akik egészségügyi dolgozók?</seg>
<seg xml:id="AC8_10175.5">És azért egy bónuszkérdést még hadd tegyek fel önnek: kinyitjáke újra az iskolákat? Köszönöm szépen</seg>
<kinesic type="applause"><desc>Taps a Jobbik soraiban.</desc></kinesic>
</u>
        <u xml:id="ParlaMint-HU_2020-5-4-urgent_question-AC8_10364" who="#LajosOláh" ana="#regular"><note>DR. OLÁH LAJOS (DK):</note>
<seg xml:id="AC8_10364.1">Köszönöm szépen, elnök úr, elfogadom, annál is inkább, mert szívesebben teszem fel az államtitkárnak ezt a kérdést, mint egy olyan miniszternek, aki egy 32 éves ember haláláról szóló kérdést szórakoztatónak nevezett</seg>
<seg xml:id="AC8_10364.2">(Németh Szilárd István: Nem ezt mondta, ne hazudj!)</seg>
<seg xml:id="AC8_10364.3">Azt gondolom, hogy most nem tehet mást, mint hogy tényleg bemegy Orbán Viktor szobájába. Ismétlem, itt, előttünk három perce mondta, hogy szórakoztatta ez a dolog</seg>
<kinesic type="noise"><desc>Folyamatos zaj. Az elnök csenget. Dr. Budai Gyula: Nem ezt mondta, Lajos, ne hazudjál!</desc></kinesic>
<seg xml:id="AC8_10364.4">Tisztelt Államtitkár Úr! Szomorú rekordot sikerült önöknek beállítani, 2001 óta a legkevesebb, 91 400 tanuló jelentkezett a felsőoktatásba, 20 ezerrel kevesebb, mint tavaly. 2011 óta tendenciaszerűen csökkent a jelentkezők száma, a fölvettek és a hallgatók száma egyaránt. A nappali képzésben részt vevő hallgatók száma a rendszerváltás óta az önök 2010-es kormányra kerüléséig minden egyes évben nőtt, attól kezdve viszont évről évre alacsonyabb lett. 2014 óta pedig már a diplomások aránya is csökkent. Az Európai Unióban ez az arány rajtunk kívül szinte mindenütt növekszik, a legtöbb régiós versenytársunk esetében pedig az EU-s átlagot is jóval meghaladja ez a növekedés.</seg>
<seg xml:id="AC8_10364.5">Szorosan összefügg mindez a miniszterelnök munkaalapú társadalomról alkotott képével, melynek lényege, hogy Magyarország az összeszerelő üzemek és betanított munkások hazájává váljék. Önök ezért bármire szívesebben költenek, mint a felsőoktatásra. A járvány gazdasági hatásai elleni védekezés ürügyén önök első intézkedéseik egyikeként a kivetett különadókból pótolták a látványsportok taóból való részesedését. Eközben az egyetemeken a megszorításokat indították el. A Pécsi Tudományegyetemtől a hírek szerint 3,5 milliárdot ismétlem: három és félmilliárdot vontak el, hogy a védekezés a költségvetési szervektől is megköveteli a közös teherviselésben való részvételt. Az ELTE-n, amelynek 860 milliója esett a megszorítások áldozatául, létszámstopot kellett életbe léptetni, és a határozott idejű szerződések is legfeljebb két hónappal hosszabbíthatók meg. Nem csodálható, hogy a tanulók egyre nagyobb számban választják a külföldi egyetemeket, és a végzős doktoranduszok távoznak az országból. Köszönöm.</seg>
</u>
        <u xml:id="ParlaMint-HU_2020-5-4-urgent_question-AC8_10365" who="#LászlóSebián-Petrovszki" ana="#regular"><note>SEBIÁN-PETROVSZKI LÁSZLÓ (DK):</note>
<seg xml:id="AC8_10365.1">Köszönöm. Tisztelt Ház! Államtitkár Úr! Járvány van, ezzel nem mondok újat, és az sem meglepetés, hogy a kormány a járvány által hátrányos vagy még hátrányosabb helyzetbe került számos társadalmi csoport számára alig nyújtott eddig bármiféle támogatást, segítséget. A miniszterelnök, a szakminiszterek pár naponta bejelentenek néhány pontos minicsomagokat, amelyek, ahelyett, hogy a bajba jutott sok százezer embernek segítenének valójában, ehelyett kevés kivételezett embernek adnak támogatást.Olvasom a hétvégi sajtóban, hogy például a Magyar Turisztikai Ügynökségen keresztül a kormány nettó 5 milliárd forintot tervez adni a „tanácsadás a koronavírus okozta károk mérséklésére” című közbeszerzési eljárás nyerteseinek. Hogy, hogy nem, az ajánlattevők között például olyan szereplők vannak, mint az Orbán Ráhel barátnője által vezetett Magyar Divat&amp;Design Ügynökség. Történik mindez, tehát az egyesek kivételes helyzetbe hozása akkor, amikor a járvány olyan embereket is nehezebb helyzetbe sodorhat, akik nem megbetegednek, de mégis naponta kerülhetnek válsághelyzetbe.</seg>
<seg xml:id="AC8_10365.2">Számos ilyen csoport van, én most kettőt hadd említsek! Az egyik ilyen méltatlanul mellőzött társadalmi csoport az otthonápolók köre. Kérdezem államtitkár urat, jutotte, jute nekik és gondozottjaiknak maszk. Miért nem szervezik meg legalább azt, hogy információkat kérnek tőlük, hogy mire van szükségük ebben a helyzetben? Netán kapnake valamilyen anyagi támogatást ahhoz a munkához, amit ők most ellátnak? Ráadásul az ő számuk nőtt abból a speciális helyzetből fakadóan, hogy már olyanok is otthon ápolják a beteg, idős hozzátartozóikat, akiket most raktak ki a kórházakból, az önök kórháziágy-számot érintő döntése után.</seg>
<seg xml:id="AC8_10365.3">A másik ilyen csoport a családon belüli erőszak fokozódásával veszélybe kerülő nők és gyermekek. A járványügyi szabályok betartása ugyanis azt jelenti, hogy sokan kénytelenek visszamenni a bántalmazó családjukhoz. Felkészültek ezekre a segélyhívásokra?</seg>
<seg xml:id="AC8_10365.4">Számukra nyújte bármiféle pluszt a kormány? Köszönöm szépen</seg>
<kinesic type="applause"><desc>Taps a DK, az LMP és a Párbeszéd padsoraiból.</desc></kinesic>
</u>
        <u xml:id="ParlaMint-HU_2020-5-4-urgent_question-AC8_10369" who="#ErzsébetSchmuck" ana="#regular"><note>SCHMUCK ERZSÉBET (LMP):</note>
<seg xml:id="AC8_10369.1">Köszönöm a szót, elnök úr. Tisztelt Államtitkár Úr! Az elmúlt időszakban nagyon sokszor kritizáltam Orbán Viktor miniszterelnök urat azért, mert 2010-ben megszüntette az önálló Környezetvédelmi és Természetvédelmi Minisztériumot, és gyakorlatilag ezt a feladatot odacsapta egy másik tárcához, annak teljesen kiszolgáltatva és alárendelve. Önök a kormányban elsősorban az agráriumnak az érdekeit képviselik, a környezet- és természetvédelem nagyon gyakran a futottak még kategóriába tartozik. Erre rengeteg példát tudok hozni, hogy mennyire nem tudták érvényesíteni ennek az össztársadalmi ügynek az érdekeit.</seg>
<seg xml:id="AC8_10369.2">A környezet- és természetvédelemnek fontos szereplői a környezet- és természetvédő civil szervezetek. Az elmúlt 30 évben rengeteg állami feladatot vállaltak át, egyrészt a lakosság környezeti ismereteinek bővítése, a környezeti nevelés vagy pedig a helyi környezetvédelmi, természetvédelmi problémák megoldása terén, önök azonban most mégis cserben hagyták ezeket a civil szervezeteket.</seg>
<seg xml:id="AC8_10369.3">Meggyőződésem, hogy egy felelős környezetvédelmi miniszter nem engedi meg azt, ami most megtörtént a civil szervezetekkel.</seg>
<seg xml:id="AC8_10369.4">Ebben az évben az agrártárca költségvetésében 70 millió forintot különítettek el azért, hogy a civil szervezetek projektekre pályázhassanak, és ezt az alapot pályázatra ki is írták, de a múlt héten a civil szervezetek levelet kaptak önöktől, hogy ezt a 70 millió forintot átcsoportosították a költségvetésbe. Milliárdokat szór el a kormány különböző luxusberuházásokra, felesleges beruházásokra és sok minden egyébre; nem értem, hogy pont erre a 70 millió aprópénzre volt szükség.</seg>
<seg xml:id="AC8_10369.5">Szeretném megkérdezni azt, hogy miért nem állt ki a minisztérium vezetése a civil szervezetek munkájáért. Köszönöm</seg>
<kinesic type="applause"><desc>Taps az ellenzék soraiban.</desc></kinesic>
</u>
        <u xml:id="ParlaMint-HU_2020-5-4-urgent_question-AC8_10371" who="#AntalCsárdi" ana="#regular"><kinesic type="noise"><desc>CSÁRDI ANTAL (LMP): Köszönöm szépen a szót. Tisztelt Ház! Tisztelt Államtitkár Úr! Mint ismert, 30 ezer fő bevonásával átfogó tesztelés indult el május 1-jén. Végre-valahára, jó reggelt kívánok! Magyarország eddig nem szerepelt ugyanis jól a tesztelések számában. A környező országok közül Ausztriában 275 ezer tesztet végeztek el, Romániában 195 ezer tesztet végeztek el, Szlovákiában 96 ezer teszt, Szerbiában 101 ezer teszt, Csehországban 257 ezer teszt lett elvégezve, míg Magyarországon összesen 82 ezer tesztelést végeztek ez idáig. A helyzet nagyon egyszerű. Ha egy országban megjelenik a koronavírus, akkor egyetlen módon tudunk rájönni arra, hogy hány fertőzöttel van dolgunk: teszteléssel. Erre szólított fel egyébként az Egészségügyi Világszervezet is, erre szólítják fel a kormányt a szakemberek is, és erre szólította föl a kormányt a saját tanácsadói garnitúrája is.Most végre elindul a tesztelés, és a helyzet az, hogy elindult, most már napok óta zajlik ez a tesztelés a sajtóhírek szerint, mert csak a sajtóból tudunk tájékozódni ebben a kérdésben. Ezért nagy tisztelettel kérdezném, hogy mik az első tapasztalatok a néhány napja folyó tesztelésekkel összefüggésben. Május 1-je óta hány embert teszteltek le, milyen eredménnyel tesztelték le őket? Egyébként kiértesítettéke már az érintetteket, és milyenek a részvételi adatok?</desc></kinesic>
<seg xml:id="AC8_10371.1">Azt gondolom, hogy ezeknek az adatoknak a nyilvánossága mindannyiunk, minden magyar állampolgár érdeke, ezért nagy tisztelettel várom válaszát. Illetve szeretném kérdezni, hogy mi lesz azon honfitársainkkal, akiknek közvetlen környezetében jelent meg a koronavírus, és eddig nem tesztelték őket. Köszönöm szépen.</seg>
</u>
        <u xml:id="ParlaMint-HU_2020-5-4-urgent_question-AC8_10377" who="#SándorSzabó" ana="#regular"><note>SZABÓ SÁNDOR (MSZP):</note>
<seg xml:id="AC8_10377.1">Köszönöm a szót, elnök úr. Államtitkár úr, többször elhangzott már itt az MSZP, illetve az ellenzék padsoraiból, hogy ha már segíteni nem tudnak, akkor ne ártsanak, és azt is el kell mondjuk, hogy bizony különös képességük van ahhoz, hogy már nehéz helyzetben lévő szektorokat vagy ágazatokat még nehezebb helyzetbe hozzanak. Láttuk, hogy ez történt az egészségügyben, a közoktatásban, majd folytatódott az önkormányzatok esetében is, és itt vannak most a felsőoktatási intézmények, az egyetemek, melyekről tudjuk, hogy pénzelvonásra ítéltettek, hiszen az önök minisztere a múlt héten levelet írt többek között a pécsi egyetemnek, ahonnan 3,6 milliárd forintot kívánnak elvenni; tudomásom van róla, hogy a Szegedi Tudományegyetem számlájáról egyik napról a másikra emeltek le 500 millió forintot úgy, hogy egyébként az intézményt erről nem is tájékoztatták; és hát itt van az ELTE is, amelytől 860 millió forintot vesznek el. Elmondtuk már többször, hogy akár az önkormányzatok, akár az egyetemek esetében tudjuk, hogy egyébként a járványügyi helyzet előtt is nehéz helyzetben voltak ezek a szektorok, nem biztos, hogy őket kellene további pénzügyi elvonásokkal sújtani. Jelentős a bevételkiesésük, most pluszfeladatot kaptak, és még egyébként most forrásokat is el kívánnak vonni tőlük.</seg>
<seg xml:id="AC8_10377.2">Én megköszönöm azt államtitkár úrnak, ha megkímél attól a választól, hogy közös teherviselésre van szükség, mert ha ez így volna, akkor csak a járványhelyzet kialakulása óta nem kellett volna több mint tízmilliárd forintot sportberuházásokra költeni nincs bajom a sporttal, de szerintem most más a prioritás , vagy nem kellett volna kétmilliárdot odaadni Tiborcz Istvánnak jachtkikötőre, vagy egyébként egyéb állami támogatásokat a Mészáros-birodalomra.</seg>
<seg xml:id="AC8_10377.3">Úgyhogy tisztelettel kérdezem öntől, hogy miért az önkormányzatoktól és az egyetemektől vonnak el folyamatosan forrásokat. Az egyetemektől pontosan mennyi pénzt vonnak el? Kérném, hogy külön térjen ki a Szegedi Tudományegyetemre. És mire kívánják költeni ezeket a forrásokat? Várom válaszát</seg>
<kinesic type="applause"><desc>Taps az ellenzék soraiból.</desc></kinesic>
</u>
        <u xml:id="ParlaMint-HU_2020-5-4-urgent_question-AC8_10378" who="#ÁgnesKunhalmi" ana="#regular"><note>KUNHALMI ÁGNES (MSZP):</note>
<seg xml:id="AC8_10378.1">Köszönöm a szót. Tisztelt Államtitkár Úr! Egy múlt heti hírről érdeklődnék önnél. Balázs József, a Hódmezővásárhelyi Tankerületi Központ vezetője múlt csütörtökön visszavonta azt az utasítást, amely értelmében utólag kellett volna vizsgálni a szentesi Horváth Mihály Gimnáziumba felvettek létszámát. Az az igazság, hogy ez az utasítás érintette a makói József Attila Gimnáziumot és a csongrádi Batsányi József Gimnáziumot is. Ezekben a középiskolákban három helyett csak két osztályt indítottak volna el, de a szentesi Horváth Mihály Gimnáziumban állítólag öt osztály helyett csak három osztály indult volna el. A már kihirdetett felvételi eredmények ellenére több diákot is arról értesítettek volna állítólag, hogy miután felvették őket, mégsem nyertek felvételt az iskolába. Gulyás Gergely, Miniszterelnökséget vezető miniszter a csütörtöki kormányinfón úgy nyilatkozott az esetről, hogy világos szempontokat kell megjelölni az iskolákban: kit vesznek fel és kit nem? Hogy milyen szakmai kereteket kell megállapítani, ezeket előzetesen kell meghatározni, szakmai kritériumot utólagosan nem lehet megváltoztatni.</seg>
<seg xml:id="AC8_10378.2">A kijelentés után a KLIK délutánra igaz, nem mindenhol visszavonta a korábbi utasítását, a tervezett létszámmal indulhatnak az iskolák, de csak akkor, ha az érintett diákok pótfelvételiznek.</seg>
<seg xml:id="AC8_10378.3">Legyen kedves elmondani először is azt vagy felvilágosítani az ország nyilvánosságát, hogy mi történik a hódmezővásárhelyi tankerületben. Ön jogszerűnek tartjae azt, hogy azokat a diákokat, akik egy korábbi felvételi rendszer szerint már sikeres felvételi vizsgát tettek, most újabb szigorúbb eljárásra akarják őket kényszeríteni? Miért gondolják ezt jó megoldásnak, ha ez valóban így marad? Miért pont itt? Hány helyen lehet esetleg még számítani ilyesmire az országban? És egyáltalán, mi a valódi oka az utólagos létszámcsökkentés tervének, vagy egyáltalán hogy ez felmerült önökben? Köszönöm szépen</seg>
<kinesic type="applause"><desc>Taps az ellenzéki pártok padsoraiban.</desc></kinesic>
</u>
        <u xml:id="ParlaMint-HU_2020-5-4-urgent_question-AC8_10380" who="#TamásMellár" ana="#regular"><note>DR. MELLÁR TAMÁS (Párbeszéd):</note>
<seg xml:id="AC8_10380.1">Köszönöm szépen, elnök úr. Tisztelt Ház! Kedves Államtitkár Úr! A kormányzati oldalról az elmúlt hetekben, de a mai napon is nagyon sokszor hallhattuk, hogy a Fidesz-kormány egészen másként kezeli a válságot, mint a korábbi szocialista kormányok, amelyek megszorításokat alkalmaztak, de a Fidesz-kormány nem alkalmaz ilyen megszorításokat. A minap a kezembe került az Innovációs és Technológiai Minisztérium levele, amelyet az egyetemünknek küldött, amelyben arról tudósít, hogy 10 százalékkal csökkentik a dologi kiadásokat és 15 százalékkal a felhalmozási kiadásokat. Ez a Pécsi Tudományegyetem költségvetésében 3,6 milliárd forintos támogatáscsökkentést idéz elő. Ehhez jön még az, hogy a hazai hallgatók száma 10 százalékkal kevesebb lesz, a külföldi hallgatók száma pedig 25-30 százalékkal fog csökkenni. Kérdezem államtitkár urat, hogy akkor ez most vajon megszorítás vagy nem megszorítás.</seg>
<seg xml:id="AC8_10380.2">De legyünk méltányosak! Nyilván, amikor egy válság van, akkor szükséges a költségvetési kiadásokat csökkenteni. Én hajlamos is lennék a megértésre, de hát a kezembe került a Magyar Közlöny néhány legutóbbi száma, március 30-a után, és ezekben azt olvastam, hogy sportra 9,3 milliárdot költ a kormány, terrorelhárításra 3,5 milliárdot, a bevándorlás elleni védekezésre 8,6 milliárdot, és így tovább, és így tovább. Összeadtam, ez 63,8 milliárd forint, amelyet a kormány a legutóbbi hetekben osztott szét ilyen célokra; és akkor még nem beszéltem arról, hogy 18 milliárdos beruházás jut Mongóliának munkahelyteremtésre, 5 milliárdot pedig turisztikai tanácsadásra utal ki a kormányzat.</seg>
<seg xml:id="AC8_10380.3">Ebből a számsorból, azt gondolom, az látszik, hogy a kormánynak megvan egy határozott prioritáslistája, ez pedig a következő, hogy sportberuházásokra és nem létező migránsok támogatására van pénz, ugyanakkor az egyetemi oktatás és a tudományos kutatás számára pedig nincs pénz. Köszönöm szépen</seg>
<kinesic type="applause"><desc>Taps a Párbeszéd soraiból.</desc></kinesic>
</u>
        <u xml:id="ParlaMint-HU_2020-5-4-urgent_question-AC8_10381" who="#BenceTordai" ana="#regular"><note>TORDAI BENCE (Párbeszéd):</note>
<seg xml:id="AC8_10381.1">Köszönöm a szót, elnök úr. Államtitkár úr, a kérdésem május 1-je után három nappal csak annyi, hogy mit tesz a Fidesz-kormány a munkavállalók érdekében. Azt tudjuk, hogy mit tett az elmúlt tíz évben a Fidesz-kormány a munkavállalók érdekei ellenében: bevezették a közmunka rendszerét, amelyben a minimálbér alatt, annak feléért lehet embereket foglalkoztatni. Bevezették a munka törvénykönyve helyett a munkáltatók törvénykönyvét 2012-ben, a munkavállalói jogok, a sztrájkjog szűkítésével. Eltörölték a rendőrök túlórapénzét, megszüntették a korengedményes és korkedvezményes nyugdíjat. Bevezették a rabszolgatörvényt, benne a 400 órás túlmunkával, bevezették a közszolgálati rabszolgatörvényt, benne egyebek közt az ötnapos szabadságcsökkentéssel. Kiszervezik a kulturális szféra dolgozóit a közalkalmazotti törvény alól, most pedig a járványügyi vészhelyzetre hivatkozva egy rendelettel hatályon kívül helyezik a munka törvénykönyvét, teljesen kiszolgáltatva a dolgozókat a munkáltatóknak. Szintén rendeletileg bevezették a kétéves munkaidőkeret elrendelésének lehetőségét, ahol egyoldalúan heti 60 órányi munkavégzést lehet elrendelni havi egy szabadnap mellett, túlórapénz nélkül. Illetve az állásukat elvesztők július 1-jével, az önök törvényének köszönhetően elveszítik a társadalombiztosítási ellátásukat is, ha nem jogosultak aktív ellátásra.</seg>
<seg xml:id="AC8_10381.2">Azt is tudjuk, hogy mit kellene tennie a kormánynak a dolgozókért és minden polgártársunkért, a Párbeszéd ezerszer elmondta már: valódi bérátvállalási program kell legalább 85 százalék erejéig, fel kell emelni az álláskeresési járadék idejét a triplájára, összegét a duplájára, és be kell vezetni a válságkezelő alapjövedelmet, amely minden magyarországi lakosnak legalább 100 ezer forint jövedelmet garantál, és minden gyerek után legalább 50 ezer forintot.</seg>
<seg xml:id="AC8_10381.3">Mindezekhez képest mit tesz a Fidesz-kormány a munkavállalók érdekében? Pontosan tudjuk, hogy gyakorlatilag semmit. De tessék, államtitkár úr, hámozza csak egy kicsit a lufit a következő két percben! Kíváncsian várom.</seg>
</u>
        <u xml:id="ParlaMint-HU_2020-5-4-urgent_question-AC8_10384" who="#GergelyKálló" ana="#regular"><note>KÁLLÓ GERGELY (Jobbik):</note>
<seg xml:id="AC8_10384.1">Tisztelt Ház! Tisztelt Képviselőtársaim! Tisztelt Államtitkár Úr! Az elején engedjenek meg nekem egy gondolatot azzal kapcsolatban, amik a napirend előtti felszólalások során elhangoztak. Nemcsak arra kell gondolnunk, hogy hogyan teremtsünk munkahelyeket a válság után, hanem arra is, hogy hogyan őrizzük meg azokat a válság alatt. Fontos gondolat ez, kapcsolódni fog a felszólalásomhoz. A Dunai Vasmű több mint 6 ezer embernek ad Fejér megyében munkát. Ha az egyéb szolgáltatásokat is figyelembe vesszük, ez a szám bizony 8 ezer fölé megy. A koronavírus okozta járvány nemcsak a kicsi, nemcsak a közép-, de az olyan nagyvállalatoknak is, mint a Dunaferr, óriási problémákat okozott és okoz, és a dolgozókat bizony egészségügyi és anyagi bizonytalanságba is sodorja. A bizonytalanságot sajnos a kormány tovább növeli, ezt így őszintén kerek perec el kell mondanom, de erre bizonyítékunk is van.</seg>
<seg xml:id="AC8_10384.2">Kezemben fogom a Dunai Vasmű cégvezetőjének a levelét, amelyet április 28-án küldött ki a Dunaferr dolgozóinak. Két dolgot emelnék ki ebből a levélből. Az egyik az, hogy már most prognosztizálta, illetve előre jelezte a dolgozóknak, hogy az áprilisi bérüket május 15-éig fogják tudni csak kifizetni. A másik fontos dolog pedig az, s most szó szerint idéznék, hogy a menedzsment már hetekkel ezelőtt folyamodott kormányzati segítségért például hitelfelvétel elősegítése, állami beruházások kapcsán megrendelések és beszállítások biztonsága társaságunk részére , de sajnálatos módon a kérésünkre ez idáig konkrét választ, segítséget nem kaptunk. Az a helyzet, hogy ez egy igen arcátlan válasz egy ekkora munkáltatóval szemben. Kérdezem ezért államtitkár urat, hogyan lehetséges az, hogy Fejér megye legnagyobb foglalkoztatójának mind a mai napig nem válaszoltak, ezáltal a dolgozókat is bizonytalanságba taszítva</seg>
<kinesic type="applause"><desc>Taps a Jobbik soraiban.</desc></kinesic>
</u>
        <u xml:id="ParlaMint-HU_2020-5-4-urgent_question-AC8_10385" who="#ZoltánMagyar" ana="#regular"><note>MAGYAR ZOLTÁN (Jobbik):</note>
<seg xml:id="AC8_10385.1">Köszönöm a szót, elnök úr. Tisztelt Ház! Államtitkár Úr! Ön is nagyon jól tudja, hogy az agrárium, az élelmiszeripar és rajta keresztül gyakorlatilag a teljes magyar vidék egyfajta kettős szorításban szenved, egy harapófogó közepén található.Nem akarom most a nyakukba varrni sem a tavaszi aszályt, sem a világjárványt, de azzal igenis vádolom önöket, hogy ez a két probléma ekkora hatalmas súllyal nehezedik a magyar agráriumra. Hiszen ha az elmúlt tíz évben azt a mérhetetlen forrásmennyiséget, amely az Európai Unióból és részben a hazai költségvetésből a magyar vidékre és agráriumra fordítódott, valóban a helyben élő családi gazdálkodók kapták volna meg, ha az valóban a magyar emberek érdekét szolgálta volna, akkor ez a két probléma messze nem jelentene ekkora ágazati szintű terheket. Például az exportpiacok: régóta beszélgetünk arról, és sajnos nem voltak hajlandóak ezt eddig elfogadni, hogy mennyire veszélyes az, amikor az exportpiacaink ennyire egysíkúak, mekkora kockázatot jelent az, hogy például a meggykivitelünk 62 százaléka és a paprikánk 60 százaléka Németországtól függ; hogy a juhászaink 70 százalék feletti arányban függnek Olaszországtól, ahogy a sajtelőállítóink is, és a Románia felőli függésünk is óriási, ha mondjuk, a sertésről beszélünk, 73 százalék, vagy éppen a búzalisztről, ahol 60 százalék. Már ezek a számok is jelzik, hogy a baj gyakorlatilag előre látható volt, most éppen a koronavírus kapcsán került ez előtérbe.</seg>
<seg xml:id="AC8_10385.2">De beszélhetünk a baromfiról is, amely azon kevés magyar ágazatok, az állattenyésztési terület egyike, ahol sikerek voltak az elmúlt időszakban, erre most pillanatok alatt 230 forint/kilogrammos átvételi árra csökkent a baromfi ára, és ezzel gyakorlatilag az önköltségi ár alatt vannak a termelők. A Baromfi Termék Tanács javaslatára mégsem reagáltak érdemben, akik uniós importkorlátozást követeltek azonnali hatállyal, mint az egyetlen reális esélyt a túlélésre. Ezekre várnám érdemi válaszát államtitkár úrnak</seg>
<kinesic type="applause"><desc>Taps a Jobbik soraiban.</desc></kinesic>
</u>
        <u xml:id="ParlaMint-HU_2020-5-4-urgent_question-AC8_10386" who="#BarnaPálZsigmond" ana="#regular"><note>DR. ZSIGMOND BARNA PÁL (Fidesz):</note>
<seg xml:id="AC8_10386.1">Köszönöm, elnök úr. Tisztelt Miniszter Úr! Tisztelt Ház! Elképesztő volt az a gyűlöletáradat, amelyet Klaus Iohannis, Románia államelnöke zúdított múlt szerdai beszédében a magyarságra. Mint ismert, a román parlament alsóháza kifutott a törvényes határidőből, és utólagosan elfogadta a Kulcsár-Terza József és Biró Zsolt képviselők által benyújtott székelyföldi autonómiajavaslatot. A parlament felsőháza azóta az RMDSZ támogató és a román pártok ellenszavazata alapján elutasította a tervezetet. Iohannis elnök úr a vírus okozta veszélyhelyzetben kiállt, s az autonómia és a magyarok ellen uszított. Olyan cifrákat mondott, hogy ameddig ő és egyéb hatóságok a románok életéért harcolnak a vírus ellen, a képviselőházban a mulasztást elkövető PSD, a Szociáldemokrata Párt azért harcol, hogy átadja Erdélyt a magyaroknak. Azért különösen gátlástalan Iohannis kísérlete, mert az egész performansz azért jöhetett létre, mert belpolitikai hasznot akart belőle realizálni.</seg>
<seg xml:id="AC8_10386.2">Ugyanakkor az is köztudomású, hogy sajnálatos módon minden román párt, így a PSD is elutasítja az autonómiát. Ez is bizonyítja, hogy az elnök egész kirohanása csak színészkedés. Ezzel a nacionalista kirohanásával szeretné növelni pártja, a Liberális Párt népszerűségét, amelyet jelentősen megtépázott a koronavírus-járvány sokak által kritizált kezelése. Románia elnöke két hónapja kapta meg a Kalergi-díjat, amely elvileg az egységes és békés Európáért folytatott tevékenységet méltányolja. Donald Tusk laudációjában úgy dicsérte Iohannist, hogy „őszinte az emberekhez, nem próbálja meg manipulálni őket”. A történtek függvényében igencsak bántóan hat egy magyar fülnek az ilyenfajta méltatás.</seg>
<seg xml:id="AC8_10386.3">Magyarország Kormánya jószomszédi, stratégiai együttműködésre törekszik Romániával. Erről szólt a napokban a Fidesz is, a miniszter úr is és a miniszterelnök úr is. A jelenlegi helyzetben különösen egymásra vagyunk utalva. Kérésünk Iohannis elnök úr irányába az, hogy kérjen bocsánatot a magyaroktól, vonja vissza a felelőtlen nyilatkozatát.</seg>
<seg xml:id="AC8_10386.4">Tisztelt Miniszter Úr! Mit tesz a magyar kormány, mit tehet a magyar kormány annak érdekében, hogy Iohannis elnök kérjen bocsánatot a magyaroktól? Köszönöm szépen</seg>
<kinesic type="applause"><desc>Taps a kormánypártok soraiban.</desc></kinesic>
</u>
        <u xml:id="ParlaMint-HU_2020-5-4-urgent_question-AC8_10388" who="#IstvánSimicskó" ana="#regular"><note>DR. SIMICSKÓ ISTVÁN (KDNP):</note>
<seg xml:id="AC8_10388.1">Köszönöm szépen a szót, a lehetőséget, elnök úr. Tisztelt Képviselőtársaim! Ma reggel 9 órakor megkezdődtek az írásbeli érettségi vizsgák. Egy sajátos helyzetben vagyunk, hiszen a megszokott, az emberek által megszokott életvitel a koronavírus-járványnak köszönhetően átalakult, sok-sok korlátozó intézkedés, óvó-védő intézkedés látott napvilágot. A mai nap az érettségi napja. Mindannyian tudjuk, hogy egy ilyen veszélyhelyzet közepette nemcsak a diákok vizsgáznak, hanem az oktatási rendszerünk is vizsgázik, a tanárok is vizsgáznak, hiszen egy új helyzetben kell a megszokott érettségiket levinni és végigvinni, és reményeink szerint minél többen sikeresen érettségiznek majd le. Azt kérdezném a tisztelt államtitkár úrtól, hogy bár tudjuk, hogy 1918 óta, a spanyolnátha óta, tehát több mint száz éve nem volt hasonló világméretű betegség által okozott járvány, és valóban, ez a mostani helyzet sok tekintetben rendkívüli, mégis látom azt a törekvést, hogy a magyar kormány mindent megtesz, hogy minél gyorsabban visszakerüljön minden a normális kerékvágásba az élet menete tekintetében. Én nagyon hálás vagyok azért, napirend előtt is felszólaltam, hogy a magyar emberek is betartják az óvó-védő intézkedéseket, a korlátozó intézkedéseket.</seg>
<seg xml:id="AC8_10388.2">Az a 84 284 diák, aki ma reggel megkezdte az érettségi vizsgát, mire számíthatott, mire számíthat a jövőben és a következő napokban, hetekben, milyen további intézkedések várhatóak, mennyiben lesz másabb ez a vizsga, ez az érettségi, mint az elmúlt időszakokban volt? Válaszát előre is köszönöm</seg>
<kinesic type="applause"><desc>Taps a kormánypártok soraiban.</desc></kinesic>
</u>
        <u xml:id="ParlaMint-HU_2020-5-4-urgent_question-AC8_10389" who="#MónikaBartos" ana="#regular"><note>BARTOS MÓNIKA (Fidesz):</note>
<seg xml:id="AC8_10389.1">Köszönöm a szót, elnök úr. Tisztelt Miniszter Úr! Ma új szakaszba lépett a koronavírus-járvány elleni védekezés, azonban csak óvatosan, fokozatosan, szigorú menetrend szerint lehet újraindítani az életet. Azonban az életet újra kell indítani, így a veszélyhelyzet idején különösen fontosak a Magyarországra érkező új beruházások. A járványhelyzet teljesen átalakította a nemzetközi versenyt, de az elmúlt tíz év sikeres gazdaságpolitikájának köszönhetően jó pozícióból indulunk. A hírek szerint négy nagyberuházás érkezik az országba. Az Unilever mellett a kínai BYD elektromosbusz-gyártó vállalat, a napelempaneleket előállító svájci Flisom cég, valamint az egyik vezető amerikai szolgáltató, a Support Services Group már a kezdetekkor több száz, köztük sok magas hozzáadott értékű munkahelyet teremt.</seg>
<seg xml:id="AC8_10389.2">De nem csupán az új munkahelyek létrehozása fontos, hanem a meglévő munkahelyek megvédése is. A gazdaságvédelmi akcióterv elsődlegesen a veszélybe került magyarországi munkahelyek megmentését, újak létrehozását célozza, azonban a jelenlegi helyzetben nem feledkezhetünk meg külhoni nemzettársainkról sem. Mint ismert, Magyarország Kormánya a külhoni nemzetrészek megmaradása érdekében 2016-ban indította el, hozta létre a Kárpát-medencei gazdaságfejlesztési programot. Ennek keretében több mint 230 milliárd forint értékű fejlesztés megvalósításához nyújtott támogatást, és ezzel több ezer munkahelyet hozott létre az érintett területeken.</seg>
<seg xml:id="AC8_10389.3">Elmondható tehát, hogy a beruházások megvalósításában 2018 óta fokozatosan növekvő arányban vesznek részt magyarországi vállalkozások is. Ennek köszönhetően a programok kivitelezése nem csupán a határon túli magyarlakta területeken, hanem az anyaországban is hozzájárul a magyar vállalkozások versenyképességének növeléséhez és a munkahelyek megvédéséhez. Tisztelettel kérdezem miniszter urat, hogy ezen eredmények hogyan tarthatók, bővíthetők, illetve kapnake támogatást a magyarországi vállalkozók, akik határon túli beruházásokat terveznek. Köszönöm</seg>
<kinesic type="applause"><desc>Taps a kormánypártok padsoraiból.</desc></kinesic>
</u>
        <u xml:id="ParlaMint-HU_2020-5-4-urgent_question-AC8_10390" who="#LászlóSzászfalvi" ana="#regular"><note>SZÁSZFALVI LÁSZLÓ (KDNP):</note>
<seg xml:id="AC8_10390.1">Köszönöm a szót. Tisztelt Elnök Úr! Igen tisztelt Miniszter Úr! Immáron több mint ötven napja hirdetett veszélyhelyzetet a kormányzat, és az elmúlt ötven napban számos olyan intézkedés történt, amely egyrészt a járványgörbe ellaposítását, másrészt a járvány által sújtott gazdasági ágazatok, illetve az ott dolgozó személyek megsegítését célozta.</seg>
<seg xml:id="AC8_10390.2">(16.40)</seg>
<seg xml:id="AC8_10390.3">Az életünk teljes mértékben átalakult, a járványügyi védekezés szinte minden tevékenységünket érinti. A kormány kinyilvánította, hogy az első számú cél a magyar emberek életének és egészségének a védelme, ezért kellett korlátozó intézkedéseket bevezetni a határainkon.</seg>
<seg xml:id="AC8_10390.4">Ugyanakkor a kormány azt is világossá tette, hogy Magyarországnak az az érdeke, hogy a határ menti közösségek közötti kapcsolattartás folyamatos legyen. Ezért a hét szomszédos országból az országok nagy részével sikerült megkötni azt a megállapodást, amely az ingázók határon történő átkelését segíti.</seg>
<seg xml:id="AC8_10390.5">Természetesen a magyar emberek érdeke az is, hogy az áruforgalom előtt is szabad legyen a határátkelés, hiszen az élelmiszer-ellátás biztonsága kiemelten fontos veszélyhelyzet idején is. Természetesen az élet nem áll meg, így az egyéb áruk áramlása is fontos, és ahogy arról a miniszter úr is beszámolt néhány hete, az európai uniós külügyminiszterek is egyetértenek abban, hogy biztosítani kell az áruk szabad áramlását ebben a nehéz helyzetben is.</seg>
<seg xml:id="AC8_10390.6">Tisztelt Miniszter Úr! A magyar kormány mindenkor szem előtt tartja a magyar emberek biztonságát, de egyúttal igyekszik meggátolni a magyar gazdaság zsugorodását. A határainkon ezért olyan intézkedéseket kell foganatosítani, amelyek minden szempontot szem előtt tartanak.</seg>
<seg xml:id="AC8_10390.7">A fentiek alapján kérdezem a tisztelt miniszter urat, hogyan biztosítja a kormány a teherfuvarozás és így az áruszállítás határokon átnyúló biztonságos működését, és folyamatosan biztosíthatóe a munkavállalók ingázása a szomszédos országokba. Várom miniszter úr megtisztelő válaszát</seg>
<kinesic type="applause"><desc>Taps a kormánypárti padsorokban.</desc></kinesic>
</u>
      </div>
    </body>
  </text>
</TEI>
