<?xml version="1.0"?>
<TEI xmlns="http://www.tei-c.org/ns/1.0" xml:id="ParlaMint-HU_2018-06-04" xml:lang="hu" ana="#parla.sitting #covid">
  <teiHeader>
    <fileDesc>
      <titleStmt>
        <title xml:lang="hu" type="main">A Magyar Országgyűlés Korpusza ParlaMint-HU 2018-06-04 [ParlaMint]</title>
        <title xml:lang="en" type="main">Hungarian parliamentary corpus ParlaMint-HU 2018-06-04 [ParlaMint]</title>
        <title xml:lang="hu" type="sub">A Magyar Országgyűlés ülései, 8. ciklus</title>
        <title xml:lang="en" type="sub">Minutes of the National Assembly of Hungary, Term 8</title>
        <meeting ana="#parla.term" corresp="#OGY" n="8">8. ciklus</meeting>
        <respStmt>
          <persName>Miklós Sebők</persName>
          <persName>Orsolya Ring</persName>
          <resp xml:lang="hu">Parla-CLARIN TEI XML korpusz létrehozása</resp>
          <resp xml:lang="en">Parla-CLARIN TEI XML corpus encoding</resp>
        </respStmt>
        <funder>
          <orgName xml:lang="hu">CLARIN Kutatási Infrastuktúra</orgName>
          <orgName xml:lang="en">The CLARIN research infrastructure</orgName>
        </funder>
        <funder>
          <orgName xml:lang="hu">Társadalomtudományi Kutatóközpont, Eötvös Loránd Kutatási Hálózat</orgName>
          <orgName xml:lang="en">Centre for Social Sciences, Eötvös Loránd Research Network</orgName>
        </funder>
      </titleStmt>
      <editionStmt>
        <edition>2.0</edition>
      </editionStmt>
      <extent>
        <measure xml:lang="hu" quantity="17" unit="speeches">17 beszéd</measure>
        <measure xml:lang="en" quantity="17" unit="speeches">17 speeches</measure>
        <measure xml:lang="hu" quantity="6015" unit="words">6015 szó</measure>
        <measure xml:lang="en" quantity="6015" unit="words">6015 words</measure>
      </extent>
      <publicationStmt>
        <publisher>
          <orgName xml:lang="hu">CLARIN Kutatási Infrastuktúra</orgName>
          <orgName xml:lang="en">CLARIN research infrastructure</orgName>
          <ref target="https://www.clarin.eu/">www.clarin.eu</ref>
        </publisher>
        <idno type="handle">http://hdl.handle.net/11356/1388</idno>
        <pubPlace>
          <ref target="http://hdl.handle.net/11356/1388">http://hdl.handle.net/11356/1388</ref>
        </pubPlace>
        <availability status="free">
          <licence>http://creativecommons.org/licenses/by/4.0/</licence>
          <p xml:lang="hu">
            Ez a munka az alábbi licence alapján használható
            <ref target="http://creativecommons.org/licenses/by/4.0/">Creative Commons Attribution 4.0 International License</ref>
          </p>
          <p xml:lang="en">
            This work is licensed under the
            <ref target="http://creativecommons.org/licenses/by/4.0/">Creative Commons Attribution 4.0 International License</ref>
          </p>
        </availability>
        <date when="2021-03-31">2021. 03. 31.</date>
      </publicationStmt>
      <sourceDesc>
        <bibl>
          <title xml:lang="hu" type="main">A Magyar Országgyűlés ülései</title>
          <title xml:lang="en" type="main">Minutes of the National Assembly of Hungary</title>
          <idno type="URI">https://https://www.parlament.hu/ </idno>
          <date when="2018-06-04">2018. 06. 04.</date>
        </bibl>
      </sourceDesc>
    </fileDesc>
    <encodingDesc>
      <projectDesc>
        <p>
          <ref target="https://www.clarin.eu/content/parlamint">ParlaMint</ref>
        </p>
      </projectDesc>
      <tagsDecl>
        <namespace name="http://www.tei-c.org/ns/1.0">
          <tagUsage gi="text" occurs="1"/>
          <tagUsage gi="body" occurs="1"/>
          <tagUsage gi="div" occurs="1"/>
          <tagUsage gi="u" occurs="17"/>
          <tagUsage gi="seg" occurs="74"/>
          <tagUsage gi="kinesic" occurs="20"/>
        </namespace>
      </tagsDecl>
    </encodingDesc>
    <profileDesc>
      <settingDesc>
        <setting>
          <name type="address">Kossuth Lajos tér 1-3.</name>
          <name type="city">Budapest</name>
          <name type="country" key="HU">Magyarország</name>
          <date ana="#parla.sitting" when="2018-06-04">2018-06-04</date>
        </setting>
      </settingDesc>
    </profileDesc>
  </teiHeader>
  <text xml:lang="hu" ana="#covid">
    <body>
      <div type="debateSection">
        <u xml:id="ParlaMint-HU_2018-06-04-interpellation-IC8_28" who="#ErzsébetSchmuck" ana="#regular"><note>DEMETER MÁRTA (LMP):</note>
<seg xml:id="IC8_28.1">Köszönöm szépen, elnök úr. Államtitkár úr, önnek teszem föl a kérdést, nagyon sajnálom, hogy miniszter úr nincs bent és nem tud erre válaszolni. Szimbolikus és egyben nagyon szomorú, hogy itt, az újonnan megalakult parlamentben az első interpellációmat pont egy olyan cinikus döntésükkel kapcsolatban kell feltegyem, mint amilyen az a döntés, hogy a kilakoltatási moratóriumot április 30-ig határozták csupán meg, mert önöknek csak a választásokig volt fontos az, hogy mi lesz az emberekkel. Most már nem érdekli önöket az, hogy mi lesz azzal a közel százezer emberrel, akiket most már utcára tehetnek, és nem védi őket semmi.A mi dolgunk az a parlamentben, hogy az érintettek ügyét idehozzuk, és az ő hangjukon szólaljunk meg a parlamentben. Ez az, amire a következő években használni fogjuk a Parlament falai között ezt a platformot, hogy elmondjuk, mégis mi az a magyar valóság, amivel a legtöbb ember szembesül nap mint nap. Nagyon úgy tűnik a kormányzati cselekvésből, hogy önök ezzel nem szembesülnek.</seg>
<seg xml:id="IC8_28.2">A bizonytalanság és a félelem most már mindenhol megjelenik, és szeretnénk, ha itt és most az Országgyűlésben válaszolnának azoknak az embereknek, akik kilakoltatás előtt állnak, mit tesznek az ő megmentésük érdekében. Csak remélni tudjuk, hogy nem egy hasonló cinikus döntést fognak hozni. A kőbányai Bihari utcában egy olyan épületet ítélt a fideszes vezetés lebontásra, amelynek a felújítására korábban 700 millió forintot fordítottak, ráadásul az ott lakók egyébként minden megtakarításukat arra fordították, hogy ezt a szociális bérlakástömböt jó állapotban tartsák, a számlájukat mindig időben megfizették.</seg>
<seg xml:id="IC8_28.3">Higgyék el, én magam is nagyon sokat voltam ott, sokat találkoztunk velük, és figyelemfelhívó akciókat szerveztek ők maguk is, civil szervezetek és mi is, és minden propagandalejáratással szemben tisztességes emberekről van szó, olyan kisgyermekes családokról és beteg emberekről, akik most kilakoltatás előtt állnak. A 700 milliós felújítás után pedig a fideszes önkormányzat azt állapította meg, hogy a ház életveszélyes. Azóta egyébként ezt elhárították, az épület jelenleg felújításra vár, így akarják a lakókat kilakoltatni, elhelyezés nélkül.</seg>
<seg xml:id="IC8_28.4">Mi benyújtottunk határozati javaslatot magához az önkormányzathoz is, de természetesen ott süket fülekre talált ez az egész ügy. Az önkormányzat nem vállalta, hogy cserelakást biztosít ezeknek az embereknek. Pedig ők nem hibáztak semmiben, csak a lakhatási jogukkal próbáltak meg élni, egyébként azzal, amit önök nem raktak be az Alaptörvénybe mint alapvető jogot.</seg>
<seg xml:id="IC8_28.5">Tehát arra várom a válaszukat, tudják-e a Bihari utcai lakóknak biztosítani, hogy nem veszítik el a lakhatásukat. Tudják-e vállalni a felelősséget azért, hogy a már elindított kilakoltatásokat felfüggesztik</seg>
<kinesic type="signal"><desc>Az elnök csenget.</desc></kinesic>
<seg xml:id="IC8_28.6">És tudnak-e arra választ adni nekik, hogy meglesz-e az a kormányzati akarat, amivel megfelelő elhelyezést biztosítanak ezeknek az embereknek? Várom válaszukat.</seg>
</u>
        <u xml:id="ParlaMint-HU_2018-06-04-interpellation-IC8_326" who="#PéterJakab" ana="#regular"><kinesic type="applause"><desc>JAKAB PÉTER (Jobbik): Köszönöm a szót. Tisztelt Elnök Úr! Tisztelt Ház! Bevallom őszintén, egy kicsit meg vagyok szeppenve, na, nem azért, mert ez az első parlamenti felszólalásom, hanem azért, mert isten bizony, ennyi bűnöző előtt én még életemben nem beszéltem… (Moraj és közbeszólások a kormányzó pártok padsoraiból: Jaj! - Szórványos taps a Jobbik padsoraiból.</desc></kinesic>
<note>JAKAB PÉTER (Jobbik):</note>
<seg xml:id="IC8_326.1">(A képviselő mikrofonja nem szól. - Balra mutatva:)</seg>
<kinesic type="noise"><desc>Feltűnő, hogy az ilyen egyéneknek… (Moraj és közbeszólások a kormányzó pártok padsoraiból, többek között: Jóra mutattál…</desc></kinesic>
<note>JAKAB PÉTER (Jobbik):</note>
<seg xml:id="IC8_326.2">(A képviselő mikrofonja nem szól.)</seg>
<seg xml:id="IC8_326.3">…azt gondolom, önök gondolták azt, hogy ez az én problémám…</seg>
<note>JAKAB PÉTER (Jobbik):</note>
<seg xml:id="IC8_326.4">Köszönöm szépen a kioktatást Kövér elvtársnak. Természetesen, akinek nem inge, az ne vegye magára</seg>
<kinesic type="noise"><desc>Moraj és közbeszólások a kormányzó pártok padsoraiból, többek között Szászfalvi László: Mondjad, mit akarsz!</desc></kinesic>
<seg xml:id="IC8_326.5">Most persze gondolhatják azt, hogy ez az én problémám, hogy nekem most önök előtt kell beszélni, ilyen emberek előtt, de ez az ország problémája, mert pontosan a mérhetetlen korrupció az, ami miatt ma ebben az országban nem jut pénz bérekre, nem jut pénz arra, hogy aki minőségi munkát végez, az minőségi fizetést is kapjon, és ne kelljen azon gondolkodnia, hogy hó közepén a rezsit fizeti ki vagy az élelmiszert.</seg>
<seg xml:id="IC8_326.6">Persze, nem mindenkinek vannak ám ilyen filléres gondjai, nagyon jól tudjuk. Mészáros Lőrinc, akit nagyon sokan csak Orbán Viktor vagyonkezelőjeként tartanak számon, a tavalyi évben 160 milliárd forinttal lett gazdagabb. Ez azt jelenti, hogy ez az ember, az éles elméjű, naponta 440 millió forintot keresett. Ha ez így folytatódik, 2024-re Mészáros Lőrinc lesz a világ leggazdagabb embere; a magyar meg a legcsóróbb, mert hiába dolgozik a magyar éjt nappallá téve, ha a Mészáros-félék zsebre vágják a pénzüket, ha elveszik a pénzüket.</seg>
<seg xml:id="IC8_326.7">Elveszik akkor, amikor többszörös áron építenek utakat. Elveszik akkor, amikor offshore cégekbe viszik ki a vagyonukat, hogy még adózniuk se kelljen. Elveszik az emberek pénzét akkor, amikor tönkreteszik a konkurens kis- és középvállalkozásokat, csak azért, mert ők nem jó barátai Orbán Viktornak. És legfőképp elveszik az emberek pénzét akkor, amikor éhbérért dolgoztatják őket.</seg>
<seg xml:id="IC8_326.8">Tudják önök, hogy mennyiből kell megélnie annak, aki a példa kedvéért, mondjuk, a borsodi egészségügyi ellátásban dolgozik? Tudják, mennyiből kell megélnie? 90 ezer forintból nettó, havi 90-ből. Mészáros Lőrinc ezt a pénzt 18 másodperc alatt keresi meg, jobban mondva 18 másodperc alatt veszi el ezt a pénzt azoktól, akik valóban megdolgoztak ezért a pénzért. Önök szerint ez rendben van így? Önök szerint ez így igazságos? Önök szerint igazságos az, hogy Mészáros Lőrinc 18 másodpercnyi felcsúti szotyolázása egy dögunalmas meccsen egyenértékű egy borsodi egészségügyi dolgozó egy hónapnyi kőkemény munkájával? Mert szerintem ez piszkosul nem igazságos!</seg>
<seg xml:id="IC8_326.9">2010 óta a Fidesz, óvatos becslések szerint, csak a túlárazott közbeszerzéseken keresztül 1 millió forintot vett ki minden magyar dolgozó zsebéből: 1 milliót vettek ki a tanár, az ápoló, a takarító, a sofőr, a kőműves és még sokak zsebéből.</seg>
<seg xml:id="IC8_326.10">A kérdésem nagyon egyszerű: mikor adják vissza? Mikor adják vissza az embereknek azt a pénzt, amit elloptak tőlük? Mert a lopott pénz visszajár, ugye? Várom válaszát. Köszönöm</seg>
<kinesic type="applause"><desc>Taps a Jobbik padsoraiból.</desc></kinesic>
</u>
        <u xml:id="ParlaMint-HU_2018-06-04-interpellation-IC8_337" who="#IstvánVitányi" ana="#regular"><kinesic type="noise"><desc>DR. VITÁNYI ISTVÁN (Fidesz): Köszönöm szépen a szót, elnök úr. Tisztelt Államtitkár Úr! Ha ebben a zajban hallja, amit mondok, akkor jó lesz. A bírói függetlenség a jogállamiság egyik alappillére, amely alkotmányos alapelvet az Alaptörvény, valamint a bírák jogállásáról és javadalmazásáról szóló törvény is deklarál. Amennyiben tehát valamely személy vagy szervezet a bírói függetlenséget veszélyezteti, az magatartásával súlyosan szembemegy a jogállamisággal, azt is mondhatjuk, hogy teljesen érzéketlen a demokrácia alapértékei iránt</desc></kinesic>
<kinesic type="noise"><desc>Folyamatos zaj.</desc></kinesic>
<seg xml:id="IC8_337.1">Tisztelt Államtitkár Úr! Amint a közelmúltban kiderült, a Soros-hálózat egyik legaktívabb lobbiszervezete, a Helsinki Bizottság több száz bíró és igazságügyi alkalmazott számára tartott úgynevezett érzékenyítő tréningeket az elmúlt években. Mint ismert, a Soros Györgyhöz köthető Helsinki Bizottság a migráció egyik legnagyobb magyarországi támogatója, ennek megfelelően jogászai és szakértői előadásaik során a bírákat a bevándorlókkal szembeni pozitív diszkrimináció alkalmazására kívánták érzékenyíteni.</seg>
<seg xml:id="IC8_337.2">A tréningeket a szervezethez köthető jogászok és általuk szakértőnek nevezett személyek tartották, akiknek célja, hogy a büntetőügyekben a migráns személy pozitív elbírálásban részesüljön.</seg>
<seg xml:id="IC8_337.3">A bírói függetlenséget különösen sérti az a helyzet, amikor a tárgyalóteremben, a konkrét büntetőügyekben találkozik egymással az érzékenyítésen részt vett bíró és a tréninget tartó ügyvéd. Világossá vált, hogy a Soros-hálózat tehát nemcsak jogsegéllyel, hanem a bírók befolyásolásával is segíti a migránsok Európába történő bevándorlását, ez pedig szembemegy a magyar emberek és a magyar kormány akaratával, és fenyegeti az igazságszolgáltatás függetlenségét és a nemzetbiztonságot is.</seg>
<seg xml:id="IC8_337.4">Mindezek alapján tisztelettel kérdezem az államtitkár urat, hogy mit tehet a magyar kormány annak érdekében, hogy elejét vegye a hasonló kezdeményezéseknek, és így megőrizze az igazságszolgáltatás függetlenségét. Várom államtitkár úr megtisztelő válaszát. Köszönöm</seg>
<kinesic type="applause"><desc>Taps a kormánypártok soraiban.</desc></kinesic>
</u>
        <u xml:id="ParlaMint-HU_2018-06-04-interpellation-IC8_342" who="#TamásMellár" ana="#regular"><note>DR. MELLÁR TAMÁS (Párbeszéd):</note>
<seg xml:id="IC8_342.1">Köszönöm szépen, elnök úr. Tisztelt Ház! Kedves Képviselőtársaim! Mint ismeretes, Lázár János korábbi kancelláriaminiszter a 2016. október 27-én tartott kormányinfón beszélt először arról, hogy a kormány visszavonja a letelepedési kötvények rendszerét. Pár hónappal később, 2017 januárjában az Államadósság Kezelő Központ sajtóközleményben jelentette be, hogy az ÁKK lezárja a letelepedési kötvények ügyét. A kötvények árusítása ugyan a választást megelőző évben valóban szünetelt, ám Lázár János korábbi szavaival ellentétben szó sem volt igazi visszavonásról, hiszen a jogszabályi változás nem történt meg. Az elmúlt napokban az Államadósság Kezelő Központ a G7 internetes portálnak kiadta a négy év alatt kibocsátott papírok összes sorozatára vonatkozó adatokat, amelyekből pontosan kiderült az, hogy mennyit nyert vagy bukott a programon a magyar állam.</seg>
<seg xml:id="IC8_342.2">A szakértői számítások szerint az adatokból az derül ki, az bizonyosodott be, hogy óriási anyagi károkat okozott a magyar lakosságnak a letelepedésikötvény-program, mert mindösszesen 17,5 milliárd forintot buktak a magyar adófizetők, vagyis minden magyar állampolgárnak 1800 forintjába került a Fidesz sajátos bevándorláspolitikája. Ezzel szemben az Országgyűlés Gazdasági bizottsága által kijelölt, kötvényeket árusító offshore cégek 156 milliárd forintos haszonra tettek szert.</seg>
<seg xml:id="IC8_342.3">A jelenlegi helyzet tehát az, hogy a harmadik országbeli állampolgárok beutazásáról és tartózkodásáról szóló törvény 35/A. §-a a mai napig tartalmazza a konstrukció részletszabályait, a kormány tehát nem csinált mást, mint a választási időszakra jegelte ezt a konstrukciót, hogy azután majd valamikor, egy megfelelő választási eredmény után folytatódjon ez a fajta konstrukció.</seg>
<seg xml:id="IC8_342.4">Az eddig elmondottak alapján, azt gondolom, elég nyilvánvalóak a kérdések, és az államtitkár úr felé ezeket a kérdéseket fogalmaznám meg. Az első kérdés az, hogy miért hagyta a kormány, hogy évekig működjön a veszteséges program, miközben a piacokról sokkal kedvezőbb források álltak rendelkezésre az államadósság finanszírozására. A második kérdés az, hogy miért nem hajlandó a kormány törvényt módosítani és jogi értelemben is megszüntetni a programot. A harmadik kérdés az, hogy tervezik-e átvilágítani a kötvényt árusító offshore cégeket, fontolgatják-e esetleg különadó bevezetését ezekre a vállalkozásokra. Köszönöm szépen a figyelmet</seg>
<kinesic type="applause"><desc>Taps a Párbeszéd soraiban.</desc></kinesic>
</u>
        <u xml:id="ParlaMint-HU_2018-06-04-interpellation-IC8_343" who="#LajosKorózs" ana="#regular"><note>KORÓZS LAJOS (MSZP):</note>
<seg xml:id="IC8_343.1">Köszönöm szépen. Tisztelt Ház! Kedves Képviselőtársaim! Az Ormánságban, Baranya megyében több mint 40 településen az ott lakó emberek nem kapták meg a 12 ezer forintos úgynevezett rezsicsökkentést. Nagyon sok olyan település van ott az Ormánságban, ahol a gázt ugyan bevezették évekkel ezelőtt, de az emberek a szegénységük révén nem tudtak rákötni, rácsatlakozni a bevezetett gázra. Szeretném megemlíteni Besence falut, ahol 14 évvel ezelőtt bevezették a településre a gázszolgáltatást, de a falu egyetlenegy lakója nem gondolta azt, hogy erre rá kell csatlakozni, annál is inkább, mert a fával való tüzelés lényegesen olcsóbb volt. Ugyanakkor megszületett a kormányhatározat. Két olyan határozat is volt, amelyre szeretnék hivatkozni, és teszem ezt azért, mert az az államtitkár, illetve miniszter volt felelős a végrehajtásáért, akit éppen interpellálok. Az egyik ilyen intézkedés volt az 1072/2018</seg>
<seg xml:id="IC8_343.2">(III. 9.)</seg>
<seg xml:id="IC8_343.3">kormányhatározat, amely a téli rezsicsökkentés kiterjesztése érdekében szükséges intézkedésekről szól, a másik pedig a kiépített gázhálózattal nem rendelkező települések esetében a téli rezsicsökkentés kiterjesztéséről szóló kormányhatározat, amely arról rendelkezett, hogy ezeken a településeken a fával fűtő háztartásokhoz is eljusson a 12 ezer forintos állami támogatás.</seg>
<seg xml:id="IC8_343.4">Éppen ebből adódóan, tisztelt államtitkár úr, szükségesnek tartom az alábbi kérdéseket feltenni: miért bünteti a kormány azon, közel 40 településen lakó embereket, akik kimaradtak a téli rezsicsökkentésből? Második kérdésem pedig úgy hangzik, hogy felmérték-e már, hányan maradtak ki ebből a téli rezsicsökkentésből. Harmadikként kérdezem államtitkár urat, hogy mikor fogják nekik odaadni a nekik is járó 12 ezer forintos támogatást. Továbbá szeretném megkérdezni, hogy miért bünteti a kormány azon, közel 40 településen lakó embereket, akik kimaradtak a téli rezsicsökkentésből. Megtisztelő válaszát várom</seg>
<kinesic type="applause"><desc>Taps az ellenzéki padsorokból.</desc></kinesic>
</u>
        <u xml:id="ParlaMint-HU_2018-06-04-interpellation-IC8_348" who="#PéterHarrach" ana="#regular"><note>HARRACH PÉTER (KDNP):</note>
<seg xml:id="IC8_348.1">Tisztelt Államtitkár Asszony! Az első számú nemzeti sorskérdéshez, a demográfiai helyzethez kapcsolódó családpolitikáról szeretném kérdezni. 2010-ben azt tapasztalta a polgári kormány, hogy a helyzet meglehetősen siralmas volt, mélyponton volt a családalapítási és a gyermekvállalási kedv, magas volt a terhességmegszakítások száma, ezért a kormány ennek következtében a családokat állította előtérbe. A családról mint értékhordozó és értékteremtő alapegységről szólt Magyarország új Alaptörvényében is: „Magyarország védi a házasság intézményét mint férfi és nő között önkéntes elhatározás alapján létrejött életközösséget, valamint a családot mint a nemzet fennmaradásának alapját.” Új családtámogatási rendszert vezetett be, illetve erősített meg. Ennek pillére a családi adókedvezmény volt, ’18-tól már ezt továbbfejlesztve, a kétgyermekes családok havi 35 ezer forintot, míg a háromgyerekesek 99 ezer forintot takaríthattak meg. A kormány visszaállította a hároméves gyest, a gyed emelése mellett a diplomásgyedet is bevezette. ’18-ban már közel 2000 milliárd forintot fordított a kormány családtámogatásra. Az egyik legfontosabb eleme a családpolitikának a munka és a család összeegyeztetése. Erre szolgált például a gyed extra, a munkahelyvédelmi akcióterv, és sokat segített a családokon a bölcsődei és óvodai férőhelyek számának növelése. Bevezettük, illetve megerősítettük az ingyenes gyermekétkeztetést, illetve az ingyenes iskolai tankönyvellátást. Nagy lépés volt a CSOK bevezetése, amely 75 ezer családot érintett.</seg>
<seg xml:id="IC8_348.2">Kérdezem államtitkár asszonyt, hogy milyen intézkedések történnek majd az új kormányzat részéről a családok számára, illetve hogy a családok éve keretében elindult intézkedéseknek milyen eredményei láthatók eddig. Köszönöm szépen</seg>
<kinesic type="applause"><desc>Taps a kormánypártok soraiból.</desc></kinesic>
<seg xml:id="IC8_348.3">(15.50)</seg>
</u>
        <u xml:id="ParlaMint-HU_2018-06-04-interpellation-IC8_350" who="#DánielZ.Kárpát" ana="#regular"><note>Z. KÁRPÁT DÁNIEL (Jobbik):</note>
<seg xml:id="IC8_350.1">Tisztelt Elnök Úr! Tisztelt Ház! A Jobbik képviselői tucatjával kapják azokat a riasztásokat, amelyek mostanában soron következő kilakoltatási eseményekről szólnak, olyan végrehajtási folyamat végének a foganatosításáról, amelynek eredménye szinte minden esetben az, hogy egy család elveszíti az otthonát. Elképzelhető, hogy az államtitkár úr már unja ezt a témát, ingatja a fejét, látom, de ha így is van… (Dr. Völner Pál jelzésére:)</seg>
<seg xml:id="IC8_350.2">Látom, szerencsére nem unja. Fontosnak tartom, hogy megtárgyaljuk az idevonatkozó következményeket, hiszen álláspontom szerint egy normális országban a pártpolitikai beállítódásokon felül egy közös nemzeti minimumnak kellene kialakulnia a tekintetben, hogy legalább a szociális védőháló maradékát megőrizzük. És az a klíma, amit a Fidesz-KDNP az utóbbi nyolc évben kialakított, gyalázatos következményeket enged meg a devizahitel-károsultakra nézve, hiszen most már nem - idézőjelben - csak az egyes szereplőktől és a nehéz helyzetben lévő családoktól kapjuk a riasztásokat, hanem bizony például olyan vállalkozótól, aki a kétes hátterű követelés mellett is felajánlotta azt, hogy 150 ezer forintot havonta plusz a vállalkozásának a teljes hozamát odaadja az érintett pénzintézetnek, csak hagyják őt élni, dolgozni, ne verjék dobra az ő ingatlanát, az ő munkahelyét és azt az ingatlant, amiben dolgozik, és erre az ajánlatra - ennél gálánsabb ajánlat nem képzelhető el, hiszen valaki az önfenntartáson felül az összes jövedelmét felajánlja az érintett intézetnek - mégiscsak nemet mondtak, mégiscsak azt javasolták neki, hogy vegyen fel hitelt valahonnan máshonnan, és majd abból törlessze az itteni indokolt vagy sokkal valószínűbb, hogy indokolatlan követelését. Teljesen egyértelmű tehát, hogy a magyar nemzetgazdasági érdekekkel is szembemegy az, amit a Fidesz-KNDP engedett.</seg>
<seg xml:id="IC8_350.3">(15.40)</seg>
<seg xml:id="IC8_350.4">Hiszen a magyar nemzetgazdasági érdek azt diktálná, hogy ezek a vállalkozók, ezek a produktív szférába tartozó emberek dolgozhassanak, adót fizethessenek, és legalább itt, amikor még a törlesztési hajlandóság mellett a képesség is fennáll, legalább talpon maradhassanak. Ne egy árverési esemény legyen ennek a vége, amelynek során a Fidesz-KDNP jogszabályi keretei között megengedett módon egy szűk baráti kör fogja ezt az ingatlanvagyont megszerezni, nyomott áron. Feltételezhető módon ez az esetek többségében így van, de államtitkár úr, ha nincs így, akkor van az ön kezében egy rendszerszintű kimutatás arról, hogy mekkora magyar ingatlanvagyon van veszélyben árverések, egyebek, egyéb hasonló események folytán? Van-e önnél egy nyilvántartás arról, hogy hány magyar család van veszélyben, és hány magyar család és milyen módon menthető meg?</seg>
<seg xml:id="IC8_350.5">És egy utolsó kérdés, államtitkár úr: ha nincs ilyen kimutatás az ön kezében, akkor alkalmasak önök ennek a problémának a kezelésére? Köszönöm a lehetőséget</seg>
<kinesic type="applause"><desc>Taps a Jobbik soraiból.</desc></kinesic>
</u>
        <u xml:id="ParlaMint-HU_2018-06-04-interpellation-IC8_43" who="#GergelyArató" ana="#regular"><note>ARATÓ GERGELY (DK):</note>
<seg xml:id="IC8_43.1">Köszönöm szépen. Tisztelt Elnök Úr! Tisztelt Ház! Az idei országgyűlési választást az Európai Biztonsági Együttműködési Szervezet választási megfigyelői előzetes jelentésükben tisztességtelennek minősítették. Nem véletlenül</seg>
<seg xml:id="IC8_43.2">(Németh Szilárd István: Nem igaz! Hazudsz!)</seg>
<seg xml:id="IC8_43.3">Ebben az interpellációban, az írásos szövegben 15 pontban foglaltam össze a legfontosabb problémákat, de az idő nem engedi meg, hogy ezeket mind ismertessem, ezért csak a legfontosabbakat emelném ki. Olyan törvény alapján tartották meg ezt a választást, amit egyoldalúan fogadott el a parlament kormánypárti többsége, és amely számos ponton nyújtott előnyöket a kormánypártoknak. Egyoldalú és hazug közmédiát hoztak létre, és strómanjaikon keresztül felvásárolták a piaci elektronikus és nyomtatott média nagy részét is, és ezen keresztül is a választási hazugságaikat terjesztették.</seg>
<seg xml:id="IC8_43.4">A törvény bőséges lehetőséget biztosít az ellenzéket megosztó kamupártoknak, akik egyes hírek és jelek szerint a Fidesz tevőleges támogatását is élvezték ahhoz, hogy összeszedjék az elinduláshoz szükséges ajánlásokat. Az ellenzék hirdetéseit törvényileg korlátozták, közben a kormány az elmúlt években sok tíz milliárd forintot költött arra, hogy a Fidesz választási ígéreteit sulykolja hazug hirdetéseiben. A levélszavazás szabályainak meghatározásánál számos kiskaput hagytak, ami a levélszavazás esetében több lehetőséget is nyújt a választási csalásra, a választási joggal való visszaélésre.</seg>
<seg xml:id="IC8_43.5">Ugyanakkor viszont korlátozták, adminisztratíve lehetetlenné vagy nehézzé tették a külföldön munkát vállaló magyarok vagy akár a lakóhelyüktől távol szavazó magyarok szavazati jogának gyakorlását. És mindeközben még arra sem voltak képesek, hogy működtessék a parlamenti választásról beszámoló informatikai rendszert. Bár nyilvánvaló volt, hogy ez a rendszer nem felel meg a terhelésnek, ennek ellenére üzembe helyzeték, és ezzel azt érték el, hogy a nap jelentős részében nem lehetett figyelemmel kísérni a választást, illetve a fellebbezéshez, a jogorvoslathoz szükséges adatok jelentős része később sem állt rendelkezésre.</seg>
<seg xml:id="IC8_43.6">Összességében azt kell mondanom tehát, hogy számos olyan jel van, ami ezt a választást tisztességtelenné, nem fairré teszi.</seg>
<seg xml:id="IC8_43.7">Kérdezem államtitkár urat, hogy ön elfogadná-e ennek a szavazásnak az eredményét. S azt is szeretném megkérdezni - mert látom, hogy Orbán Viktor miniszterelnök úr nem vállalta a felelősséget, hiszen nem kívánt válaszolni az interpellációra -, hogy ön vállalja-e a felelősséget azért, hogy ez a választás ilyen botrányos módon zajlott le. Köszönöm szépen, elnök úr</seg>
<kinesic type="applause"><desc>Taps a DK soraiban.</desc></kinesic>
</u>
        <u xml:id="ParlaMint-HU_2018-6-4-urgent_question-AC8_434" who="#LőrincNacsa" ana="#regular"><note>NACSA LŐRINC (KDNP):</note>
<seg xml:id="AC8_434.1">Köszönöm szépen a szót, elnök úr. Tisztelt Országgyűlés! Tisztelt Államtitkár Úr! Többször esett ma már szó június 4-éről, a nemzeti összetartozás napjáról, a 98 éve történt tragédiáról. Én most egy kicsit más szempontból közelíteném meg a témát.2010 októberében határozatot fogadott el a tisztelt Ház arról, hogy a kormány készítsen országos programot azért, hogy valamennyi köznevelésben tanuló magyar fiatal legalább egyszer, a magyar állam támogatásával, eljusson a szomszédos országok magyarlakta területeire, és cserekapcsolatok keretében minél több külhoni magyar diák juthasson el Magyarországra. Ezzel indult útjára a Határtalanul! program, ahol anyaországi hetedikesek, gimnazisták, szakiskolások tízezrei juthatnak el egy-egy elcsatolt területre, fedezhetik fel Erdély, Délvidék, Felvidék, Kárpátalja vagy akár Muravidék szépségeit, és ellátogathatnak irodalmi vagy történelmi tanulmányaikból is ismert helyekre, találkozhatnak ott élő és ott tanuló, ugyancsak magyar fiatalokkal.</seg>
<seg xml:id="AC8_434.2">Ezen túlmenően a határon túli fiatalok is lehetőséget kapnak, hogy eljöjjenek Magyarországra, ahol egy kis képzés keretében tölthetnek el pár napot akár a fővárosban vagy az ország más pontjain.</seg>
<seg xml:id="AC8_434.3">Tisztelt Államtitkár Úr! Tisztelt Képviselőtársaim! Kereszténydemokrata képviselőként úgy gondolom, mindannyiunk közös érdeke a hasonló kezdeményezések megvalósítása, hiszen számunkra fontos, hogy a kettős állampolgárság mellett a személyes élményeken alapuló kapcsolat legyen az összetartozás alapja. A fiataloknak az iskoláskorban kell hogy ez kialakuljon, így a felnövekvő nemzedék is felelősséget tud majd vállalni a határon túli magyar testvéreinkért.</seg>
<seg xml:id="AC8_434.4">A Határtalanul! pályázat rendkívül népszerű, a folyamatos egyszerűsítés, az elszámolható költségek kiterjesztése mind-mind a diákok kiutazását segíti és az iskolai adminisztrációt csökkenti. Ezúton kérdezem államtitkár urat, a program eddigi sikereit ismerve és céljaival teljes mértékben azonosulva, hogy mikortól indulhatnak az idei kirándulások, és a már lezárt pályázati fordulókban hány iskolás jelentkezett a programra. Várom megtisztelő válaszát</seg>
<kinesic type="applause"><desc>Taps a kormánypárti padsorokban.</desc></kinesic>
</u>
        <u xml:id="ParlaMint-HU_2018-6-4-urgent_question-AC8_436" who="#IldikóBangónéBorbély" ana="#regular"><note>BANGÓNÉ BORBÉLY ILDIKÓ (MSZP):</note>
<seg xml:id="AC8_436.1">Köszönöm, elnök úr. Tisztelt Államtitkár Úr! Tisztelt Képviselőtársak! Több mint kétezer emberét jutalmazta meg Balog Zoltán még emberi erőforrások minisztereként a választások előtt. Fejenként átlagosan 2 millió forint volt a bónusz. Körülbelül 4,2 milliárd forintot fizettek ki így a dolgozóknak. A hivatalos néven céljuttatás feltétele az volt, hogy a minisztérium teljesítse a kormányhatározatban előírt kifizetési munkaterv számait.Én egyetlenegy uniós programra szeretnék kitérni. Ez a program a rászoruló személyeket támogató operatív program, amely hátrányos helyzetű személyeket támogatott. Azt láttuk, hogy az elmúlt években csak botrány kísérte ezt a programot. Itt egy 32 milliárd forintos európai uniós programról beszélünk, ahol kimondottan nagyon szegény sorban lévő, hátrányos helyzetű kismamákat, 3 év alatti gyerekeket, hajléktalanokat célzott meg ez a program, és szegény sorsú nyugdíjasokat. Láss csodát, ezt a programot majdhogynem a választások előtt sikerült elindítani, államtitkár úr!</seg>
<seg xml:id="AC8_436.2">Azért térnék ki erre a programra, mert ennek keretében majdnem 1 milliárd forintot fizettek ki, ha jól tudom, a választások előtt, egy minimális részét a 32 milliárd forintból. A munkatársaknak azért fizettek ilyen magas, személyenként majdnem 2 millió forintot, hogy felgyorsítsák az uniós programok kifizetését és a célba juttatását. Hozzáteszem: ez a program majdnem kétéves csúszással indult el. Államtitkár úr, többször láttuk a hírekben, meg tapasztaltam én is a választások alatt, hogy fideszes, KDNP-s képviselők ezeket az élelmiszercsomagokat úgy osztogatták kampány alatt a családoknak, hogy szó sem volt arról, hogy az Uniótól kapták, hanem a magyar kormánytól.</seg>
<seg xml:id="AC8_436.3">Államtitkár úr, mennyi része lett kifizetve? Mennyi része jutott el az érintett családokhoz ebből a programból, a 32 milliárd forintból, és folytatódni fog-e a program, mivel vége van a választásoknak? Várom válaszát</seg>
<kinesic type="applause"><desc>Taps az MSZP padsoraiból.</desc></kinesic>
</u>
        <u xml:id="ParlaMint-HU_2018-6-4-urgent_question-AC8_438" who="#SzabolcsSzabó" ana="#regular"><note>SZABÓ SZABOLCS (LMP):</note>
<seg xml:id="AC8_438.1">Köszönöm szépen a szót, elnök úr. Tisztelt Államtitkár Úr! A választókerületemhez tartozik Csepel, ahol 75 ezer ember él, és az egyik legfontosabb, sőt a legfontosabb közösségi közlekedési kapcsolatunk a belváros felé a csepeli HÉV, amely ráadásul nemcsak a csepeli lakosokat, hanem a Csepeltől délre, az agglomerációs gyűrűben élő lakosokat is kiszolgálja. A felszálló utasok száma körülbelül 50 ezer fő naponta. Tehát ez egy tényleg nagy forgalmú közlekedési eszköz.Sajnos azonban nagyon elavult, a pályához utoljára 1996 és 2000 között nyúltak hozzá, a szerelvények nagyobb része 40 évet meghaladó korú, egy másik része 50 évesnél is idősebb, múzeumba való példány. Ennek a következménye volt összességében az, hogy másfél héttel ezelőtt olyan számban estek már ki a szerelvények kerékabroncs-repedés miatt a forgalomból, hogy nagymértékben ritkítani kellett a járatokat, és sok esetben a hatkocsis szerelvények helyett csak háromkocsis szerelvények jártak. Magam is megtapasztalhattam, hogy bizony nagyon nagy a tömeg, tumultus van, egyszerűen fenntarthatatlan az a helyzet, ami most már ennél az elavult múzeumi HÉV-nél kialakult. Joggal követelik a csepeli lakosok rajtam is mint képviselőn, hogy mi fog történni. De önök vannak kormányon, úgyhogy megkérdezném, mit fog tenni a kormány a csepeli lakosok közlekedésében meghatározó szerepet játszó HÉV megmentése érdekében. Konkrétan mikor kezdenek hozzá a pálya felújításához, és mikorra fog az elkészülni? Konkrétan mikor fognak kiírni közbeszerzési eljárást új alacsonypadlós járművekre?</seg>
<seg xml:id="AC8_438.2">(16.20)</seg>
<seg xml:id="AC8_438.3">Mikor jelennek meg ezek a vonatok? Nyugtasson meg majd arról is vagy azzal kapcsolatban is, államtitkár úr, hogy nem az lesz a megoldás, hogy a ráckevei HÉV-re ráküldik a Desirókat, Csepel meg megkapja a ráckevei HÉV-ről az ottani múzeumi járatokat, és akkor így rendbe lesz téve a dolog, mert ezt nem szeretnénk, csepeliek. Köszönöm szépen, várom a válaszát.</seg>
</u>
        <u xml:id="ParlaMint-HU_2018-6-4-urgent_question-AC8_439" who="#LajosKorózs" ana="#regular"><note>KORÓZS LAJOS (MSZP):</note>
<seg xml:id="AC8_439.1">Tisztelt Ház! Kedves Képviselőtársaim! Ismeretes itt a legtöbb képviselő előtt, hogy 2017-ben közel 4 ezer kilakoltatás volt Magyarországon. Dicséretes, hogy a kormány meghosszabbította a kilakoltatási moratóriumot. Azt természetesen én nem feltételezem, hogy ennek valami köze lett volna a parlamenti választásokhoz, de mindenesetre április 30-áig meghosszabbításra került ez az időpont. Igazából a kilakoltatási dömping május 1-jével kezdődött meg, nem is akárhogyan. Látjuk a híradásokból, hogy meglehetősen ordenáré módon lakoltatnak ki kisgyermekes családokat a lakásukból. Az is látszik, hogy a magáncsőd intézménye, amelyet éppen a Kereszténydemokrata Néppárt nyújtott be néhány évvel ezelőtt, nem igazán tud megoldásokat ezeknek a problémáknak a kezelésére. Nem igazán jók azok a válaszok, amelyekben a kormány gondolkodott az elmúlt években. Meg kell hogy említsem az állami eszközkezelő intézményét is, amelyről tulajdonképpen azt sem tudjuk, hogy működik-e még egyáltalán.</seg>
<seg xml:id="AC8_439.2">És szeretném megemlíteni azt is, hogy néhány évvel ezelőtt éppen az Orbán-kormány volt az, amelyik a normatív lakástámogatási rendszert megszüntette, illetve az adósságkezelési szolgáltatást is mint normatív ellátási támogatást megszüntette.</seg>
<seg xml:id="AC8_439.3">Éppen ebből adódóan szeretnék néhány kérdést intézni az államtitkár úrhoz. Az egyik az, hogy mennyi banki követelésből származó végrehajtási eljárás van folyamatban. Szeretném megkérdezni, hogy mennyi kilakoltatás várható így a moratórium lejárta után. Milyen eszközökkel kívánják támogatni az utcára kerülő családokat? És szeretném megtudni, államtitkár úr, hogy támogatja-e ön, hogy ne lehessen gyermekes családokat elhelyezés nélkül az utcára tenni. Továbbá szeretném megkérdezni, hogy mennyi embert érint a magáncsőd intézménye ma Magyarországon. Köszönöm szépen</seg>
<kinesic type="applause"><desc>Taps az MSZP padsoraiból.</desc></kinesic>
</u>
        <u xml:id="ParlaMint-HU_2018-6-4-urgent_question-AC8_440" who="#AndreaVarga-Damm" ana="#regular"><note>DR. VARGA-DAMM ANDREA (Jobbik):</note>
<seg xml:id="AC8_440.1">Köszönöm a szót, elnök úr. Tisztelt Ház! Elnök Úr! Tisztelt Képviselőtársaim! Mindig vágytam arra, hogy ha először parlamenti felszólalást tehetek, az első a gyerekek ügye vagy a gyerekek érdekvédelme legyen. Arra viszont nem vágytam, hogy egy rendkívül komoly, súlyos bűncselekmény kísérje ezt az utat. Arra nem vágytam, hogy egy gyermek meggyilkolása után kelljen az első felszólalást megtennem. A felszólalásom indoka az, ami a címben is szerepel, hogy a mi gyermekeinknek is járjon mindaz, amely más országokban a gyermekeknek, a gyermekek jogvédelmének jár.Miért gondolom azt, hogy ezen gyilkosság kapcsán nekünk foglalkoznunk kell a kérdéssel? Persze, nagyon sokszor halljuk azt, hogy egy-egy ilyen tragédiából politikai tőkét akarunk kovácsolni, de nem tud politikai tőkét kovácsolni az, aki itt ül a Házban, aki a parlament tagja, hiszen ez az az intézmény, ahol és ahogy mi meg tudjuk teremteni a jogszabályi környezetet és az intézményeket.</seg>
<seg xml:id="AC8_440.2">A Jobbik Magyarországért Mozgalom 2010 és 2016 között számtalan javaslatot nyújtott be arra, hogy bizony az olyan cselekményekben, ahol akár a pedofília vagy akár a túlfűtött szexuális vágyak kontrollálhatatlansága mint betegség mutatkozik meg, úgy a büntetés mellett gyógyszeres kezelés is a törvény kötelező elemeként megjelenjen. Kértük számtalanszor, hogy vezessünk olyan nyilvántartást, amely arról szól, hogy a pedofília miatt jogerősen elítélteknek nyilvános nyilvántartása lehessen, hogy gyermekek felügyeletére az ilyen ember ne lehessen soha jogosult.</seg>
<seg xml:id="AC8_440.3">Azt kérem a tisztelt parlamenti képviselőktől és a kormánytól, hogy ezeket a kérdéseket újra tűzzük napirendre, és ahogy mondjuk és mindenki mondja, a gyermekek számára csak a legszebb és a legjobb az elég jó. Köszönöm a figyelmüket</seg>
<kinesic type="applause"><desc>Taps a Jobbik padsoraiban.</desc></kinesic>
</u>
        <u xml:id="ParlaMint-HU_2018-6-4-urgent_question-AC8_441" who="#ÁdámMirkóczki" ana="#regular"><note>MIRKÓCZKI ÁDÁM (Jobbik):</note>
<seg xml:id="AC8_441.1">Köszönöm szépen a szót, elnök úr. Tisztelt Miniszter Úr! Bár ön nem volt jelen, folytatva az előző azonnali kérdések és válaszok polémiáját, ezúttal az igazság jegyében, itt számtalan esetben elhangzott, egy mondaton belül többször is, hogy ki mit nem szavazott meg. Azért azt szögezzük le, hogy önök jó néhány éve, legalábbis a kommunikációs térben markáns bevándorlásellenes politikát és retorikát folytatnak. Folyamatosan hivatkoznak a nemzeti konzultációra, arra a bizonyos népszavazásra és az ellenzék különböző szavazataira.Ezzel szemben, amiről önök nem beszélnek, ezen évek során, 2013 júniusa és 2017 júliusa között nem kevesebb, mint 20 ezer gazdag migránst engedtek be a letelepedési kötvények segítségével ebbe az országba. Ha kiindulunk a vélt vagy valós nemzetbiztonsági kockázatokból, önök ki merik-e jelenteni, hogy ezen 20 ezer ember között garantáltan nincs egy-egy Zaid Naffa vagy Ghaith Pharaon, akikről, ugye, nem kell már hosszan ecsetelni, hogy valójában milyen kockázatokat jelentenek.</seg>
<seg xml:id="AC8_441.2">A Jobbiknak az önök által oly sokat hivatkozott alaptörvény-módosítása, amely 2016-ban elbukott itt a ház falai között, volt egy ugyanolyan alaptörvény-módosítása, szóról szóra azzal megegyező, kiegészítve azzal, hogy pénzért sem jöhetnek bevándorlók, tehát a letelepedési kötvények megszüntetését is előírta volna. Önök ezt az alaptörvény-módosítást nem kevesebb, mint hetes alkalommal szavazták le.</seg>
<seg xml:id="AC8_441.3">Adódik a kérdés, tekintettel arra, hogy most is csak felfüggesztés alatt van ez a konstrukció, okkal feltételezhető, hogy a pénz továbbra is kedves számukra, és bármelyik pillanatban reaktiválhatják ezt a konstrukciót, abban az esetben viszont meg kell önöknek is válaszolni azt a kérdést, hogy mi a fontosabb önöknek, az ország biztonsága vagy a pénz. Várom érdemi válaszát</seg>
<kinesic type="applause"><desc>Taps a Jobbik soraiban.</desc></kinesic>
</u>
        <u xml:id="ParlaMint-HU_2018-6-4-urgent_question-AC8_444" who="#BenceTordai" ana="#regular"><note>TORDAI BENCE (Párbeszéd):</note>
<seg xml:id="AC8_444.1">Köszönöm, elnök úr. Tisztelt Államtitkár Úr! Palkovics László miniszterjelölti meghallgatásán egy pillanatra kellemesen csalódtunk, mert a diái között szerepelt néhány gondolat az alapjövedelemről, és ha van már innovációért felelős minisztérium, akkor nagyon helyes, hogy az egyik legfontosabb társadalmi innovációval is foglalkoznak - gondoltam én.A Párbeszéd évek óta amellett érvel, hogy az alapjövedelem jó megoldás lenne a magyar emberek számos problémájára, hiszen hazánkban milliókat sújt a létbizonytalanság, a szegénység, a kilátástalanság, de az egyre nagyobb egyenlőtlenségek visszafogják a gazdasági fejlődést is, csökkentik a bevételeit a vállalkozásoknak, a középosztálynak, rövid távon kivándorláshoz vezetnek, hosszú távon pedig a nyugdíjrendszer összeomlásához.</seg>
<seg xml:id="AC8_444.2">Ráadásként beindult a negyedik ipari forradalom, a robotizáció, aminek az az eredménye, hogy a következő egy-két évtizedben a magyar munkahelyek 54 százaléka fog megszűnni, és már ma egyik napról a másikra több mint félmillió munkást helyettesíthetnének robotokkal. Muszáj tehát olyan innovatív közpolitikai megoldásokkal is foglalkozni, mint az alapjövedelem, a robotadó, a munkaidő-csökkentés. Úgy tűnik, hogy ezt Palkovics miniszter úr is felismerte, ezért sajnálatos, hogy mégis ennyire tájékozatlannak bizonyult ebben a kérdésben. Most a bizottsági jegyzőkönyvből idézek, a kérdésemre azt válaszolta a miniszterjelölt, hogy „az alapjövedelem nem működött Magyarországon sem, azt hiszem, hogy amikor mondjuk, segélyalapú volt a támogatási rendszerünk, ez nem működött jól, az egyfajta alapjövedelem volt”.</seg>
<seg xml:id="AC8_444.3">A helyzet az, hogy az alapjövedelem a legkevésbé sem a segélyek logikáját követi, éppen ellenkezőleg. A segélyeknél a munkába állással elveszti a segélyezett a korábbi támogatását, ez vezet a szegénységi csapdához, míg az alapjövedelem esetében a munkajövedelem mellett is folyósítják ezt a jogosultságot állampolgári jogon. Ez azt jelenti, hogy az alapjövedelem nem ellenösztönző a munkavállalással kapcsolatban</seg>
<seg xml:id="AC8_444.4">(Dr. Rétvári Bence: Dehogynem!)</seg>
<seg xml:id="AC8_444.5">Éppen ez adja az egyik fő előnyét a segélyekkel szemben.</seg>
<seg xml:id="AC8_444.6">A kérdésem az államtitkár úrhoz, illetve az egész minisztériumhoz az: várhatjuk-</seg>
<kinesic type="signal"><desc>Az elnök a csengő megkocogtatásával jelzi az idő leteltét.</desc></kinesic>
<seg xml:id="AC8_444.7">, hogy elsajátítják az alapjövedelemről és más innovatív közpolitikai megoldásokról szóló tudást, vagy továbbra is XIX-XX. századi eszközökkel próbálják megoldani a XXI. századi problémákat? Köszönöm.</seg>
</u>
        <u xml:id="ParlaMint-HU_2018-6-4-urgent_question-AC8_448" who="#ZoltánBóna" ana="#regular"><note>BÓNA ZOLTÁN (Fidesz):</note>
<seg xml:id="AC8_448.1">Köszönöm a szót, elnök úr. Tisztelt Képviselőtársaim! Tisztelt Államtitkár Úr! A magyar kormány tiszteletben tartva a nemzeti konzultációban és a népszavazáson részt vett milliók egyértelmű, egységes véleményét, minden lehetséges fórumon minden rendelkezésre álló eszközzel felvette a küzdelmet hazánk védelmében. A 2018. áprilisi választás eredménye egyértelműen megmutatta, hogy az emberek támogatják és a folytatását várják a haza védelme érdekében tett intézkedéseknek. A kormánypártok már a migrációs válság legelején egyedül maradtak, nem számíthattak az ellenzék egyetlen pártjára sem a határaink megvédése érdekében. Az MSZP álproblémának nevezte a bevándorlást, a Jobbik szerint ez egy bukás, a kormány bevándorláspolitikájának a bukása, Gyurcsány Ferenc is büszkén hirdette, hogy elfogadja az uniós kvótát, ami mellett még aláírásgyűjtést is kezdeményezett, az LMP-s Meszerics Tamás egyenesen kijelentette, hogy pártja nem tudja máshogy elképzelni a válság megoldását, mint a kötelező kvótarendszer bevezetésével. A szavaikat tettek is követték, hiszen a baloldali ellenzék 2015 novemberében nem támogatta azt a javaslatot a parlamentben, hogy hazánk megtámadja a kötelező betelepítési kvótát az Európai Bíróság előtt, a Jobbik pedig a baloldallal karöltve, az előzetes ígéretét megszegve nem támogatta a bevándorlással szembeni magasabb védelmet nyújtó alaptörvény-módosítást. Az emberek akaratával szembeni politizálásnak meglett az eredménye ellenzéki részről, hiszen a bevándorlással szembeni politikát következetesen képviselő kormánypártok elsöprő mértékű felhatalmazást kaptak a magyar emberek érdekeinek további képviseletére.</seg>
<seg xml:id="AC8_448.2">Tisztelt Államtitkár Úr! Az ellenzék nem tanulva a választások eredményéből, ismét a választói akarattal szembemenve Soros György szervezeteinek védelme érdekében nem kívánja támogatni a Stop Soros törvénycsomagot és az Alaptörvény módosítását. Kérdezem államtitkár urat, hogy milyen nehézséget okoznak az ellenzéki pártok és az általuk rendszeresen védett Soros György szervezetei a migráció elleni küzdelemben. Megtisztelő válaszát köszönöm.</seg>
</u>
        <u xml:id="ParlaMint-HU_2018-6-4-urgent_question-AC8_450" who="#LászlóVarju" ana="#regular"><note>VARJU LÁSZLÓ (DK):</note>
<seg xml:id="AC8_450.1">Köszönöm szépen a segítséget. Tisztelt Elnök Úr! Tisztelt Ház! Tisztelt Államtitkár Úr! Az elmúlt napokban a sajtó olyan fejlécektől, címektől volt hangos, miszerint megszorítások jöhetnek, mert a kormány túlköltekezett, Magyarország megsérti a középtávú költségvetésihiány-célhoz fűződő szabályokat, megintette Magyarországot Brüsszel, kiigazító lépésekre van szükség. Ezek a mondatok arról szólnak, hogy önök az elmúlt évben lényegében választási költségvetést alkottak, és Magyarország működését olyan kockázatos helyzetbe sodorták, ami, azt gondolom, megengedhetetlen. Most az Európai Unió Bizottságának hivatalos véleménye alapján önöknek kiigazító lépéseket kell tenni. Nem pár tizedessel lett rosszabb a helyzet. Önök kétszer annyit rontottak a helyzeten, mint ami egyébként az elvárás volt. Évek óta hallgatjuk, hogy önök micsoda reformokat hajtottak végre, és miközben az Európai Unió forrásai ömlenek Magyarországra, eközben önök jóval rosszabb helyzetet teremtettek.</seg>
<seg xml:id="AC8_450.2">Természetesen ebben a témában nem várhatjuk önöktől, hogy majd óriásplakáton hirdetik azt, hogy mi az igazság, nem várhatjuk önöktől azt, hogy majd konzultáció keretében az emberek figyelmét felhívják arra, hogy miben kell takarékoskodniuk, nem várhatjuk azt, hogy önök elmondják, hogy az egészségügyben, az oktatásban, miben fognak önök kevesebbet költeni, hanem ehelyett majd olyan válaszok jöhetnek, amilyet majd most öntől meghallgatunk.</seg>
<seg xml:id="AC8_450.3">2010-ben történelmi lehetőséget kapott a Fidesz. A világgazdasági válság után lehetősége teremtődött arra, hogy Magyarország igazi fejlődésnek induljon. Mit tesznek önök ezért? Köszönöm szépen</seg>
<kinesic type="applause"><desc>Taps a DK padsoraiból.</desc></kinesic>
</u>
      </div>
    </body>
  </text>
</TEI>
