<?xml version="1.0"?>
<TEI xmlns="http://www.tei-c.org/ns/1.0" xml:id="ParlaMint-HU_2017-10-16" xml:lang="hu" ana="#parla.sitting #reference">
  <teiHeader>
    <fileDesc>
      <titleStmt>
        <title xml:lang="hu" type="main">A Magyar Országgyűlés Korpusza ParlaMint-HU 2017-10-16 [ParlaMint]</title>
        <title xml:lang="en" type="main">Hungarian parliamentary corpus ParlaMint-HU 2017-10-16 [ParlaMint]</title>
        <title xml:lang="hu" type="sub">A Magyar Országgyűlés ülései, 7. ciklus</title>
        <title xml:lang="en" type="sub">Minutes of the National Assembly of Hungary, Term 7</title>
        <meeting ana="#parla.term" corresp="#OGY" n="7">7. ciklus</meeting>
        <respStmt>
          <persName>Miklós Sebők</persName>
          <persName>Orsolya Ring</persName>
          <resp xml:lang="hu">Parla-CLARIN TEI XML korpusz létrehozása</resp>
          <resp xml:lang="en">Parla-CLARIN TEI XML corpus encoding</resp>
        </respStmt>
        <funder>
          <orgName xml:lang="hu">CLARIN Kutatási Infrastuktúra</orgName>
          <orgName xml:lang="en">The CLARIN research infrastructure</orgName>
        </funder>
        <funder>
          <orgName xml:lang="hu">Társadalomtudományi Kutatóközpont, Eötvös Loránd Kutatási Hálózat</orgName>
          <orgName xml:lang="en">Centre for Social Sciences, Eötvös Loránd Research Network</orgName>
        </funder>
      </titleStmt>
      <editionStmt>
        <edition>2.0</edition>
      </editionStmt>
      <extent>
        <measure xml:lang="hu" quantity="23" unit="speeches">23 beszéd</measure>
        <measure xml:lang="en" quantity="23" unit="speeches">23 speeches</measure>
        <measure xml:lang="hu" quantity="9615" unit="words">9615 szó</measure>
        <measure xml:lang="en" quantity="9615" unit="words">9615 words</measure>
      </extent>
      <publicationStmt>
        <publisher>
          <orgName xml:lang="hu">CLARIN Kutatási Infrastuktúra</orgName>
          <orgName xml:lang="en">CLARIN research infrastructure</orgName>
          <ref target="https://www.clarin.eu/">www.clarin.eu</ref>
        </publisher>
        <idno type="handle">http://hdl.handle.net/11356/1388</idno>
        <pubPlace>
          <ref target="http://hdl.handle.net/11356/1388">http://hdl.handle.net/11356/1388</ref>
        </pubPlace>
        <availability status="free">
          <licence>http://creativecommons.org/licenses/by/4.0/</licence>
          <p xml:lang="hu">
            Ez a munka az alábbi licence alapján használható
            <ref target="http://creativecommons.org/licenses/by/4.0/">Creative Commons Attribution 4.0 International License</ref>
          </p>
          <p xml:lang="en">
            This work is licensed under the
            <ref target="http://creativecommons.org/licenses/by/4.0/">Creative Commons Attribution 4.0 International License</ref>
          </p>
        </availability>
        <date when="2021-03-31">2021. 03. 31.</date>
      </publicationStmt>
      <sourceDesc>
        <bibl>
          <title xml:lang="hu" type="main">A Magyar Országgyűlés ülései</title>
          <title xml:lang="en" type="main">Minutes of the National Assembly of Hungary</title>
          <idno type="URI">https://https://www.parlament.hu/ </idno>
          <date when="2017-10-16">2017. 10. 16.</date>
        </bibl>
      </sourceDesc>
    </fileDesc>
    <encodingDesc>
      <projectDesc>
        <p>
          <ref target="https://www.clarin.eu/content/parlamint">ParlaMint</ref>
        </p>
      </projectDesc>
      <tagsDecl>
        <namespace name="http://www.tei-c.org/ns/1.0">
          <tagUsage gi="text" occurs="1"/>
          <tagUsage gi="body" occurs="1"/>
          <tagUsage gi="div" occurs="1"/>
          <tagUsage gi="u" occurs="23"/>
          <tagUsage gi="seg" occurs="77"/>
          <tagUsage gi="kinesic" occurs="24"/>
        </namespace>
      </tagsDecl>
    </encodingDesc>
    <profileDesc>
      <settingDesc>
        <setting>
          <name type="address">Kossuth Lajos tér 1-3.</name>
          <name type="city">Budapest</name>
          <name type="country" key="HU">Magyarország</name>
          <date ana="#parla.sitting" when="2017-10-16">2017-10-16</date>
        </setting>
      </settingDesc>
    </profileDesc>
  </teiHeader>
  <text xml:lang="hu" ana="#reference">
    <body>
      <div type="debateSection">
        <u xml:id="ParlaMint-HU_2017-10-16-interpellation-IC7_17347" who="#GergelyFarkas" ana="#regular"><note>FARKAS GERGELY (Jobbik):</note>
<seg xml:id="IC7_17347.1">Köszönöm a szót. Tisztelt Ház! Tisztelt Államtitkár Úr! A Jobbik számos alkalommal hangot adott már annak, hogy immáron tíz éve egyik kormány sem volt képes a hallgatói ösztöndíjak mértékének emelésére. Nem tette ezt meg a 7, azaz hét éve regnáló Orbán-kormány sem. Ez tarthatatlan, és sürgős lenne orvosolni, ugyanis tíz év alatt rengeteget nőttek a hallgatók kiadásai, miközben a tanulmányi ösztöndíj nevetségesen alacsony maradt. A szülői háttér pedig legtöbb esetben nem képes finanszírozni a gyermekek felsőoktatási tanulmányaival járó kiadásokat. Mindez tehát kihat a továbbtanulásra, ugyanis sokan azért nem kezdik el vagy nem tudják folytatni felsőoktatási tanulmányaikat, mert nincs rá anyagi fedezetük. Így az önök oktatáspolitikája egyre inkább azt eredményezi, hogy a kiváltságosok juthatnak be a felsőoktatásba, és a pénztárca határozza meg a továbbtanulás lehetőségét ahelyett, hogy a szorgalom és a tudás számítana.Elképesztő és siralmas az is, hogy az önök által elfogadott 2018-as költségvetés alapján jövőre sem számíthatnak több pénzre a hallgatók, sőt konkrétan leszavazták a Jobbik erre vonatkozó költségvetési módosító javaslatát. Ez a fiatalok arculcsapása. Pedig nagyon időszerű és esedékes lenne már az emelés.A hallgatói kiadások, mint például a lakhatás, amely a kevés kollégiumi férőhely miatt még drágábbá válik a magas albérletárak révén, a tanulmányi kiadások, a közlekedés, a mindennapok kiadásai olyan kihívásokat állítanak a fiatalok elé, amelyeket a jelenlegi ösztöndíjakkal képtelenség leküzdeni. Nemcsak a Jobbik egyébként, de a HÖOK szerint is itt lenne az ideje annak, hogy egy strukturális reform keretében a kormány legalább 40 százalékos emelést vezessen be a hallgatói ösztöndíjak tekintetében.Tisztelt Államtitkár Úr! A tanulmányi ösztöndíj minimumösszege 6 ezer forint, átlagosan pedig 11-12 ezer forint. Ez az összeg finoman szólva is eltörpül amellett, hogy a legvisszafogottabb becslések szerint is egy átlagos egyetemista 50-60 ezer forintból él havonta. A javasolt legalább 40 százalékos emelés a számítások szerint körülbelül 12 milliárd forintos többletkiadást jelentene az államnak. Ez, valljuk be, nem okozhat gondot egy 18 000 milliárdos költségvetés viszonylatában. Ez mindösszesen a költségvetés 6 ezreléke, ismétlem, hat ezreléke. Mondhatom azt is, hogy eltörpül ez a többletkiadás a teljes költségvetés mellett.Kétségtelen, hogy a hallgatói ösztöndíjak emelése, mint oly sok más dolognál láthattuk, akarat és szándék kérdése. Egyértelmű a helyzet: önök sajnos lemondtak a fiatalokról. Felmerül a kérdés, az Orbán-kormány vagy nem akar emelni, vagy egyszerűen alkalmatlan erre a feladatra. Azt gondolom, hogy egyik sem vállalható, egyik sem elfogadható. A kérdés adott: miért nem volt képes a kormány hét év alatt egyszer sem emelni a hallgatói ösztöndíjakat? Várom érdemi válaszát</seg>
<kinesic type="applause"><desc>Taps a Jobbik padsoraiban.</desc></kinesic>
</u>
        <u xml:id="ParlaMint-HU_2017-10-16-interpellation-IC7_17751" who="#R.BenedekSallai" ana="#regular"><note>SALLAI R. BENEDEK (LMP):</note>
<seg xml:id="IC7_17751.1">Köszönöm a szót, elnök úr. Tisztelt Országgyűlés! Tisztelt Miniszter Úr! Köszönöm szépen, hogy újfent személyesen tisztelte meg az Országházat azzal, hogy választ adjon erre a kérdésre. Miután ön személyesen jelentette be egy konferencián, hogy módosítani kell az erőmű elkészültének a végső idejét, talán szerencsés is, hogy személyesen válaszol arra, hogy azt az első csúszást, amit most bejelentett, hogyan gondolják a jövőben. Azt mondta szó szerint, hogy az elsőt 2026-ban, a másodikat 2027-ben szeretnék átadni. A közölt évszámok pontosan egyéves csúszást jeleznek a korábban elfogadott ütemtervhez képest, vagyis a beruházás minimum egy évet késik. Önök az EU-ra, elhúzódó engedélyezésre fogják a késedelmet, de ez sajnos nem igaz, hiszen az ütemtervből az is látszódik, hogy a környezetvédelmi engedélyt 2015-re, a telephelyengedélyt 2016-ra, a létesítési engedélyt 2017-re tervezték megszerezni. A környezetvédelmi engedély és a telephelyengedély 2017-ben emelkedett jogerőre, a létesítési engedély pedig leghamarabb 2019 közepére születhet meg.A magyar engedélyezési eljáráshoz az EU-nak - mint tudjuk - semmi köze nincs. Nyilvánvalóan felmerül a kérdés, hogy az LMP által korábban folyamatosan prognosztizált tendencia, hogy minden atomerőműnek csúszik a megvalósítása, és minden atomerőmű lényegesen többe kerül, mint azt tervezik, ennek az első jeleit ön szolgáltatja részünkre, hogy igen, úgy van, ahogy az LMP megmondta. Egész Európában a rendszerváltás óta egyetlen reaktorblokk sem épült meg a tervezett idő- és költségkereteken belül, és a költségtúllépés fő oka mindig az időbeli csúszás, hiszen hosszabban kellett fizetni az embereket, a gépeket, miközben később kezd termelni a beruházás.Bocsásson meg, elnök úr, illetve miniszter úr, annyit hadd említsek, hogy ugyanerre utal most, gyakorlatilag a költségekre Ausztria múlt heti nyilatkozata, amely egyértelműen rámutatott, hogy Ausztria a nemzetközi európai bírósághoz fog fordulni ebben az ügyben, hiszen bizonyítva látja azt, hogy nem fog megtérülni ez a beruházás állami beavatkozás nélkül. Nyilván erre nem kell válaszolnia, mert a leadott kérdésben nem szerepel, ugyanakkor az állításainkat egyértelműen alátámasztja ez, hiszen egyértelmű, hogy ez az egész atomterv és a fideszes atomblokkfejlesztés egy elhibázott irány.Bizonyára miniszter úrnak sokat mond Zwentendorf esete: azt hiszem, valami 15 milliárd schillingből fejlesztettek sok éven keresztül, majd egy normális kormány egy népszavazással a kulcsrakész reaktort nem engedte üzembe helyezni, és ennek megfelelően Ausztriában ma egy napelempark van. Mint olvastuk nemrégen, a svédek Csernobilban is napelemparkot termelnek</seg>
<seg xml:id="IC7_17751.2">(Sic!)</seg>
<seg xml:id="IC7_17751.3">Ha az LMP kormányozni fog, Európában harmadik esetben vélhetően Paks is erre a sorsra jut, hogy az energiaelosztási rendszert kihasználva napelempark jön létre. Azt szeretném megkérdezni, mi várható még változás, és a leadott kérdésnek megfelelően kíváncsiak vagyunk, hogy milyen költségnövekedésről és időcsúszásokról tud még beszámolni miniszter úr. Köszönöm a szót, elnök úr.(15.20)</seg>
</u>
        <u xml:id="ParlaMint-HU_2017-10-16-interpellation-IC7_17752" who="#R.BenedekSallai" ana="#regular"><note>SALLAI R. BENEDEK (LMP):</note>
<seg xml:id="IC7_17752.1">Köszönöm a szót, elnök úr. Tisztelt Országgyűlés! Az elmúlt két hétben rendszeresen visszatérő téma volt a termőföld-privatizáció eredménye, és Bitay Márton államtitkár úr az FM képviseletében kétszer is elmondta, hogy 30 ezer kisgazdálkodót juttatott az állam földhöz. Megnéztük a pontos adatokat, hogy a licitáláson hogyan is történtek a vételek, és mint azt az interpellációban leírtam, összesen 8745 adásvételről találtam meg a dokumentumot. A konkrétan érintett természetes személyek száma 3910, az azonos lakcímen tartózkodókkal együtt is 3500 vevőről mint családról van szó. Nyilván felmerül a kérdés, hogy ha a licitálásokról beszélünk és a termőföld-privatizációról, akkor az FM honnan veszi ezeket a számait, mert ez kezd olyan lenni, mint a hajdú-bihari juhlétszám, ahol szintén nagyot tévedett az FM. Tehát egyértelműen másról van szó. Egyértelműen látszik, hogy 60 nagygazdáról van szó, megyénként 2-3-4 nagygazdáról, összesen is csupán kábé 3900-ról, akik egy része kereskedő, vállalkozó, ügyvéd. Tehát felmerült a kérdést, amit írásban is leadtam: hogyan jön ki ez 30 ezer vevő? Mi alapján állapítják meg a szerződés aláírásakor, hogy a vevők egyáltalán megfelelnek az Nemzeti Földalapban rögzített vásárlási feltételeknek? Milyen szempont alapján tekintik ezeket a vevőket kisgazdálkodónak?Annál is inkább fontosak ezek a kérdések, hiszen a vevők között gyakorlatilag ott van a Fidesz-közeli nagyvállalkozó, Szatmári Zoltán, aki 293 hektárt vett; az Orbán család közvetlen baráti köréhez tartozó Kékessy Dezső 288 hektárral, a Fazekas Sándor és Varga Mihály miniszterek baráti köréhez tartozó Fazekas Szabolcs, Tomajmonostora polgármestere közvetlen rokonsága, amely 268 hektárt vett, és ott vannak a Fazekas Sándor miniszter úr rokonságához tartozó Bekecs fivérek 252 hektárral.Ez azért érdekes, mert a magyarországi földtörvény alapján, a 300 hektáros birtokmaximum alapján azt kell feltételeznünk, hogy ezek olyan gazdálkodók, akik korábban semennyi földdel sem rendelkeztek. Szó nincs arról, hogy itt kisgazdálkodók vettek volna földet. Egyértelműen arról van szó, hogy önök kijátszották családtagjaiknak, rokonaiknak és üzleti körüknek ezt az állami vagyont, és nem 30 ezer vevőről beszélhetünk, hanem a licitálások útján értékesített földek tekintetében mindössze 3900 körüli vásárlóról. Mindez azért probléma, mert ezek mindenféle körből mindent erősítenek, csak a foglalkoztatást nem. Budapesten például 41 fő vásárolt 147 földrészletet 6 különböző megyében, és csak elvétve van olyan, ami Pest megyei terület. Nyilvánvalóan ez rámutat arra, hogy ez a termőföld-privatizáció semmilyen szempontból nem felelt meg azoknak a céloknak, amiket a &#8222;Földet a gazdáknak!&#8221; program során kihirdettek, nem felelt meg azoknak a célkitűzéseknek, amiket Jakab alelnök úr annak idején 2015 nyarán meghirdetett itt a parlamentben, hogy a kisgazdálkodókat kell földhöz juttatni. Ez egyszerűen földrablás volt, hagyták, hogy szétrabolják a magyar földet, és nyilvánvalóan várjuk a választ, hogy ezen statisztikai adatok, amelyek az önök nyilvános adatain alapulnak, hol sántítanak, és hol van a különbség az önök adatai és a mieink között, ami rámutat valójában az igazságra. Erre várom mellébeszélés-mentes válaszát szintén a miniszter úrnak</seg>
<kinesic type="applause"><desc>Taps az LMP, a Jobbik és a független képviselők soraiban.</desc></kinesic>
</u>
        <u xml:id="ParlaMint-HU_2017-10-16-interpellation-IC7_17757" who="#ErzsébetSchmuck" ana="#regular"><note>DR. HADHÁZY ÁKOS (LMP):</note>
<seg xml:id="IC7_17757.1">Köszönöm szépen. Tisztelt Államtitkár Úr! Pár hete számoltam be arról a visszaélésekkel terhelt támogatási konstrukcióról, amelynek hasznait Garancsi István érdekeltségei fölözik le. A mozgáskorlátozottak csak úgy vásárolhattak használt autót 600 ezer forintos állami támogatással, hogy kötelező jelleggel - egészen elképesztő: kötelező jelleggel &#8209;, ha megvan a pénzük, akkor is 300 ezer forint kölcsönt kell felvenni a Garancsi érdekeltségébe tartozó Duna Lízingtől, másrészt új autót is csak úgy vehetnek hitelre, ha Garancsi úr uzsorakölcsönére kényszerítik őket.A Duna Lízing Zrt. 17,4 százalékos teljes hiteldíjmutatóval kínálja a hitelt, holott piaci alapon az ilyen típusú hitelek már 4-5 százalékos THM-mel is elérhetőek, sőt találhatunk akár nulla százalékos hiteldíjmutatós ajánlatot is. A Lehetőségautó kalkulátorával viszont kiszámítható, hogy ha valaki felvesz például egy 1,2 literes Suzukira csaknem 2 millió forint hitelt, akkor 3 év alatt több mint 700 ezer forinttal többet kell visszafizetnie, és így az állami támogatás nagy része szépen átfolyik a Garancsi érdekeltségébe tartozó céghez. Új autót és csakis Suzukit Budapesten és környékén kizárólag a Lehetőségautó Kft.-től vehetnek, amely szintén Garancsi úr érdekeltségébe tartozik.Lázár úr pár órával a korrupcióinfóm után a kormányinfón már be is jelentette, hogy az EMMI felülvizsgálja majd a támogatási feltételeket, és január 1-jétől megszünteti a kényszerhitelezést.Államtitkár Úr! A kérdések a következők. A kényszerhitel megszüntetése mellett tervezik&#8209;e eltörölni azt a súlyosan verseny- és lehetőségkorlátozó rendelkezést, hogy állami támogatással csak Suzuki típusú autót és azt is csak meghatározott kereskedőtől vásárolhatnak? Segíteni fognak&#8209;e azokon, akik korábban csak az előbb felvázolt kényszerfeltételekkel tudtak hozzájutni az autókhoz?A következő kérdés, hogy könnyítenek&#8209;e azoknak a hiteleseknek a visszafizetési feltételein, akik már most is nyögik ezt a 17,5 százalékos hiteldíjmutatót. A következő kérdés, hogy szándékukban áll&#8209;e változtatni azokon a lehetőséget kizáró adminisztrációs és bürokratikus feltételeken, terheken, ami miatt a legtöbb használtautó-kereskedő nem is áll szóba ezekkel a mozgáskorlátozott emberekkel. És talán a legfontosabb kérdés, hogy lehetővé teszik&#8209;e a versenyt a bankok, illetőleg a lízingcégek között azzal, hogy ne csak Garancsi István cége nyújtson hitelt a mozgáskorlátozottak autóvásárlásához. Köszönöm szépen</seg>
<kinesic type="applause"><desc>Demeter Márta tapsol. - Dr. Rétvári Bence: Vastaps.</desc></kinesic>
</u>
        <u xml:id="ParlaMint-HU_2017-10-16-interpellation-IC7_17759" who="#LászlóSzakács" ana="#regular"><note>DR. SZAKÁCS LÁSZLÓ (MSZP):</note>
<seg xml:id="IC7_17759.1">Köszönöm a szót, elnök úr. Tisztelt Képviselőtársaim! Tisztelt Államtitkár Úr! Nyilvánvalóan önök is tudják, hogy a vezető halálozási okok között rákos megbetegedések vannak. Magyarországon 80 ezer új rákos megbetegedést diagnosztizálnak az orvosaink, és azt is tudjuk, hogy csak akkor gyógyítható, illetve akkor sokkal könnyebben gyógyítható a rákos megbetegedés, ha minél hamarabb diagnosztizálják. Ezt egy ilyen PET-CT nevű készülékkel, illetve annak az eljárásával lehet a legkönnyebben és a leggyorsabban diagnosztizálni. Magyarországon 13 éve alkalmazzák ezt az eljárást. Jelenleg is nyolc centrumban vannak ehhez szükséges berendezések és kiképzett orvosok. A várólisták viszont megnőttek az elmúlt időszakban, amióta a Nemzeti Egészségbiztosítási Alapkezelő végzi április 1-jétől ezeknek a várólistáknak a kezelését. A nyár folyamán az ezzel kapcsolatos adminisztrációt, tehát az ide való bejutásnak az adminisztrációját megváltoztatták, és a korábbi papíralapú beutalást egy elektronikus felületre vitték át, arra terelték át</seg>
<seg xml:id="IC7_17759.2">(Az elnöki széket Lezsák Sándor, az Országgyűlés alelnöke foglalja el.)</seg>
<seg xml:id="IC7_17759.3">Ezzel kapcsolatban született egy EMMI-rendelet, amit ugyan soha nem hirdettek ki, de a lényeg az, hogy ezt kell alkalmazni azoknak az orvosoknak, akik valakit PET-CT-re szeretnének beutalni, holott magának a várólistáknak a kezelési rendszerére a mai napig a 2006 óta érvényes miniszteri rendeletek állnak rendelkezésre, tehát azt kellene alkalmazni.Valójában azt látjuk, hogy a társadalombiztosítás sem finanszíroz eleget, annyit finanszíroz, amennyi a kapacitás nagyjából-egészéből, 30-31 ezer ilyen vizsgálatot tudna a társadalombiztosítás finanszírozni, viszont pontosan a megváltozott jogi környezet miatt, pontosan a megváltozott beutalási rend miatt azt láthatjuk, hogy nagyjában-egészében 10-11 ezerre esik vissza a jelenlegi 20 ezerről ezeknek a PET-CT-vizsgálatoknak a megvalósulása. Tehát 31 ezer helyett 10-11 ezer, és valójában 80 ezerre lenne szükség. Úgy gondoljuk, hogy egyfelől, ha több pénzt is tudnának beletenni, és természetesen több olyan intézmény lenne, ahol ezek a berendezések megfelelően rendelkezésre állnak, és kiképzett orvosok is vannak mellettük, még akkor sem elegendő a jogi környezet azért, hogy ennyi vizsgálatot elvégezzenek; azért, mert önök annyira megbonyolították. A korábbi egylépcsős beutalási rend helyére egy háromlépcsős olyan beutalási rendet hoztak a PET-CT-knek az igénybevételéhez, amit igazából az orvosok sem értenek, és legfőképpen a legnagyobb baj, ami így demoralizálja őket, hogy nem is kell indokolni. Ezért azt szeretném kérdezni, hogy az EMMI részéről mikor fogják kihirdetni a beutalási rendnek az átalakítását, és miért kell 60 ezer forintot még a betegeknek is előteremteni azért, hogy a PET-CT-t igényelhessék. Köszönöm a figyelmet. Köszönöm, elnök úr</seg>
<kinesic type="applause"><desc>Taps az MSZP soraiból.</desc></kinesic>
</u>
        <u xml:id="ParlaMint-HU_2017-10-16-interpellation-IC7_17770" who="#GyörgySzilágyi" ana="#regular"><note>SZILÁGYI GYÖRGY (Jobbik):</note>
<seg xml:id="IC7_17770.1">Köszönöm szépen a szót, elnök úr. Tisztelt Ház! Tisztelt Államtitkár Úr! Közel másfél évvel azt követően, hogy önök a katasztrófavédelemhez delegálták a ma még kötelező lakossági kéményseprést, úgy tűnik, hogy a BM-OKF kéményseprőipari szerve a feladat súlya alatt kapitulált, hiszen a napokban a belügyminiszter által benyújtott törvénymódosítás nyílt beismerése annak, hogy a kormány által kijelölt szerv nem tudja ellátni a lakosság élet- és vagyonvédelme érdekében szükségesnek ítélt feladatokat.Úgy tűnik, hogy a kormány a törvénymódosítással nem ellátni akarja az élet- és vagyonvédelmi feladatait, hanem adminisztratív eszközökkel sokkal inkább megszüntetni akarja magát a feladatot, ami szembemegy a józan ésszel. A módosítással önöknek kizárólag egy céljuk van: a felelősséget kívánják áthárítani a magyar emberekre.A módosítás indoklásában csak egy igen izzadságszagú, értelmezhetetlen magyarázkodásra futotta önöktől, miszerint: &#8222;E kötelezettség az ingatlanhasználónak adminisztrációs és időbeli terhet jelent. E lakossági teher megszüntetése érdekében indokolt az egylakásos lakóépületeknél, azaz a családi házak esetében a rendszeres sormunka helyett a megrendelésre történő munkavégzést bevezetni.&#8221;Önök kormányon vannak, és úgy kormányoznak, hogy nincsenek tisztában a mai magyar valósággal. A kötelező kéményseprési ellenőrzés mellett 2015-ben a régi rendszer szerint 11, 2016-ban még mindig a kötelező rendszer mellett, az önök által felállított új rendszerben több mint a duplája, 28 sajnálatos haláleset történt az országban.A Jobbik véleménye szerint éppen ezért kell az államnak a kötelező kéményseprési ellenőrzést megtartania, mert ha nem lenne kötelező, akkor senki, vagy csak nagyon kevesen vennék igénybe, és ez újabb halálesetekhez vezetne.Önök szerint az eltúlzott adminisztrációs és időbeli teher miatt kell változtatni, ami a valóságban azt jelentette, hogy a lakosnak egyetlen aláírással kellett igazolnia a munka elvégzését. Tehát ha meg kell rendelni az ellenőrzést, akkor nem lesz eltúlzott az adminisztrációs és időbeli teher, ugye? Maguk ismét be akarnak csapni mindenkit.Volner Pál államtitkár úr úgy nyilatkozott, ne gondolja senki, hogy a magyar kormány olyan intézkedést kíván bevezetni, amely az emberek életét veszélyezteti. Államtitkár úr, de gondoljuk, ez pontosan egy olyan intézkedés, amely veszélyezteti az emberek életét, és aki ezt a javaslatot benyújtotta, az Pintér Sándor, a kormány belügyminisztere.Mikor fogják végre belátni, hogy az önök által átalakított kéményseprőipari szolgáltató rendszer, amit önök ráerőltettek a magyar társadalomra, működésképtelen és felettébb veszélyes? A Jobbik egyetlen olyan törvényjavaslatot sem fog támogatni, amely a magyar emberek élet- és vagyonbiztonságát kockáztatja. Mi a nép pártján állunk, éppen ezért sem a bizottsági szinten, sem itt, a plenáris ülésen nem kívánunk asszisztálni egyetlen magyar család tragédiájához, egyetlen magyar ember halálához sem, és erre szólítjuk fel a Magyar Országgyűlés valamennyi képviselőjét. Miért nem állnak az emberek pártjára, miért nem védik a magyar életeket? Várom érdemi válaszát</seg>
<kinesic type="applause"><desc>Taps a Jobbik soraiban.</desc></kinesic>
</u>
        <u xml:id="ParlaMint-HU_2017-10-16-interpellation-IC7_17771" who="#LorántnéHegedűs" ana="#regular"><note>HEGEDŰS LORÁNTNÉ (Jobbik):</note>
<seg xml:id="IC7_17771.1">Köszönöm szépen a szót, elnök úr. Tisztelt Államtitkár Úr! Magyarországon az alkalmazásban álló munkavállalók keresetének mértéke gyalázatos módon elmarad a nyugat-európai társaikétól. Igaz ez a nemzetgazdaság egészére, tehát úgy a magánszektorban, mint a közszférában, de ez utóbbi esetén kétségtelenül nagyobb az állam felelőssége. Mi a költségvetési törvénytervezetek tárgyalásakor évről évre felvetjük a költségvetési intézményekben foglalkoztatottak béremelésének kérdését, így folyamatosan szorgalmazzuk a köztisztviselői illetményalap, valamint egyes illetménykiegészítések, pótlékok emelését, a közalkalmazotti bértábla újragondolását, és így tovább. Tesszük mindezt úgy, hogy teljesen egyértelműen megvan a fedezet mindezen többletkiadásokra. A hiánycél módosítása nélkül lehetne emelni a közszolgálatban állók bérét akkor, ha a Fidesz-kormány nem a felcsúti kisvasút meghosszabbítását, a Miniszterelnökség Várba költözését, a Liget Budapest-projektet erőltetné, vagy ha megszüntetné a propagandaminisztériumot, és egyben csökkentené az állami propagandatévé támogatását is</seg>
<seg xml:id="IC7_17771.2">(15.00)Vagy ha felhagyna az Eximbank kistafírozásával, vagy ha esetleg újragondolná a taotámogatások rendszerét. És ezt a sort még napestig lehetne folytatni. De láthatóan nem célja a Fidesz-kormánynak a bérek rendezése. Sőt, kifejezetten a közszolgák szó szerint szolgasorban tartása az Orbán-terv szándéka. Miért? Részben azért, hogy a 2008-ban kötött szégyenteljes IMF-paktum megszorító intézkedéseit továbbra is megtartsák. De részben azért is, hogy minél inkább kiszolgáltatottabb, megalázottabb helyzetben tartsák a közszolgákat annak érdekében, hogy minél irányíthatóbbak és manipulálhatóbbak legyenek. Jó példa erre a legutóbbi időből a kormányhivatalok vezetői részéről kiadott, törvénytelen utasítás a plakátrongálások végrehajtására, amit a pártállam iránti feltétlen hűség és odaadás alapján vártak el. Nyilvánvalóan önök nem ezen fenti érvekkel próbálnak védekezni az átfogó fizetésemelés elmaradása miatt, hanem a gazdaság teljesítőképességének mértékével próbálnak takarózni, valamint azzal, hogy voltak egyes szakmacsoportokon belül, de ott is kizárólag a jellegadó munkakörök esetén lassacskán és jócskán megkésve érkező, szerény mértékű emelések. Persze, ígérgetésből jóval több jut, mint tényleges bérrendezésből.Tisztelt Államtitkár Úr! Ezek után kérdezem, mikor hajlandó tehát a kormányzat végre felelősségteljesen cselekedni az egyik legégetőbb sorskérdésünk, a bérfelzárkóztatás terén. Várom válaszát. Köszönöm</seg>
<kinesic type="applause"><desc>Taps a Jobbik soraiban.</desc></kinesic>
</u>
        <u xml:id="ParlaMint-HU_2017-10-16-interpellation-IC7_17789" who="#LászlóVarga" ana="#regular"><note>DR. VARGA LÁSZLÓ (MSZP):</note>
<seg xml:id="IC7_17789.1">Köszönöm a szót, elnök úr. Tisztelt Miniszter Úr! Orbán Viktor miniszterelnök 2015 áprilisában Miskolcon járt a &#8222;Modern városok&#8221; programsorozat állomásaként, és ahogy azóta ez minden megyei jogú város esetében történt, megállapodást írt alá a város polgármesterével.Az akkori bejelentés öt fejezetet tartalmazott: egyrészt a Miskolc-Kassa autópálya megépítését, másrészt az &#8222;Okos város&#8221; programot, amelynek részeként gyors és hatékony városüzemeltetést ígértek, illetve a térfigyelő kamerák számának 500-ra emelését tűzték ki célul. A harmadik pont keretében ipari területek fejlesztését ígérték, mintegy ezerhektáros új ipari park létrehozását ígérték. A negyedik pont egy kutatás-fejlesztési program volt, ötödikként pedig a turizmusfejlesztés keretében Tapolcán fürdőfejlesztést ígértek, illetve később külön pontként szerepeltetve Diósgyőrben a vár és környékének fejlesztését ígérték meg.A mintegy két és fél éve bejelentett intézkedésekkel, programcsomaggal két alapvető probléma van. Az egyik az, hogy azóta nagyon sok helyre eljutott ez a programsorozat, eljutott a miniszterelnök, és igaz, hogy csak papíron, egyelőre csak papíron, de előnyösebb megállapodások néztek ki a megyei jogú városok többségének. Másrészt az a probléma ezzel a csomaggal, hogy azóta ezekben az ügyekben nem nagyon történt semmi Miskolc életében. Egyrészről az M30-as autópálya e megállapodástól függetlenül, egy nemzetközi szerződés részeként jönne létre. Ez egy olyan beruházás, amely azonban azóta nem sokat mutatott magából, nem nagyon indult el, egyelőre sehol sem tart. Másrészt a maradék négy pont közül tulajdonképpen az ipari parki területek egy részének felvásárlásáig jutottak el, de itt már nem fogadták el azt a javaslatomat, hogy vonják be itt a DAM mintegy 135 hektáros területének barnamezős rehabilitációját is ebben a kérdésben. Másrészt a többi fejezetben semmilyen előrehaladást nem láthatnak a miskolciak. Pedig a miskolciak is joggal várják, hogy a javarészt európai uniós forrásokból finanszírozni tervezett programcsomagból ők is megkapják, amit érdemelnek. Sőt, azt gondolom, többet is érdemelnének, ezért javasoltam kiegészíteni a már említett DAM barnamezős rehabilitációval ezt a csomagot, de a Diósgyőri Várfürdő fejlesztését is ebben a csomagban lehetne értelmezni. Itt lehetne a sokszor elképesztő légszennyezés hatásait csökkentő innovatív fejlesztéseket bevonni, illetve Diósgyőrben a kórház és a szakrendelések fejlesztése is feltétlenül szükséges. Kérdezem tehát, miniszter úr: mikor fogják a miskolciak érezni a &#8222;Modern városok&#8221; program hatását? Illetve ki lehet&#8209;e egészíteni ezt a programot az általam felsorolt pontokkal? Köszönöm, elnök úr. Várom a miniszter úr válaszát</seg>
<kinesic type="applause"><desc>Taps az MSZP soraiban.</desc></kinesic>
</u>
        <u xml:id="ParlaMint-HU_2017-10-16-interpellation-IC7_17794" who="#SzilárdIstvánNémeth" ana="#regular"><kinesic type="noise"><desc>NÉMETH SZILÁRD ISTVÁN (Fidesz): Köszönöm, elnök úr. Tisztelt Államtitkár Úr! Nagyjából három éve annak, hogy végleg megszűnt az SZDSZ. A rendszerváltás utáni Magyarország alighanem legkártékonyabb pártja nemcsak néhány dicstelen bekezdést hagyott maga után a történelemkönyvekben, de egy 500 milliós tartozást is, amivel kapcsolatban a mai napig zajlik a nyomozás. Bár a párt már elfoglalta jól megérdemelt helyét a történelem szemétdombján, politikusmúmiái időről időre kilépne</desc></kinesic>
<seg xml:id="IC7_17794.1">(Dr. Gyüre Csaba: Földprivatizáció&#8230;)</seg>
<seg xml:id="IC7_17794.2">a történelmi panoptikumból és turnéra indulnak. Természetesen csakis külföldre, mert nagyon jól tudják, hogy itthon már senki sem kíváncsi rájuk, senki sem hisz nekik. A baloldali hagyományok egyenes folytatásaként ezeknek a megszólalásoknak a legfőbb lényege a gátlástalan hazudozás és Magyarország pocskondiázása. Két hete jelent meg egy interjú a l&#8217;Espresso című olasz hetilapban Demszky Gáborral. Az Augiász istállóját hátrahagyó volt főpolgármester persze nem minden idők legnagyobb uniós korrupciójáról, nem a Medgyessy-Gyurcsány-Bajnai-korszakban lenyúlt 160 milliárdos négyesmetró-pénzről számolt be, hanem a hazai sajtószabadság lábbal tiprásáról és a Magyarországot a nemzeti kormány miatt sújtó súlyos gazdasági válságról. Mintha csak verseny lenne a levitézlett SZDSZ-es hatalmasságok között, Magyar Bálint még Demszkyn is messze túltesz. A bukott oktatási miniszter júniusban a Project Syndicate nevű online véleményoldalon írt lejárató cikket hazájáról. Az oldal neve onnan lehet ismerős, hogy két évvel ezelőtt itt tette közzé Soros György a tervét, évente legalább 1 millió bevándorló Európába áramlását. Ez az a terv, aminek az SZDSZ szellemi örökösei még a létezését is tagadják, noha mind a mai napig olvasható ezen az oldalon. A Project Syndicate egyik legnagyobb támogatója természetesen nem más, mint Soros György alapítványa, a Nyílt Társadalom Alapítvány. Magyar a cikk közlése után az Egyesült Államokba, így többek között a kaliforniai Berkeley-re indult előadásokat tartani. Simicska Lajos lapjai és az évek óta problémákkal küzdő Klubrádió egymással versengve számoltak be arról, hogy az előadás után egy magyar diplomata szembesítette az igazsággal a hazudozót. A magyar diplomáciai karnak teljesen természetes és magától értetődő dolga kell hogy legyen, sőt kötelessége, hogy Magyarország érdekeit képviselje külföldön. Hogyan állunk ezen a téren, tisztelt államtitkár úr? Számíthatunk&#8209;e végre a jövőben is arra, hogy a magyar diplomaták megvédik hazánkat a lejárató támadásoktól? Várom megtisztelő válaszát</seg>
<kinesic type="applause"><desc>Taps a kormányzó pártok padsoraiban.</desc></kinesic>
</u>
        <u xml:id="ParlaMint-HU_2017-10-16-interpellation-IC7_17795" who="#LajosKorózs" ana="#regular"><note>KORÓZS LAJOS (MSZP):</note>
<seg xml:id="IC7_17795.1">Köszönöm szépen. Tisztelt Elnök Úr! Tisztelt Ház! Tisztelt Államtitkár Úr! A kormány az elmúlt években egy forinttal sem emelte a közgyógyellátás mértékét, a költségvetésben erre szánt összeg - mintegy 17 milliárd forint - évről évre csökkent. Én ahogy számolom, durván egy 20 százalékos csökkenésről van szó, a szociálisan rászoruló betegek gyógyszereinek állami támogatására a múlt évben már csak 14 milliárd forintot fordított a kormány, ahogy mondtam, 3 milliárddal kevesebbet, miközben százezrek élnek a létminimum alatt. Hallottuk itt a napirend előtti felszólalásban, hogy közel 2 millió nyugdíjasnak a nyugdíja nem éri el a 100 ezer forintot. A teljes költségvetési sor azért is csökkenhetett, mert a kormány 2015-ben több segéllyel együtt megszüntetett olyan ellátási formákat, amibe beleesett a méltányossági ápolási díj. Köztudomású, hogy ezt a települési önkormányzatok a méltányossági ápolási díjjal és egyéb támogatásokkal együtt adhatták a rászoruló embereknek. Csak ezzel az egy lépéssel több tízezer embernek vette el a támogatását a kormány. Jövőre sem emelkedik az ellátási összeg, csupán annyit tesznek, hogy a választás évében 5 százalékkal emelik meg a támogatás jövedelemküszöbét, tehát azt a határt, ami alatt valaki jogosult lehet a támogatásra. Tehát itt egy kicsivel többet juttatnak, de az ellátás nem lesz magasabb. Ugyan néhányan olyanok is kaphatnak ellátást, akik előtte éppen a jövedelemküszöb miatt estek ki. Az ápolási díj ugyan kismértékben emelkedett, de messze nem éri el azt az összeget, ami a sokszor 24 órás gondozás elismeréseként megilletné az ápolást végző személyeket. Egy idős ember bentlakásos otthonban való ellátása még mindig jóval több támogatást kap, mint az otthon való ápolás. Nem értjük, hogy a Fidesz, amelyik ellenzékben olyan harcosan kiállt az otthonukban ápolást, gondozást végzők érdekeiért, kormányra kerülve miért nem tett érdemi lépéseket. Nem sikerült semmilyen módon megoldani a foglalkoztatási kérdéseket, és az anyagi dolgokban is csak apró lépések történtek, miközben folyamatosan emelkedik az érintettek száma. Éppen ezért kérdezem, hogy miért nem emelik végre a közgyógyellátás összegét. Kérdezem továbbá, hogy miért nem kapnak végre érdemi anyagi elismerést a szeretteiket otthonukban ápoló családtagok. Miért nem kapnak több támogatást a szegénységben élő idősek, és a gazdasági növekedésből miért nem jut több a beteg, rászoruló emberek támogatására? Várom megtisztelő válaszát</seg>
<kinesic type="applause"><desc>Taps az MSZP soraiban.</desc></kinesic>
</u>
        <u xml:id="ParlaMint-HU_2017-10-16-interpellation-IC7_17797" who="#SándorSzabó" ana="#regular"><note>SZABÓ SÁNDOR (MSZP):</note>
<seg xml:id="IC7_17797.1">Köszönöm a szót, elnök úr. Gondolom, államtitkár úr fog válaszolni, úgyhogy államtitkár úrnak címzem a kérdést. Tisztelt Államtitkár Úr! A KSH 2017 első negyedéves adataiból egyértelműen kiderül, hogy drasztikusan megnövekedett a halálozások száma a korábbi, 2016. évi hasonló adatokhoz képest. Sokféle ok van a halálozási okok között, de a leginkább a hiányos egészségügyi ellátásra vezethető vissza, amely elsősorban az idősebb korosztályt érinti. A hideg hónapokban sajnos Magyarországon még mindig van olyan ember, akinek a halálát a kihűlés okozza, és köztük sok az idős ember, akik alacsony nyugdíjuk miatt képtelenek kigazdálkodni a rezsiköltségeket, és ezért sokszor a fűtésen spórolnak. Persze, ha megfelelően működne a szociális és egészségügyi alapellátás, akkor sokak halála megelőzhető lenne, de azt tapasztaljuk, hogy a kormány az utóbbi években pont a szociális ellátásoktól vont el jelentős összegeket. Szintén szigorította a kormány az utóbbi években a házi segítségnyújtáshoz való hozzáférés szabályait is, ma már olyanok is kiszorulnak az ellátásból, akik korábban jogosultak lettek volna rá, pedig még fizettek is a szolgáltatásért. A házi segítséggondozást szétválasztották két külön tevékenységi körre, amelyek közül a szociális segítést közmunkások is végezhetik. Ezzel önmagában nem is lenne baj, de újabb állami területet tesznek a közfoglalkoztatás részévé, ami azt jelenti, hogy ugyanazért a munkáért kevesebb bért és megbecsülést kapnak az ott dolgozók.Mivel szigorodtak a feltételek, ma már az idősotthonokba is nagyon nehéz bekerülni. Eddig is nagyon sok időbe tellett, hogy az ellátást igénylő idős emberek bejussanak az otthonba, és a várólisták folyamatosan növekednek. De aki esetlegesen be is tud jutni egy-egy ilyen otthonba, attól is drasztikus mértékű pénzt kérnek el, ez akár 8 millió forint is. És még egyébként a havi térítési díj is jelentősen megemelkedett.Akiknek pedig semmilyen ellátás nem jut, azok a család vagy a rokonság segítségére számíthatnak. De hiába szeretné valaki otthon gondozni a hozzátartozóját, ma már ehhez sem ad megfelelő támogatást a kormány, hiszen megszüntették a méltányossági ápolási díjat is. Sőt, a szülőtartás bevezetésével az a célja a kormánynak, hogy minden körülmények között az idős ember gyermekeit tartsák el, akár otthoni ápolásról van szó, vagy akár úgy, hogy egy-egy intézményben a térítési díjat kell nekik megtéríteni. Felmerül a kérdés, hogy miért van erre szükség. Valóban nincs pénz arra, hogy megfelelő ellátást kapjanak ma Magyarországon az idős, beteg emberek? Akiknek semmilyen segítségük nincsen, azok valóban magukra kell hogy maradjanak? Nem lehet a kormány időspolitikája az, hogy mindenki tartsa el vagy tartassa el magát. Éppen ezért kérdezem az államtitkár urat, miért mondott le a kormány a gondozásra szoruló idős emberekről. Várom megtisztelő válaszát</seg>
<kinesic type="applause"><desc>Taps az MSZP soraiból.</desc></kinesic>
</u>
        <u xml:id="ParlaMint-HU_2017-10-16-interpellation-IC7_17798" who="#GyulaBudai" ana="#regular"><note>BUDAI GYULA (Fidesz):</note>
<seg xml:id="IC7_17798.1">Köszönöm szépen. Tisztelt Elnök Úr! Tisztelt Államtitkár Úr! Mint ismeretes, Czeglédy Csaba, a szombathelyi MSZP, DK és Együtt önkormányzati képviselője, aki ügyvédként is az MSZP és a DK jogi képviseletében több képviselő és politikus képviseletét ellátta, költségvetési csalás gyanúja miatt előzetes letartóztatásban van. A gyanú szerint a Czeglédy Csaba által irányított bűnszervezet, amely a Human Operator Zrt. munkaerő-közvetítése köré csoportosult, 2013-16 között több mint 3 milliárd forint kárt okozott a magyar költségvetésnek, ennek a bűnszervezetnek 17 tagja jelen pillanatban előzetes letartóztatásban van. Mindezen tevékenység folytatásához Czeglédy Csaba a Gyurcsány Ferenchez köthető Altus Porfólió Zrt.-től 80 millió forint kölcsönt vett fel abból a célból, hogy a diákok elmaradt bérét kifizesse, de ezt nem tette meg. Az állam megkárosítása mellett a Czeglédy által irányított bűnszervezet idén májusban-júniusban fizetésképtelenné vált, ennek alapján közel ezer diák nem kapta meg a neki járó bérét, járandóságát, és ezt a Czeglédy Csaba által irányított Human Operator Zrt. a mai napig nem fizette ki, így jelentős kárt okozott ezen diákoknak. A károsult diákok hiába várnak a pénzükre, Czeglédy Csaba csupán ígéretet tett erre, de nem fizette ki, miközben Czeglédy Csaba a mai napig 2,4 millió forint bért vett fel a Human Operator Zrt.-től, több mint egy kilogramm tömbaranyat foglaltak le tőle egy titkos osztrák széfben, és közel 60 millió forintos luxusautóval jár, a diákok pedig a mai napig is futnak a bérük után</seg>
<kinesic type="noise"><desc>Közbeszólás a Fidesz soraiból: Szégyen!</desc></kinesic>
<seg xml:id="IC7_17798.2">Tisztelt Államtitkár Úr! Adódik a kérdés, hogy a kormány tervezi&#8209;e a közel ezer károsult diák kártalanítását annak érdekében, hogy minél hamarabb megkapják ezt az összeget, és ne kelljen a diákoknak azt a hosszú és bonyolult jogi eljárást kivárni, amelynek a végén esetlegesen a bíróság majd az elmaradt kárt a diákok javára megítéli. Kérem, államtitkár úr, tájékoztasson ezzel kapcsolatban, és várom megtisztelő válaszát. Köszönöm szépen</seg>
<kinesic type="applause"><desc>Taps a kormánypártok soraiban.</desc></kinesic>
</u>
        <u xml:id="ParlaMint-HU_2017-10-16-interpellation-IC7_17800" who="#IstvánApáti" ana="#regular"><note>DR. APÁTI ISTVÁN (Jobbik):</note>
<seg xml:id="IC7_17800.1">Köszönöm a szót, elnök úr. Tisztelt Ház! Tisztelt Államtitkár Úr! Még csak október közepe van, de máris jelentőssé vált a tűzifahiány, és ahol lehet egyáltalán kapni, ott is nagyon drága a tüzelő. Önök előszeretettel hivatkoznak a rezsicsökkentésre, amit természetesen mi is támogattunk, elmondtuk, hogy ez egy kifejezetten előnyös dolog a háztartások számára, de kötelességünk felhívni az önök figyelmét a súlyos hiányosságokra. A KSH augusztusi adatai szerint egy év alatt 6,1 százalékkal drágult átlagban a tűzifa ára, azonban a valóság sokkal keményebb, sokkal zordabb, hiszen bőven két számjegyű ez a drágulás, sőt nagyon sok kereskedésnél több tíz százalékos vagy akár 50 százalékos tűzifaár-drágulással találkozunk az elmúlt egy év viszonylatában. Kifejezetten jónak találtuk a távhő és a földgáz fogyasztói árának csökkentését, de önök akkor is elfeledkeztek a fával fűtő tömegekről, pedig akkor is elmondtuk már, hogy több százezer család vagy talán milliónyi család számára nincs más lehetőség, mint a fatüzelés, hiszen eleve így készült el a lakóház, vagy a korábban folyamatosan növekvő gázárak miatt váltottak gázfűtésről fafűtésre. Itt is vissza kell kanyarodni a bérek, a fizetések kérdéséhez, tisztelt államtitkár úr, hiszen egy átlagfizetésből lehetetlen felújítani vagy korszerűsíteni, energetikailag hatékonnyá tenni ezeket a lakóépületeket. Ezért fordulhat az elő, hogy egy kisebb alapterületű, de korszerűtlen, mondjuk, 30-40-50 évvel ezelőtt épült ház fűtése sokkal többe kerül, sokkal több fát igényel, mint egy jelentősen nagyobb alapterületű, de korszerű technológiával épült ház fűtése, tehát megint a szegények a vesztesek, megint a szegények faragnak rá. A megoldást korábban elmondtuk már, közel öt éve, 2012 decemberében benyújtottuk a javaslatunkat, amely a tűzifa áfatartalmának 5 százalékra való csökkentését jelentette, illetőleg felvetettük az áfamentesség kérdését is. Ezt önök akkor lesöpörték az asztalról - és mire hivatkoztak? Arra, hogy Brüsszel nem engedi, brüsszeli előírások tiltják ezt. Ezt meglehetősen szánalmasnak tartom: miközben folyamatos a szájkarate és az állítólagos politikai ketrecharc Brüsszellel, addig ennyit sem tudtak elintézni, hogy a tűzifa áfatartalmát lehessen csökkenteni. Az a helyzet, hogy a költségvetést ez rendkívül csekély mértékben terhelné meg, és ha jut pénz stadionokra, kisvasutakra, vietnami kórházra, haveri támogatásokra minden héten, akkor talán erre is jutna némi forrás.Borzasztóak az adatok, tisztelt államtitkár úr, hiszen 2010 óta több mint 1600-an fagytak meg, csak tavaly télen legalább 200-an, az emberek 80 százaléka a saját otthonában fagy halálra, éppen ezért nem lehet megkerülni a következő kérdéseket. Belátják-e, hogy csökkenteni kell a tűzifa áfatartalmát, vagy akár az áfamentességet is biztosítani kell? Belátják, hogy amit eddig csináltak, az nagyon kevés volt és diszkriminatív? Mikor hajlandóak végre segíteni a fával fűtő családokon? Várom mellébeszélésektől mentes, érdemi válaszát</seg>
<kinesic type="applause"><desc>Taps a Jobbik soraiban.</desc></kinesic>
</u>
        <u xml:id="ParlaMint-HU_2017-10-16-interpellation-IC7_17802" who="#LászlóSzászfalvi" ana="#regular"><note>SZÁSZFALVI LÁSZLÓ (KDNP):</note>
<seg xml:id="IC7_17802.1">Köszönöm szépen a szót. Tisztelt Elnök Úr! Tisztelt Államtitkár Úr! Tisztelt Képviselőtársaim! 2017. október 4-én a kormány megújította a Magyarországi Református Egyházzal hitéleti, közcélú, valamint közéleti és társadalmi tevékenységek ellátásával kapcsolatos megállapodását. A korábbi, 1998-ban kötött megállapodásban a kormány és a Magyarországi Református Egyház közötti viszony alapelvei kerültek megerősítésre. A megállapodás kimondta, hogy az állam és az egyházak viszonya a demokratikus államrend visszaállításával új alapokra helyeződött. Ennek megfelelően a korábbi ideológiai szembenállás helyett a vallásszabadság biztosítása, valamint az állam és az egyház szétválasztásának elve mellett a partneri, kölcsönösen felelős együttműködés időszaka következett.Ezért a megállapodásban a kormány elismerte a református egyház önkormányzatát, irányítására, felügyeletére szervet nem hozott létre. A megállapodás kitért a Magyarországi Református Egyház hitéleti, közszolgálati és közéleti tevékenységének az állam általi anyagi támogatásával összefüggő kérdéseire és azok garanciájára is. A református egyház vállalta, hogy hitéleti, közszolgálati, közéleti és társadalmi feladatokat végez. Hitéleti feladatai között gondoskodik hitéleti tevékenységének végzéséről, a hitbeli, vallási meggyőződés kifejezésre juttatásáról, annak nyilvános gyakorlásáról és tanításáról.Közszolgálati feladatai között gondoskodik óvodai, iskolai, szociális intézmények alapításáról, fenntartásáról és működtetéséről; közéleti, társadalmi feladatai között pedig képviseli hagyományainak megfelelően azokat az értékeket, amelyeket megőriztek évszázadokon keresztül.(15.10)Tisztelt Államtitkár Úr! A &#8217;98-as megállapodás megerősítette a Magyarországi Református Egyház működésének feltételeit, éppen ezért kérdezem tisztelt államtitkár urat, melyek a kormány és a Magyarországi Református Egyház között létrejött megállapodás új elemei. Várom államtitkár úr megtisztelő válaszát</seg>
<kinesic type="applause"><desc>Taps a kormánypárti padsorokban.</desc></kinesic>
</u>
        <u xml:id="ParlaMint-HU_2017-10-16-urgent_question-AC7_17832" who="#LászlóFöldi" ana="#regular"><note>FÖLDI LÁSZLÓ (KDNP):</note>
<seg xml:id="AC7_17832.1">Köszönöm a szót, elnök úr. Tisztelt Képviselőtársaim! Tisztelt Államtitkár Úr! Mint ahogy a cím is adta, az Albertirsa-Kecskemét között megépítendő 400 kilovoltos távvezetékről szeretnék beszélni, amit a kormány nemzetgazdasági szempontból kiemelt projektnek nyilvánított.</seg>
<seg xml:id="AC7_17832.2">A beruházás szükségességét senki nem vitatja. Jól tudjuk, hogy a térségben nemcsak a lakosságnak van szüksége áramra, hanem a sok embernek munkát adó, a nemzetgazdaság teljesítményéhez jelentős mértékben hozzájáruló cégeknek is. A folyamatos, megbízható áramellátás tehát mindannyiunk közös érdeke. Ezért a távvezeték megépülését a térség országgyűlési képviselőjeként én is jó szívvel támogatom.</seg>
<seg xml:id="AC7_17832.3">A projekt gazdája a Mavir Zrt. A távvezeték környezetvédelmi és úgynevezett vezetékjogi engedélyeztetési eljárása még nem kezdődött meg. Ennek azért van jelentősége, mert a helyi lakosok közül többen tiltakoznak a tervezett nyomvonal ellen. Úgy vélik, hogy a távvezeték máshol, emberek által nem lakott területen és a tervezettnél olcsóbban is megépülhetne.</seg>
<seg xml:id="AC7_17832.4">Tudomásom van arról, hogy a nyomvonal Nagykőrös külterületén egy 100 méteres szakaszon időközben már módosult, hogy a vezeték elkerüljön egy Natura 2000-es erdőt. Ebből is látszik, hogy itt egy összetett, nehezen megoldható problémával állunk szemben, hiszen lehetséges, hogy a távvezetéknek - ami, még egyszer hangsúlyozom: elengedhetetlenül fontos - mindenféleképpen sértenie kell valamely érdeket és értéket.</seg>
<seg xml:id="AC7_17832.5">Tisztelt Államtitkár Úr! Kérdezem tehát, hogy számíthatnak-e az érintett választópolgárok az eddiginél proaktívabb és részletesebb tájékoztatásra a beruházásról, főleg annak nyomvonalával és esetleges egészségügyi kockázatával kapcsolatban. Milyen szempontok alapján választották ki a távvezeték nyomvonalát? Végleges döntés született-e a nyomvonalról, vagy van még mód azon változtatni? Van-e érdemi különbség az egyes nyomvonalak költsége között?</seg>
<seg xml:id="AC7_17832.6">Tisztelettel várom államtitkár úr válaszát</seg>
<kinesic type="applause"><desc>Taps a kormánypártok soraiban.</desc></kinesic>
<seg xml:id="AC7_17832.7">(17.10)</seg>
</u>
        <u xml:id="ParlaMint-HU_2017-10-16-urgent_question-AC7_17842" who="#MártaDemeter" ana="#regular"><note>DEMETER MÁRTA (LMP):</note>
<seg xml:id="AC7_17842.1">Köszönöm. Államtitkár Úr! Míg önök milliárdokból folytatnak a nem létező Soros-tervről nemzeti konzultációt, addig kíváncsi lennék, hogy miért nem kérdezik meg a magyar embereket, és miért nem folytatnak velük konzultációt a letelepedésikötvény-programról. Miért nem kérdezik meg a magyar embereket arról, hogy mit szólnak ahhoz, hogy maguk 20 ezer bevándorlót hoztak be tudatosan és szervezetten Magyarországra és a schengeni övezetbe ellenőrizetlenül, csak azért, mert maguknak és a haverjaiknak fizettek? Miért nem kérdezik meg arról a magyar embereket, mit szólnak ahhoz, hogy erről az ő fejük fölött, az ország biztonságát és szuverenitását veszélyeztetve döntöttek, a megkérdezésük nélkül, csak azért, hogy kormányközeli offshore cégek 180 milliárd forintot kaszáljanak, ebből csak a Rogán Antal nevéhez köthető cég 140 milliárd forintot kaszált?</seg>
<seg xml:id="AC7_17842.2">Miért nem kérdezik meg a magyar embereket, mit szólnak ahhoz, hogy ez már körülbelül 13 milliárd forintos veszteséget okozott a magyar államnak, hiszen az ő adófizetői pénzükből kell majd visszafizetni ezt a kölcsönt, amit a letelepedési engedélyért cserébe adtak ezek az emberek? Miért nem kérdezik meg az embereket, hogy mit szólnak ahhoz, hogy csak a Rogán Antalhoz köthető cég csak 2016-ban körülbelül 1500 főt, vagyis 200 fővel több bevándorlót engedett be, mint amennyinek a menekültügyi kérelmét az Európai Bíróság döntése alapján Magyarországnak el kellene bírálnia?</seg>
<seg xml:id="AC7_17842.3">(16.40)</seg>
<seg xml:id="AC7_17842.4">Tehát ezekről nem konzultálnak, és nem elég, hogy nem konzultálnak, de még a kérdésekre sem hajlandók válaszolni.</seg>
<seg xml:id="AC7_17842.5">Fenntartom ezért a kérdéseket. Honnan tudták ezek az offshore cégek, hogy Rogán Antal a cégek megalakulását követő nap egy törvényjavaslatot fog benyújtani a Magyar Országgyűlésnek, amivel ezek a cégek 140 milliárd forintot kaszálnak</seg>
<seg xml:id="AC7_17842.6">(Dr. Apáti István: Gyanús! Felettébb gyanús!)</seg>
<seg xml:id="AC7_17842.7">Miről egyeztetett Rogán Antal az orosz parlament kijelölt tisztségviselőjével a letelepedésikötvény-programmal kapcsolatban, vagyis idegen kormány keze is benne van ebben a dologban? Az utolsó kérdésem, hogy Orbán Viktor mennyi pénzt kap ebből az egészből, úgy, hogy tudjuk, ő az egyetlen, aki még nem esett át nemzetbiztonsági átvilágításon, és semmi garancia nincs arra, hogy ne ő jelentené a legnagyobb biztonsági kockázatot Magyarországra. Köszönöm, elnök úr</seg>
<kinesic type="applause"><desc>Taps az LMP és a Jobbik padsoraiból.</desc></kinesic>
</u>
        <u xml:id="ParlaMint-HU_2017-10-16-urgent_question-AC7_17844" who="#PéterÁgh" ana="#regular"><note>ÁGH PÉTER (Fidesz):</note>
<seg xml:id="AC7_17844.1">Köszönöm a szót, elnök úr. Tisztelt Államtitkár Úr! Mindannyiunk számára ismert tény, hogy az Európai Unió megbukott migrációs politikájának köszönhetően mára Európa-szerte élnek rettegésben emberek, ha elmennek egy koncertre, felülnek a metróra, vagy éppen kimennek a strandra a nyári hőségben. Nizza, Barcelona, Berlin, Párizs, Brüsszel, és még sorolhatnám. Terrortámadások sorozata sújtja nemcsak Európát, hanem szerte az egész világot. Jusson eszünkbe, hogy más kontinenseken milyen tragédiák történtek!</seg>
<seg xml:id="AC7_17844.2">A biztonság tehát, kijelenthetjük, hogy elsődleges. Eközben egyes európai vezetők, de akár mondhatjuk azt is, hogy Brüsszel számára nem az emberek biztonsága az elsődleges, hanem lehetőség szerint minél nagyobb emberáradat betelepítése, országok közötti szétosztása, majd ezen emberek több millió forinttal történő támogatása. Ehhez pedig ki tudja adni a muníciót mind anyagi, mind szellemi értelemben? Mára világossá vált, hogy maga Soros György. Teljesen egyértelmű kell legyen mindenki számára, hogy az illegális migráció brüsszeli koncepciója nem másról szól, mint a Soros-terv végrehajtásáról. Emberek millióinak idecsődítése, a tagállamok közötti szétosztása, majd az adófizetők pénzéből történő megtámogatása. Mi, magyarok ebben nem kívánunk részt venni.</seg>
<seg xml:id="AC7_17844.3">Tisztelt Államtitkár Úr! Természetesen terrorcselekmény bárhol megtörténhet a világon, így hazánkban is, de mégis fel kell tennünk a kérdést, hogy egy kis közép-európai ország, mint hazánk, Európa nagy országaival ellentétben miért képes hatékonyan megvédeni Magyarország és egyben Európa határait. Miért csak a magyar kormány számára elsődleges az európai polgárok védelme, és hogyan tudtuk elérni, hogy idén Magyarország a világ tíz legbiztonságosabb országa között legyen? Hogyan képes megvédeni Magyarország Európa és hazánk határait, miközben szerte a világon tombol a terrorizmus? Várom államtitkár úr megtisztelő válaszát</seg>
<kinesic type="applause"><desc>Taps a kormánypártok padsoraiból.</desc></kinesic>
</u>
        <u xml:id="ParlaMint-HU_2017-10-16-urgent_question-AC7_17846" who="#ÁkosHadházy" ana="#regular"><note>DR. HADHÁZY ÁKOS (LMP):</note>
<seg xml:id="AC7_17846.1">Köszönöm szépen, elnök úr. Elfogadom a válaszadó személyét, bár csalódott vagyok, hisz Lázár miniszter urat akartam kérdezni elsősorban arról, hogyan élte meg azt a vitát, ami közötte és Rétvári államtitkár, illetve az EMMI között volt a lélegeztetőgépek beszerzése kapcsán. Hiszen amikor felhívtam a figyelmet, hogy az állam mindenáron dupla áron szeretne vásárolni ilyen készülékeket, akkor az ön főnöke azt mondta, hogy emiatt valakinek le kell vágni valamijét, hogy ez disznóság, nem helyes. Szerintem nagyon helyesen mondta, hogy ez nem helyes. Ellenben az EMMI képviselői, államtitkárai azt mondták, hogy itt minden rendben van. Nem tudom megkérdezni. Azt szerettem volna megkérdezni, hogy milyen volt ezt megélni, alulmaradni ebben a vitában.</seg>
<seg xml:id="AC7_17846.2">Jobb híján akkor ezzel kapcsolatban másik kérdést teszek fel. Múltkor a másik főnökét, a miniszterelnököt kérdeztem ebben a témában. Nem válaszolt erre ő sem. Nyilván ön sem fog erre válaszolni, hogy kinek volt igaza, viszont akkor nagyon ideges volt. Nem jutott eszébe más, azt mondta, hogy ő vizsgálatot követel, merthogy én valami idegen ügynök vagyok meg lobbizok</seg>
<seg xml:id="AC7_17846.3">(Dr. Vas Imre: Most is!)</seg>
<seg xml:id="AC7_17846.4">A kérdésem az, tudja-e ön, hogy milyen vizsgálatra gondolt? Tehát mi lesz a vizsgálat, milyen vizsgálat lesz? Nagyon örülnék például egy parlamenti vizsgálóbizottságnak, ezt tudnám javasolni, de megköszönöm, ha mondja, hogy milyen vizsgálat, hiszen ezen beszerzés kapcsán egészen elképesztő, hogy az állam valóban mindenképpen mindent megtesz azért, hogy a kórházaktól pénzt vegyen el azzal, hogy dupla pénzért szeretne oda beszerezni műszereket, lélegeztetőgépeket.</seg>
<seg xml:id="AC7_17846.5">A másik kérdésem pedig egy következő ügyre vonatkozik, amikor úgy írtak ki laboreszközökre közbeszerzést, hogy a hatféle nagy gépcsoportból mindegyikre egyszerre kell ajánlatot adni, nem lehet részajánlatot tenni. Ez olyan, mintha közlekedési eszközöket akarnának venni, és egyszerre szeretnének villanymozdonyt meg sugárhajtású repülőgépeket és autókat vásárolni. Erről kérdezném a véleményét, jobb híján akkor az önét, hogy ön szerint ez rendben van-e.</seg>
</u>
        <u xml:id="ParlaMint-HU_2017-10-16-urgent_question-AC7_17848" who="#GáborBányai" ana="#regular"><note>BÁNYAI GÁBOR (Fidesz):</note>
<seg xml:id="AC7_17848.1">Köszönöm a szót. Tisztelt Elnök Úr! Tisztelt Ház! Tisztelt Államtitkár Úr! A 2010-es kormányváltás után a magyar emberekkel közösen a polgári kormánynak sikerült az országot talpra állítani, majd a tartós és kiszámítható növekedés útjára állítani. A statisztikák, elemzések és a nemzetközi hitelminősítők véleménye is egyértelműen alátámasztja, hogy Magyarország jelentős fejlődésen ment keresztül az elmúlt hét évben. Ugyanilyen pozitív eredményekkel szolgál és sikerrel kalkulálhat majd a hazai turizmus is. A belföldi szálláshelyek forgalmának folyamatos növekedése, a Liszt Ferenc Nemzetközi Repülőtér utasszámának évek óta tartó kétszámjegyű emelkedése mind azt mutatja, hogy az elmúlt években robbanásszerű érdeklődés és növekedés mutatkozik a magyar turisztikai desztinációk iránt.</seg>
<seg xml:id="AC7_17848.2">Tisztelt Államtitkár Úr! Nem elég azonban, hogy hazánk egy gyönyörű, biztonságos és - mondhatni - ár-érték arányában kedvező adottságú, vendégeket vonzó ország, fontos, hogy a magyar emberek és az ideérkező külföldi turisták minőségi szálláshelyeken töltsék el szabadságukat, és első osztályú gasztronómiai, kulturális vagy éppen rekreációs programok emlékével térjenek majd haza hazájukba, otthonaikba. Ha ezt sikerül elérnünk, garantált, hogy hosszú távú és egyenletes növekedéssel lehet majd számolni a turisztikai szektorban is. Itt azonban fel kell hívjuk a figyelmet a kormány által nyáron bejelentett programra, a Kisfaludy szálláshelyfejlesztési konstrukcióra, amely egyes vélemények szerint minden idők legnagyobb turisztikai és szálláshelyfejlesztési programja lesz.</seg>
<seg xml:id="AC7_17848.3">Kiemelten fontosnak tartom, és nem érdemes kisebb célt sem kitűzni, mint hogy felvegyük a versenyt a nagy és népszerű európai turistaparadicsomokkal, hiszen Magyarország ezredévnyi történelme, gasztronómiája, kultúrája, gyógyvizei és természeti kincsei messze földön híresek és elismertek. Így abszolút versenyképes a kínálatunk más versenytársaink mellett is.</seg>
<seg xml:id="AC7_17848.4">A fentiekre tekintettel kérdezem tisztelt államtitkár urat, hogy milyen lehetőségeket kínál a hazai turizmus szereplői számára a Kisfaludy szálláshelyfejlesztési konstrukció, és mit kínálhat a Dél-Alföld és benne Bács-Kiskun megye számára. Köszönöm előre is megtisztelő válaszát</seg>
<kinesic type="applause"><desc>Taps a Fidesz soraiból.</desc></kinesic>
</u>
        <u xml:id="ParlaMint-HU_2017-10-16-urgent_question-AC7_17854" who="#ÁdámMirkóczki" ana="#regular"><note>MIRKÓCZKI ÁDÁM (Jobbik):</note>
<seg xml:id="AC7_17854.1">Köszönöm szépen, elnök úr. Tisztelt Képviselőtársaim! Tisztelt Államtitkár Úr! Nem szeretném folytatni azt a vitát, amit a múlt héten megkezdtünk, ha úgy tetszik, a Nemzetbiztonsági bizottságban. Az azonban, anélkül, hogy bármilyen minősített adatot kiszivárogatnék itt, hiszen el sem hangzott semmi, hogy kapcsolódjak az előző vitához, nyugodtan megállapítható, hogy arról, amivel önök az elmúlt hónapokban napról napra egyre fokozottabb intenzitással Soros-tervként elárasztják az országot és riogatják a magyar társadalmat, erről a magyar hatóságok, finoman fogalmazok, érdemben túl sok mindent nem tudnak mondani, sem a létéről, sem annak valóságtartalmáról, sem a releváns vagy nem releváns nemzetbiztonsági kockázatairól, sem pedig a tényleges fenyegetettségről.</seg>
<seg xml:id="AC7_17854.2">Ellenben egyre gyakoribbak azok az ügyek, amelyek napvilágra kerülnek különböző úton-módon, viszont súlyukat és az egyszerű, szilárd tényeket tekintve sokkal inkább a nemzetbiztonsági kockázat kategóriájába sorolhatók. Ilyen volt minden, ami a kötvénybiznisszel kapcsolatban napvilágot látott, ilyen volt a moszkvai vízumgyár, vagy gondoljunk csak a Kiss Szilárd-ügyre nagy általánosságban, de ilyen volt a Pharaon-ügyet körüllengő, hogy mondjam, egyre érdekesebb és egyre csavartabb információk halmaza. És ilyen a nemrégiben újra tematizálódó Zaid Naffa tiszteletbeli jordán konzul ügye is.</seg>
<seg xml:id="AC7_17854.3">A közös ezekben az ügyekben, amelyekben szinte kétséget kizáróan megállapítható, hogy bizonyos mértékű nemzetbiztonsági kockázatokat hordoznak magukban, a közös szál mégis az, hogy szinte kivétel nélkül a kormány tagjaihoz, adott esetben a kormányfőhöz vagy éppen a kormányfő családjához szorosan kötött ügyleteket jelentenek.</seg>
<seg xml:id="AC7_17854.4">Éppen ezért kérdem én államtitkár urat, hogy egyszer az életben válaszoljanak őszintén, a nemzetbiztonsági kockázatot tekintve ki a nagyobb nemzetbiztonsági kockázat: egy olyan ember, akiről önök állítják, és a propagandájuk állítja, hogy az, vagy egy olyan ember, aki hús és vér, és bizony nap mint nap kerülnek elő az ügyei</seg>
<kinesic type="applause"><desc>Taps a Jobbik soraiban.</desc></kinesic>
</u>
        <u xml:id="ParlaMint-HU_2017-10-16-urgent_question-AC7_17856" who="#DóraDúró" ana="#regular"><note>DÚRÓ DÓRA (Jobbik):</note>
<seg xml:id="AC7_17856.1">Köszönöm a szót. Tisztelt Elnök Úr! Tisztelt Államtitkár Úr! Mióta önök kormányoznak, azóta 90 ezer magyar gyermek született meg külföldön, 600 ezer honfitársunk elvándorolt, és a KSH reprezentatív felméréséből kiderül, hogy további 400 ezren a közeljövőben, néhány hónapon belül szintén követni fogják honfitársaikat. Ők azok, akik már tájékozódtak is a hosszú távú külföldi letelepedésről és a munkavállalás lehetőségeiről.</seg>
<seg xml:id="AC7_17856.2">(Dr. Szűcs Lajost a jegyzői székben Gelencsér Attila, Hiszékeny Dezsőt Ikotity István váltja fel.)</seg>
<seg xml:id="AC7_17856.3">Államtitkár úr, ez egy komoly probléma. Olyan, minthogyha egy általános iskolában, amikor bemegyünk szeptemberben az iskola épületébe, akkor az első osztályosok termeit üresen találnánk, mert nincsenek ott azok a gyerekek. Ezek a gyerekek nem ott vannak, államtitkár úr, és ezek a gyerekek hiányoznak. Az elvándorolt magyarok hiányoznak a szüleiknek, hiányoznak a nagyszüleiknek, a barátaiknak és a munkatársaiknak, és hiányoznak az államnak is, államtitkár úr.</seg>
<seg xml:id="AC7_17856.4">És mit tesznek önök? Semmit. Bagatellizálják, elhazudják, megpróbálják letagadni, kalandvágyról beszélnek akkor, amikor nyomorról és kényszerről kellene beszélniük. Nem tudják megoldani ezt a problémát, mert egész egyszerűen elvitatják annak a létezését is.</seg>
<seg xml:id="AC7_17856.5">A Jobbiknak van megoldási javaslata, államtitkár úr. Erről szól a bérunió, hogy egyenlő munkáért egyenlő bér járjon az Európai Unióban, merthogy egy magyar ember munkája nem ér kevesebbet, mint egy nyugat-európai ember munkája. Mi szeretnénk, hogyha ezek az emberek hazajönnének, és mindent megteszünk azért, hogy ez így legyen, hogy újra a hazájukként tudjanak tekinteni Magyarországra. De önök nem tesznek semmit, államtitkár úr.</seg>
<seg xml:id="AC7_17856.6">Miért nem szeretnék, hogy ezek az emberek újra Magyarországon legyenek, Magyarországot gyarapítsák és Magyarországot népesítsék be? Kérem, ne tagadja el most a problémát válaszában, hanem érdemben próbáljon reagálni az általam felvetettekre! Várom érdemi válaszát</seg>
<kinesic type="applause"><desc>Taps a Jobbik soraiban.</desc></kinesic>
</u>
        <u xml:id="ParlaMint-HU_2017-10-16-urgent_question-AC7_17859" who="#ZsoltLegény" ana="#regular"><kinesic type="noise"><desc>DR. LEGÉNY ZSOLT (MSZP): Köszönöm a szót, elnök úr. Tisztelt Ház! Tisztelt Legfőbbügyész-helyettes Úr! Már az azonnali kérdésem címében is megfogalmaztam, hogy van-e megrendelés a Fidesz vagy a kormány részéről az ügyészség felé bizonyos büntetőügyekben. Ezt szeretnénk megtudni, ugyanis azt látjuk, hogy az éppen most folyamatban lévő, Czeglédy Csabával kapcsolatos büntetőügyben - amelyben megvádolták Czeglédy Csabát és társait - gyakorlatilag, ha szépen akarok fogalmazni, a kormánytól nem független oldalakon szinte élő egyenesben lehet követni az eljárást, és gyakorlatilag minden kimegy a nyomozás során, ugyanakkor meg azt is tapasztaltuk, és itt aztán tudnám sorolni a fideszes érintettségeket akár Simonka képviselő úr, akár Farkas Flórián, akár Mengyi Roland ügyében, hogy olyankor az ügyészség mindig arra hivatkozott, hogy a nyomozás érdekeire való tekintettel semmiféle adatot nem szolgáltat, és mondjuk úgy, hogy semmi sem tudott kiderülni. Meglepően tapasztaltuk ezt, és azt is állítjuk, hogy gyakorlatilag csak a Fidesz és a Fideszt kiszolgáló ügyészség érdeke az, hogy ezek az ügyek így zajlódjanak le.</desc></kinesic>
<seg xml:id="AC7_17859.1">Éppen ezért a kérdésünk egyértelmű: van-e megrendelés a Fidesz részéről önök felé? Szerintünk úgy tűnik, mintha lenne, úgy tűnik, hogy politikailag motiváltak ezek az ügyek, akár a nyomozás, akár a nyomozás lassúsága vagy döcögőssége okán, folytán. Éppen ezért, ahogy mondtam, nagyon-nagyon sok fideszes érintettséget tudnék felsorolni azzal kapcsolatosan, hogy mi az, amikor lassan megy a nyomozás, és szinte semmit sem hajlandó az ügyészség, akár még adatigénylésre sem közölni, míg vannak olyan politikailag motivált ügyek, amelyekben gyakorlatilag az egész nyomozati anyag szinte azonnal naprakészen kint van - ahogyan fogalmaztunk - a kormánytól vagy a Fidesztől nem független oldalakon. Köszönöm szépen, elnök úr</seg>
<kinesic type="applause"><desc>Taps az MSZP soraiban.</desc></kinesic>
</u>
        <u xml:id="ParlaMint-HU_2017-10-16-urgent_question-AC7_17862" who="#LászlóVarga" ana="#regular"><note>DR. VARGA LÁSZLÓ (MSZP):</note>
<seg xml:id="AC7_17862.1">Köszönöm a szót, elnök úr. Tisztelt Államtitkár Úr! Holnap lesz a szegénység elleni küzdelem világnapja, én ennek kapcsán néhány kérdésben szeretnék önnel párbeszédet folytatni, konkrétan az önök kormányzásának kapcsán. Ezért kérem előre - egyfajta hangnemváltással -, hogy ne mutogasson vissza a 2010 előtti időszakra, hét és fél éve önök kormányoznak. Nagyon komolyan mondom, hogy minden kérdés konkrétan az önök kormányzását fogja érinteni.</seg>
<seg xml:id="AC7_17862.2">Először is, azt gondolom, hatalmas segítség lenne a nehéz sorban élő millióknak, ha végre megfogadnák az MSZP-nek azon javaslatát, hogy az alapvető élelmiszerek áfáját 5 százalékra csökkentik. Európa-csúcs a 27 százalékos áfa, ami a legtöbb alapvető élelmiszert sújtja. Ezt önök vezették be, korábban nem volt ilyen áfacsúcs. Tehát azt kérdezném öntől, hogy mikor csökkentik az alapvető élelmiszerek áfáját 5 százalékra.</seg>
<seg xml:id="AC7_17862.3">A tűzifa áfáját is 5 százalékra kellene mérsékelni, hiszen egekben a tűzifa ára, hiánycikk a tűzifa. Most a hétvégén láttam már egy nagyobb raktáráruházban, hogy 38 ezer forintért árultak egy erdei köbmétert. Elképesztő egyébként! Ez a fűtési mód érinti a leginkább kiszolgáltatottakat. Két-három éve még 22-23 ezer forintért is lehetett egy megfelelően előkészített erdei köbmétert vásárolni. Tehát mikor csökkentik a tűzifa áfáját?</seg>
<seg xml:id="AC7_17862.4">Mikor teszik adókötelessé a minimálbért, hiszen 15 százalék adó sújtja. 2010 előtt, mielőtt önök kormányoztak, ez adómentes volt. Ez jelentős könnyebbség lenne a kisebb keresetűeknek.</seg>
<seg xml:id="AC7_17862.5">Megkérdezném továbbá azt, hogy ha már a gáz világpiaci ára mintegy felére csökkent 2014 nyara óta, akkor mikor fogják csökkenteni - az átlagfogyasztás erejéig legalább - a földgáz árát a lakosság számára, hiszen 32 százalék csökkentésre lenne lehetőség a mi álláspontunk szerint. Ezt az átlagfogyasztásig lehet megtenni. És egyértelmű, hiszen a Magyar Földgázkereskedő Zrt. profitjából, amit az emberektől vesz el, ezt viszont végre is lehetne hajtani. Arra kérem, hogy válaszoljon a kérdéseimre. Köszönöm, elnök úr</seg>
<kinesic type="applause"><desc>Taps az MSZP soraiból.</desc></kinesic>
</u>
      </div>
    </body>
  </text>
</TEI>
