<?xml version="1.0"?>
<TEI xmlns="http://www.tei-c.org/ns/1.0" xml:id="ParlaMint-HU_2016-10-17" xml:lang="hu" ana="#parla.sitting #reference">
  <teiHeader>
    <fileDesc>
      <titleStmt>
        <title xml:lang="hu" type="main">A Magyar Országgyűlés Korpusza ParlaMint-HU 2016-10-17 [ParlaMint]</title>
        <title xml:lang="en" type="main">Hungarian parliamentary corpus ParlaMint-HU 2016-10-17 [ParlaMint]</title>
        <title xml:lang="hu" type="sub">A Magyar Országgyűlés ülései, 7. ciklus</title>
        <title xml:lang="en" type="sub">Minutes of the National Assembly of Hungary, Term 7</title>
        <meeting ana="#parla.term" corresp="#OGY" n="7">7. ciklus</meeting>
        <respStmt>
          <persName>Miklós Sebők</persName>
          <persName>Orsolya Ring</persName>
          <resp xml:lang="hu">Parla-CLARIN TEI XML korpusz létrehozása</resp>
          <resp xml:lang="en">Parla-CLARIN TEI XML corpus encoding</resp>
        </respStmt>
        <funder>
          <orgName xml:lang="hu">CLARIN Kutatási Infrastuktúra</orgName>
          <orgName xml:lang="en">The CLARIN research infrastructure</orgName>
        </funder>
        <funder>
          <orgName xml:lang="hu">Társadalomtudományi Kutatóközpont, Eötvös Loránd Kutatási Hálózat</orgName>
          <orgName xml:lang="en">Centre for Social Sciences, Eötvös Loránd Research Network</orgName>
        </funder>
      </titleStmt>
      <editionStmt>
        <edition>2.0</edition>
      </editionStmt>
      <extent>
        <measure xml:lang="hu" quantity="16" unit="speeches">16 beszéd</measure>
        <measure xml:lang="en" quantity="16" unit="speeches">16 speeches</measure>
        <measure xml:lang="hu" quantity="5909" unit="words">5909 szó</measure>
        <measure xml:lang="en" quantity="5909" unit="words">5909 words</measure>
      </extent>
      <publicationStmt>
        <publisher>
          <orgName xml:lang="hu">CLARIN Kutatási Infrastuktúra</orgName>
          <orgName xml:lang="en">CLARIN research infrastructure</orgName>
          <ref target="https://www.clarin.eu/">www.clarin.eu</ref>
        </publisher>
        <idno type="handle">http://hdl.handle.net/11356/1388</idno>
        <pubPlace>
          <ref target="http://hdl.handle.net/11356/1388">http://hdl.handle.net/11356/1388</ref>
        </pubPlace>
        <availability status="free">
          <licence>http://creativecommons.org/licenses/by/4.0/</licence>
          <p xml:lang="hu">
            Ez a munka az alábbi licence alapján használható
            <ref target="http://creativecommons.org/licenses/by/4.0/">Creative Commons Attribution 4.0 International License</ref>
          </p>
          <p xml:lang="en">
            This work is licensed under the
            <ref target="http://creativecommons.org/licenses/by/4.0/">Creative Commons Attribution 4.0 International License</ref>
          </p>
        </availability>
        <date when="2021-03-31">2021. 03. 31.</date>
      </publicationStmt>
      <sourceDesc>
        <bibl>
          <title xml:lang="hu" type="main">A Magyar Országgyűlés ülései</title>
          <title xml:lang="en" type="main">Minutes of the National Assembly of Hungary</title>
          <idno type="URI">https://https://www.parlament.hu/ </idno>
          <date when="2016-10-17">2016. 10. 17.</date>
        </bibl>
      </sourceDesc>
    </fileDesc>
    <encodingDesc>
      <projectDesc>
        <p>
          <ref target="https://www.clarin.eu/content/parlamint">ParlaMint</ref>
        </p>
      </projectDesc>
      <tagsDecl>
        <namespace name="http://www.tei-c.org/ns/1.0">
          <tagUsage gi="text" occurs="1"/>
          <tagUsage gi="body" occurs="1"/>
          <tagUsage gi="div" occurs="1"/>
          <tagUsage gi="u" occurs="16"/>
          <tagUsage gi="seg" occurs="60"/>
          <tagUsage gi="kinesic" occurs="19"/>
        </namespace>
      </tagsDecl>
    </encodingDesc>
    <profileDesc>
      <settingDesc>
        <setting>
          <name type="address">Kossuth Lajos tér 1-3.</name>
          <name type="city">Budapest</name>
          <name type="country" key="HU">Magyarország</name>
          <date ana="#parla.sitting" when="2016-10-17">2016-10-17</date>
        </setting>
      </settingDesc>
    </profileDesc>
  </teiHeader>
  <text xml:lang="hu" ana="#reference">
    <body>
      <div type="debateSection">
        <u xml:id="ParlaMint-HU_2016-10-17-interpellation-IC7_12375" who="#R.BenedekSallai" ana="#regular"><note>SCHMUCK ERZSÉBET (LMP):</note>
<seg xml:id="IC7_12375.1">Köszönöm a szót, elnök úr. Tisztelt Államtitkár Úr! Tállai államtitkár úrnak az LMP-nek adott korábbi válaszából tudjuk, hogy Magyarországon közel 150 ezer kóros játékfüggő él, de 700-800 ezer ember számolt már be a problémáról a szerencsejáték-tevékenységét illetően. Az adatok elég ijesztőek, óvatos becslések szerint is a szerencsejáték családok tízezreinek az életét keseríti meg, teszi tönkre, a tragédiák mindennaposak, mégsem látjuk, hogy a Fidesz-KDNP-kormány érdemben foglalkozna ezzel a súlyos társadalmi problémával.Az elkészült játékosvédelmi rendelet intézkedései halványra sikerültek, az egyetlen kézzelfogható segítség a játékosvédelmi zöld szám, aminél azt sem sikerült elérni, hogy a lottózókban látható helyre rakják ki tájékoztatásul. A számot felhívva sem kapnak élő, azonnali segítséget a játékosok, csak egy automata jelentkezik. Hiába vezették be az önkorlátozó nyilatkozatok lehetőségét, Tállai úr szintén nekünk megküldött válaszából kiderült, hogy idén csupán 37 fő esetében vezette ezt be az adóhatóság. Nem írták elő azt sem, hogy a játéktermekben nonstop jelen legyen a Szerencsejáték Felügyelet, azonnali segítséget nyújtva és ellenőrizve a játékok tisztaságát. Megígérték azt is, hogy a játékkaszinók játékadójának 3 százalékát játékosvédelmi karitatív célokra használják fel, nem mintha ez a 180-200 millió forint komoly segítséget jelentene ennek a több százezer embernek. Ha csak a súlyos szenvedélybetegeket nézzük, akkor is csupán 1200 forint jut rájuk. De hiába ígérték meg egy éve, azóta sem látjuk a konkrét intézkedéseket. A kérdések: mire költötték el ezt az összeget? Mely szervezetek részesültek a támogatásból? Miként fejlesztették a szociális ellátórendszert? Hogyan segítenek ezeknek az embereknek? Mit mutatnak az erre vonatkozó adatok? Azért nem segítenek a játékfüggőknek, mert ők azok, akik Andy Vajnáék meggazdagodását segítik? Becslések szerint idén akár 1,2 millió fő is megfordulhat a kaszinókban, akik pénzük elbukásával 180 milliárd forintot fognak otthagyni a játéktermekben, Andy Vajna mégis csupán ennek az összegnek a töredékét, néhány milliárd forintot fog játékadóként befizetni a költségvetésbe. Ráadásul Andy Vajna bemondásra adózik, online pénztárgépek helyett a játéktermi videók felvételeivel ellenőrzik a pénzmozgásokat, ami elképesztő nonszensz. Most persze az online kaszinózással kapcsolatban módosítottak a jogszabályon, hogy Andy Vajna tovább nyerészkedhessen. Államtitkár úr, miért fontosabb Andy Vajna meggazdagodása, mint a több százezer játékfüggő és a családja? A magyar állam miért csak az ibizázó, helikopterező, kaszinózó haveroknak segít? Válaszát előre is köszönöm.</seg>
</u>
        <u xml:id="ParlaMint-HU_2016-10-17-interpellation-IC7_12381" who="#MártaDemeter" ana="#regular"><note>DEMETER MÁRTA (MSZP):</note>
<seg xml:id="IC7_12381.1">Köszönöm, elnök úr. Tisztelt Képviselőtársaim! Államtitkár Úr! Most már több mint másfél éve, hogy több mint 27 ezer rendőr, rendvédelmi dolgozó, katona, honvédségi dolgozó és nemzetbiztonsági dolgozó egészségügyi célra félretett megtakarítása tűnt el a Buda-Cash Brókerház csődjével. Ők nem tőzsdéztek, hanem egészségmegőrzési céllal tették félre ezt a megtakarítást a leadózott illetményükből. A kormány ehhez képest semmit nem tett az elmúlt másfél évben, hogy megindulhasson a kártalanításuk, semmilyen segítséget nem nyújtottak számukra, csak és kizárólag kifogásokat kerestek ahelyett, hogy segítenének azoknak az embereknek, akik az ország biztonságát garantálják nap mint nap életük kockáztatásával is. Az ügyben rengeteg kérdést, interpellációt és beadványt is benyújtottam, benyújtottunk az Országgyűlésnek. Ehhez képest folyamatosan kifogásokat kerestek. Mégis azt mondom: volt értelme a kérdéseknek, hiszen az Információs Hivatalnál a nyáron megindult a kártalanítások kifizetése. Ebből látszik, hogy a jogi forma adott, a helyzet megoldása adott. Míg a Miniszterelnökség megkezdte a kártalanítást, a Honvédelmi Minisztérium a mai napig keresi a jogi lehetőséget és az alternatívákat, de legalább ígér az állomány számára. A Belügyminisztérium, államtitkár úr, a mai napig még csak ígéretet sem tett és nem is hajlandó foglalkozni ezzel a kérdéssel. Semmit nem tesznek az állomány megsegítésére.Múltkor egy törvény vitájában az üggyel kapcsolatban ön a következőt mondta: &#8222;Szeretném leszögezni, hogy a Honvéd Egészségpénztár piaci elven működik, az önkéntesség, függetlenség, kölcsönösség jegyében létrehozott, a társadalombiztosítási ellátásokat kiegészítő szolgáltatásokat nyújtó társulás. Ezzel kapcsolatban többször válaszoltunk a parlamentben.&#8221; Azt kell mondanom, államtitkár úr, ez kifogáskeresés, ez csak blabla, amit önök csinálnak. Nem lehet kérdés az, hogy amikor a Belügyminisztérium állománya, a rendőrség, a rendvédelmi dolgozók, a nemzetbiztonsági dolgozók olyan helyzetbe kerülnek, hogy az egészségmegőrzési céllal félretett megtakarításuk egy botrány kapcsán eltűnik, nem lehet kérdés, hogy őket kártalanítják. Akár a parancsnoki gondoskodás keretében, azt gondolom, ez kutya kötelessége lenne a Belügyminisztériumnak. Szeretném hozzátenni, hogy az önkéntességről annyit, hogy egyébként a nemzetbiztonsági szolgálatoknál ez erőteljesen megkérdőjelezhető, tehát ott nem beszélhetünk önkéntességről, már csak ezért is mindenképpen kötelessége a minisztériumnak gondolkodni a kártalanításról és végre is hajtani azt minél előbb. Erre van lehetőségük, tudjuk azt, hogy a Honvédelmi Minisztérium is gondolkodik azon, ezt hogyan lehetne megoldani. Most már cselekedjenek! Tehát arra szólítom fel a Belügyminisztériumot, hogy azonnal vizsgálják felül az eddigi álláspontjukat, és kezdjék meg az érintett rendvédelmi dolgozók és nemzetbiztonsági dolgozók kártalanítását</seg>
<kinesic type="applause"><desc>Taps az MSZP padsoraiból.</desc></kinesic>
</u>
        <u xml:id="ParlaMint-HU_2016-10-17-interpellation-IC7_12469" who="#ImreVejkey" ana="#regular"><note>DR. VEJKEY IMRE (KDNP):</note>
<seg xml:id="IC7_12469.1">Tisztelt Elnök Úr! Köszönöm a szót. Tisztelt Államtitkár Asszony! Mint országgyűlési képviselő és mint kereszténydemokrata politikus rendkívül fontosnak tartom a fiatalok helyzetének javítását, és úgy vélem, kiemelt figyelmet szükséges fordítani a tehetséggondozásukra, amely egyben a mi jövőbe vetett hitünket is jelenti, továbbá bizalmunkat és reményünket a felnövekvő generációkban. A 2008. év végén ötpárti egyeztetéssel egy olyan, húszéves időtávra vonatkozó határozatot fogadott el a tisztelt Ház &#8222;Nemzeti tehetség&#8221; program néven, amely stratégiai kormányzati célként határozta meg a tehetségek támogatását. Így a nagy hagyományú magyar tehetséggondozás állami szinten is támogatásban részesülhet és részesül is évről évre. Fontos, hogy a szakma és a civil szféra tehetséggondozása megfelelő állami szerepvállalással jóval hatékonyabban tudja a célját elérni úgy Magyarországon, mint a külhoni magyarlakta területeken a tehetségek segítése, tudásuk fejlesztése érdekében. Tisztelt Államtitkár Asszony! A kétéves periódusú cselekvési programok alapján 2009 és 2016 között meghirdetett 280 felhívás keretében 8850 projekt nyert támogatást, a megítélt támogatások összege pedig összesen több mint 12,3 milliárd forint volt</seg>
<seg xml:id="IC7_12469.2">(13.30)A támogatásokból évente 300-350 ezer fiatal vehetett részt tehetsége kibontakoztatását segítő programokban. Az eddig megvalósult programokra és a jövőben várható fejlesztésekre tekintettel tisztelettel kérdezem államtitkár asszonyt, hogy elkészült-e már a 2017-18. évi cselekvési program, és ha igen, akkor mit tartalmaz, valamint azt is, hogy milyen esetleges további intézkedéseket tervez a kormány a tehetséggondozás területén, továbbá milyen további támogatásokat tervez a jövő generációk támogatásának érdekében. Várom államtitkár asszony megtisztelő válaszát</seg>
<kinesic type="applause"><desc>Taps a kormánypártok soraiban.</desc></kinesic>
</u>
        <u xml:id="ParlaMint-HU_2016-10-17-interpellation-IC7_12470" who="#MártonGyöngyösi" ana="#regular"><kinesic type="noise"><desc>GYÖNGYÖSI MÁRTON (Jobbik): Köszönöm. Tisztelt Elnök Úr! Tisztelt Ház! Tisztelt Államtitkár Úr! Noha az elmúlt hónapokban a kormány helyesen felismerte a multikulturalizmusban és a bevándorlásban rejlő veszélyeket, és kampányt indított ezen kockázatok megismertetésére, úgy tűnik, hogy titokban mégis tömeges betelepítést tervez saját gazdasági kudarcának időleges leplezésére. Miközben a kormányzati média a gazdasági sikerektől, a GDP emelkedésétől és a munkanélküliség csökkentésétől hangos, nem esik szó arról, hogy ezeknek a mutatóknak a külföldi cégeknek nyújtott adókedvezmények, támogatások, valamint a magyar munkaerő nevetséges bérszínvonala és kiszolgáltatottsága az ára.Mi azonban még emlékszünk Orbán Viktor miniszterelnök 2014 márciusában Szaúd-Arábiában elmondott szavaira, amelyek szerint a magyar munkaerő előnye, hogy jól képzett, de olcsó, a munka törvénykönyve pedig rugalmas és a munkaadónak kedvez. Egyértelmű, hogy a látszateredményekért a kormány rabszolgamunkára kárhoztatta a magyar embereket, miközben nem akarja belátni a valós tendenciák káros voltát, sem azt, hogy 500 ezer jól képzett magyar dolgozó már véleményt mondott az önök politikájáról azzal, hogy külföldre távoztak, tátongó demográfiai űrt és egy tucat hiányszakmát hagyva maguk után.A kormány azonban a jelek szerint nem akar felébredni a kozmetikázott statisztikák világából, és bármit megtesz annak elkerülésére, hogy a realitással szembe kelljen néznie. Ennek érdekében még arra is hajlandó, hogy a délről érkező migráció heves ellenzése közben a szomszédos országok polgárainak betelepítésére tegyen kísérletet. Az elmúlt hónapokban egy sor olyan intézkedés született, amelyek a szomszédos országok állampolgárainak magyarországi letelepedését segítik, sőt a magyar családokat segíteni hivatott CSOK-ra is jogosultságot szerezhetnek. A jogszabályi változások óta a szomszédos, nem EU-tagországok polgárai kvázi uniós jogokat élveznek, számukra nem szükséges munkavállalási engedély a hiányszakmákban, a szükséges ügyintézés ideje pedig jelentősen lerövidült számukra. Sőt, ma már akár közalkalmazottként is foglalkoztathatóak.Mindezek a jogszabályi változások szinte titokban zajlottak le. És miközben a kormány bevándorlókkal riogat, államilag szponzorált bevándorlókat toborzott. Például a háború sújtotta Ukrajnában magyar nyelvtanfolyamokat finanszírozott, és magyar állásbörzéket szervezett. Hosszú távon a saját polgáraink elengedése, elüldözése és helyettük idegenek behívása egy sehová nem vezető politika, amely kultúránk és nemzeti önazonosságunk elvesztéséhez vezet. A gazdasági siker illúziója már a magyar nemzet fennmaradásánál is előrébbvaló volna?Államtitkár Úr! Mikor akarnak a magyar emberek valós érdekeire alapozva valós megoldásokat kínálni a magyar gazdaság problémáira? Mikor néznek végre szembe azzal, hogy az önök politikája nyomán 500 ezer ember hagyta el az országot, és őket nem lehet bevándorlással pótolni, akár déli, akár keleti irányból? Várom megtisztelő válaszát</desc></kinesic>
<kinesic type="applause"><desc>Taps a Jobbik soraiban.</desc></kinesic>
</u>
        <u xml:id="ParlaMint-HU_2016-10-17-interpellation-IC7_12479" who="#LajosKepli" ana="#regular"><note>KEPLI LAJOS (Jobbik):</note>
<seg xml:id="IC7_12479.1">Köszönöm szépen, elnök úr. Tisztelt Államtitkár Úr! Kérem, válaszoljon nekem egy egyszerű kérdésre: felelőssé tehetők-e a magyar emberek a kormány alkalmatlanságáért?Amikor márciusban hatályba lépett a hulladékokról szóló törvény azon módosítása, amely létrehozta a Nemzeti Hulladékgazdálkodási Koordináló és Vagyonkezelő Zrt.-t, akkor egyben azt is elfogadta a parlament kormánypárti többsége, hogy ez a szervezet kizárólagosan jogosult a szemétszállítási díjak kiszámlázására. Azonban erre ez a szervezet, ennek a végrehajtására azóta sem vált alkalmassá, illetve csak mostanra, több mint féléves csúszással. Ezért ezekről a körülbelül féléves szemétdíjakról a sárga csekkek egy összegben kerültek kiküldésre a háztartások részére. Az iskolakezdés után, a fűtési szezon kezdetén a magyar emberek nagy többségének a nagyságrendileg 20-30 ezres pluszteher óriási nagy terhet jelent, és nem biztos, hogy meg tudják fizetni ezt a magyar háztartások.(13.20)Különösen azért nem igazságos ez, hiszen nem az ő hibájukból állt elő, hogy egy összegben kell visszamenőleg több mint féléves szemétszállítási díjat megfizetniük. A terhet annak kellene viselnie, akinek a hibájából az előállt. És itt egyértelműen arról van szó, hogy &#8209; egy akár kapkodó, koncepciótlan jogalkotás miatt &#8209; a kormány úgy hozott létre egy szervezetet, hogy ugyan rendelkezésére bocsátotta a vezetőknek a milliós havi fizetését, a szolgálati gépjárműveket, csak éppen az alapvető feladat ellátásához szükséges infrastruktúrát nem tette lehetővé: nem volt képes számlát kiállítani az a szerv, amelynek ez lett volna az első számú feladata. Egész egyszerűen egy óriási dilettantizmusról vagy pedig sunyiságról tesz tanúbizonyságot. Én azt gondolom, hogy a magyar családoknak épp elég teher van a nyakán, éppen elég sokba került nekik az iskolakezdés, éppen elég nagy gondot okoz sokaknak, hogy a téli fűtési költségeit miből fedezze, miből tud fűtőanyagot vásárolni magának; nem szerencsés az, hogy most, ebben az időszakban még egy pluszteher is az ő nyakukra rakódik. Mindeközben, azt gondolom, a kormány eltávolodik a hétköznapi emberek problémáitól. Hiszen miközben önök helikopterrel utaznak és urizálnak, a magyar családok nagy részének lassan a mindennapi betevő falat megszerzése és ennek a fedezetének az előteremtése is egyre nagyobb problémát okoz. Kérem, államtitkár úr, mondja meg, hogy mi volt az oka ennek a féléves csúszásnak, hogy nem lehetett fél évig a rendes havi szemétszállítási díjakat kiszámlázni, hogy most egyszerre terhelik a családokat ezzel az összeggel. Felelősségre lett-e ezért vonva valaki? Az önök kormányzati kapkodó jogalkotása miatt történt, a szervezet alkalmatlansága miatt történt vagy valami egészen más okból történt? Erre várom a válaszát, és erre várják a választ a magyar családok is. Egyben felhívom a figyelmét arra, hogy ilyenkor a kormánynak és a magyar államnak kellene helytállnia, és megfizetni az így felhalmozódott költségét a magyar családoknak. Köszönöm szépen</seg>
<kinesic type="applause"><desc>Taps a Jobbik soraiban.</desc></kinesic>
</u>
        <u xml:id="ParlaMint-HU_2016-10-17-interpellation-IC7_12535" who="#IldikóBangónéBorbély" ana="#regular"><note>BANGÓNÉ BORBÉLY ILDIKÓ (MSZP):</note>
<seg xml:id="IC7_12535.1">Köszönöm szépen, elnök úr. Tisztelt Államtitkár Úr! Ma van a szegénység elleni küzdelem világnapja. Sajnos Magyarországon a kormány legfeljebb azt tudná hosszan bemutatni, hogy hogyan kell a különböző módon leszakadt társadalmi csoportokat egymás ellen uszítani, hogyan kell a középosztályt elszegényíteni, a szegényeket pedig az éhezés szélére sodorni. Vagy hogyan kell statisztikai módszertani átalakításokkal csökkenteni a szegénységben élők vagy a hátrányos helyzetű gyermekek számát, hogyan kell megszüntetni az alapvető biztonságot jelentő szociális segélyeket. Az elmúlt hat évben az állam elkezdett jelentősen kihátrálni a jóléti állam modelljéből, amivel éppen hogy növeli a szegénységet, bármit is mutassanak a számok. Még a vállalhatatlan és folyamatos módosításra szoruló költségvetéseket tekintve is az látszik, hogy évről évre kevesebbet fordít a kormány a szociális ellátásokra, a szegények támogatására. Több mint százmilliárdot vont ki a társadalompolitika egyes területeiről a kormány. Államtitkár úr, ön is tudja, hogy nagyságrendekkel rosszabb a helyzet, mint a válság utáni években vagy akár 2010&#8209;ben. A szegénység mélységét mutató adat még mindig rosszabb, mint a gazdasági válság előtt volt. A foglalkoztatottak szegénységi aránya közel kétszer akkora, mint hat évvel ezelőtt; itt a dolgozói szegénységről beszélünk. Ha iskolai végzettség szerint nézzük a szegénységi arányokat, azt látjuk, hogy még a diplomásoknál is több mint kétszeres a szegénységi ráta, mint 2010&#8209;ben volt. Az alacsony iskolai végzettségűeknél pedig 35 százalékkal magasabb a szegénységben élők aránya. Emlékszünk még arra, államtitkár úr, másfél évvel ezelőtt azt mondta, hogy a közmunka a nyomor helyett tisztes szegénységet kínál &#8209; az a közmunkabér, amit 20 százalékkal csökkentettek önök 2011&#8209;ben. Az a romantikus kényszerük van, mintha lenne a szegénységnek olyan szintje Magyarországon, amely elfogadható lenne, vagy akár még büszkén viselhető is. Önök már csak tudják, hogy mi a szegénység. Bulibárók, Ibizán partizó nem közszereplők mind mélyen ismerik a magyar társadalmat, és bizonyára sok szegényt látnak a luxusjachtok és luxushotelek ablakából. A kormány 2010 óta számtalan kegyetlen intézkedést hozott a szegények ellen, segélyek csökkentésével, megszüntetésével. Végül még a létminimum számítását is megszüntették, így persze ez a legtisztább. A kormány lemondott több millió emberről, csak az érdekli, hogy a haveroknak és a rokonoknak jobb legyen. Ennek a kormánynak történelmi felelőssége lesz nemcsak az egymás elleni gyűlölet szításában, hanem a magyar társadalom elnyomorításában is. Itt még mondanék egy adatot, államtitkár úr. Az OECD legfrissebb jelentése szerint ma hazánkban több mint 288 ezer olyan 15-29 év közötti fiatal van, aki nem dolgozik, nem tanul és semmilyen ellátórendszerben nincs benne. Mikor fognak végre a szegényekkel foglalkozni, államtitkár úr? Várom megtisztelő válaszát</seg>
<kinesic type="applause"><desc>Taps az MSZP soraiban.</desc></kinesic>
</u>
        <u xml:id="ParlaMint-HU_2016-10-17-interpellation-IC7_12537" who="#ImreVas" ana="#regular"><note>DR. VAS IMRE (Fidesz):</note>
<seg xml:id="IC7_12537.1">Köszönöm a szót, elnök úr. Tisztelt Államtitkár Úr! Elmarasztalta Magyarországot múlt heti ítéletében az Emberi Jogok Európai Bírósága, mert a bírák szerint túl hosszú idő után vizsgálják felül a fogvatartottak ügyét Magyarországon, a magyar törvények értelmében ugyanis a tényleges életfogytig tartó szabadságvesztésre ítéltek esetén leghamarabb 40 év letöltése után van lehetőség a büntetés felülvizsgálatára. A nemzetközi bíróság ezt az időszakot 25 évre csökkentené. A bíróság továbbá kimondta, hogy a magyar szabályozás azért minősül embertelen, megalázó bánásmódnak, mert nem biztosítja az elítélt jogát a reményhez, az ítélet felülvizsgálatához, és ezért sérti az Emberi Jogok Európai Egyezményének 3. cikkében foglalt előírásokat. A jelenlegi szabályozás értelmében 40 év után kötelezően lefolytatandó a kegyelmi eljárás, amelyet pontosan azért vezettünk be a tavalyi évben, mert 2014&#8209;ben a strasbourgi bíróság elmarasztalta Magyarországot a tényleges életfogytiglan miatt. A kegyelmi eljárás nem a végleges szabadulásra, hanem csak a feltételes szabadságra bocsátásra irányul, ami azt jelenti, hogy a feltételes szabadság ideje alatt elkövetett súlyos bűncselekmény esetén azonnal le kell töltenie a büntetés hátralévő részét.Tisztelt Államtitkár Úr! 2010&#8209;ben az Országgyűlés szigorító intézkedéseket vezetett be, többek között szót érdemel a három csapás törvény, amely a felelőtlen és káros büntetőpolitika megszüntetését célozta. Sőt, a szocialisták politikáját az is rendkívül jól példázza, amikor összevonták az igazságügyi és a rendészeti tárcát. Következményeit hiába próbálták kezelni, nem sikerült. Gondoljunk itt a romák ellen elkövetett gyilkosságokra, arról nem is beszélve, hogy a szocialista-liberális büntetőpolitikai vonal felelőseit bezzeg nem siettek felelősségre vonni. Emlékezzenek csak vissza a Fidesz 2006. október 23-ai békés megemlékezésének brutális szétverésére! Az Emberi Jogok Európai Bíróságát lehet, hogy zavarja a következetes büntetőpolitika, így Brüsszelben megszökhetett a párizsi tömeggyilkos merénylőket felbujtó személy, mert emberi jogai miatt éjszaka nem lehetett házkutatást tartani. Nem csoda, hogy módosult a belga jogszabály is. Mindezek alapján tisztelettel kérdezem államtitkár urat, veszélyben van-e a tényleges életfogytiglan kiszabásának lehetősége. Miért tartja szükségesnek az említett intézmény fenntartását? Várom államtitkár úr megtisztelő válaszát</seg>
<kinesic type="applause"><desc>Taps a kormánypártok soraiban.</desc></kinesic>
</u>
        <u xml:id="ParlaMint-HU_2016-10-17-urgent_question-AC7_12546" who="#LászlóFöldi" ana="#regular"><note>FÖLDI LÁSZLÓ (KDNP):</note>
<seg xml:id="AC7_12546.1">Köszönöm a szót, elnök úr. Tisztelt Elnök Úr! Tisztelt Államtitkár Úr! A magyar borágazat sikeresnek mondható, a hazai polcokon egyre több magyar bor van jelen, és méltán számíthat ilyen elismerésre a magyar bor külföldön is. Hazánkban 22 borvidéken mintegy 80 ezer hektáron folyik szőlőművelés, ezáltal a szőlő-bor ágazat sok-sok család megélhetését biztosítja.</seg>
<seg xml:id="AC7_12546.2">Az már régóta köztudott, hogy a jó minőség a legjobb reklám. Ennek ellenére mind a belföldi kereslet növelése, mind az export szélesítése érdekében szükség van keresletnövelő akciókra</seg>
<seg xml:id="AC7_12546.3">(Mirkóczki Ádám: Meggyőztél minket! - Derültség a Jobbik padsoraiból.)</seg>
<seg xml:id="AC7_12546.4">Ilyen lehet például az „Országos borkiválóság” kóstolóprogram, amelyben a Földművelésügyi Minisztérium által felügyelt borászati iskolák tanulói segítik a fogyasztói választást.</seg>
<seg xml:id="AC7_12546.5">Természetesen nem szabad elfeledkezni a minőség folyamatos szinten tartásáról és javításáról se</seg>
<kinesic type="signal"><desc>Az elnök a csengő megkocogtatásával jelzi az időkeret lejártát.</desc></kinesic>
<seg xml:id="AC7_12546.6">, és biztos vagyok abban, hogy ezért az ágazatban dolgozók és az agrártárca is sokat tesznek.</seg>
<seg xml:id="AC7_12546.7">Tisztelt Államtitkár Úr</seg>
<kinesic type="signal"><desc>Az elnök újból csenget.</desc></kinesic>
<seg xml:id="AC7_12546.8">A bor mint hagyományos magyar ital versenyképességének növelése és az ágazat további fejlődése érdekében milyen eszközökkel segíti a kormány a szőlő- és bortermelőket? Várom államtitkár úr megtisztelő válaszát</seg>
<kinesic type="applause"><desc>Taps a kormányzó pártok padsoraiból.</desc></kinesic>
</u>
        <u xml:id="ParlaMint-HU_2016-10-17-urgent_question-AC7_12549" who="#ÁkosHadházy" ana="#regular"><note>DR. HADHÁZY ÁKOS (LMP):</note>
<seg xml:id="AC7_12549.1">Köszönöm szépen. Tisztelt Elnök Úr! Tisztelt Ház! Tisztelt Főügyész Úr! Az elmúlt héten megindult a Quaestor-ügy tárgyalása, amelyikről ön itt a parlamentben is azt mondta, hogy ez az önök számára egy igazi siker. Azt gondolom, hogy ez egy elég cinikus kijelentés, annak fényében is, hogy a nyáron közel álltak a bukáshoz, mert nem voltak képesek igazán a tárgyalás kezdetéig egy olvasható és feldolgozható formába hozni a vádiratot. De cinikus azért is, mert tudjuk, hogy ebben az ügyben emberek mentek tönkre, sorsok mentek tönkre, és ehhez képest maga a nyomozás és a vádirat rengeteg kérdést hagy nyitva. Nagyon sok lenne, ehhez két perc nem elegendő, ugyanúgy a válaszhoz sem.</seg>
<seg xml:id="AC7_12549.2">Három dolgot szeretnék megkérdezni. Miért nem foglalkozik a felügyeletek felelősségével a vádirat? Hiszen önökön kívül és a kormány képviselőin kívül szerintem mindenki tisztában van azzal, hogy a felügyeleteknek mekkora felelőssége van ebben a dologban, hogy ez kialakulhatott.</seg>
<seg xml:id="AC7_12549.3">A második kérdés: a vádirat szerint Tarsoly Csaba egy hosszú folyamat eredményeként összesen 1,2 milliárd forintot vett ki magáncélra a cégcsoportból. Ez az 1,2 milliárd forint nagyon nagy összeg, és nyilván a károsultakat is nagyon érdekli, hogy hol van ez a pénz. A károsultakat érdekli, de úgy tűnik, hogy önöket nem érdekli, nem derítették ki. Azt gondolom, hogy ha sikeres lenne ez a nyomozás, akkor önök azt is meg tudnák mondani, hogy ez az 1,2 milliárd hol van.</seg>
<seg xml:id="AC7_12549.4">A harmadik kérdés pedig az, hogy miért nem hallgatták meg Tarsoly úr titkárát, Mikuska Zoltánt, hiszen azt gondolom, hogy ha valaki, akkor ő azért jelentős információkkal bírhatott volna. Remélem, hogy nem azért, mert ön megkérdezte az ön lányát, és ő azt mondta, hogy Mikuska úr nem tud semmiről. Köszönöm szépen</seg>
<kinesic type="applause"><desc>Taps az LMP soraiban.</desc></kinesic>
</u>
        <u xml:id="ParlaMint-HU_2016-10-17-urgent_question-AC7_12550" who="#R.BenedekSallai" ana="#regular"><note>SALLAI R. BENEDEK (LMP):</note>
<seg xml:id="AC7_12550.1">Köszönöm a szót, elnök úr. Tisztelt Miniszter Úr! Személyesen lennék kíváncsi a véleményére, hogyha megteszi azt, hogy őszintén válaszol nekem, hogy az ön véleménye szerint, mint egy regnáló miniszter, mint a Miniszterelnökséget vezető miniszter, mikor kell távoznia egy miniszternek a posztjáról. Van-e olyan szakmai alkalmatlanság, emberi alkalmatlanság vagy politikai alkalmatlanság, amikor már ön is azt mondja, hogy távozni kell?</seg>
<seg xml:id="AC7_12550.2">Mondom a példát két konkrét miniszter kapcsán. Rogán Antal. Ingatlanügyek miatt az V. kerületben még lehetett polgármester. A vagyonnyilatkozata hamisítása miatt még lehetett frakcióvezető. De most gyakorlatilag az történt, hogy konkrétan hazudott a helikopterútról, simán letagadta a Népszabadságnak, majd amikor a letagadás után mutattak neki egy fényképet, hogy van, akkor még megfenyegette őket perrel</seg>
<seg xml:id="AC7_12550.3">(Dr. Apáti István: Milyen figurák voltak az esküvőn! A szabolcsi alvilág színe-java…)</seg>
<seg xml:id="AC7_12550.4">De nem azt csinálta, hogy akkor bocsánatot kér vagy ilyesmi, hanem utána a limuzin sofőrjét kiállítják mint felelőst, és ő magyarázkodik, hogy mi is történt. Nyilvánvalóan ez egy eléggé vállalhatatlan ügy.</seg>
<seg xml:id="AC7_12550.5">De nemcsak a helikopterezésről van szó, hanem arról is, hogy pont egy olyan ember csinálja mindezt, aki akkoriban, egykor még a luxusbaloldalt támadta a mostani, azóta már cimborájukká lett Kóka Jánost hasonló helikopterezés miatt. Az akkori politikai támadás, úgy látszik, most megismétlődik. És nyilvánvalóan a korrupciós ügyek is gyarapodnak mellette. Ott van a letelepedésikötvény-ügy. De ha megnézzük azt, hogy a politikai vagy a szakmai alkalmassága milyen, most gyakorlatilag lebonyolított egy 17 milliárdos kampányt úgy, hogy nem lett sikeres a népszavazás.</seg>
<seg xml:id="AC7_12550.6">A másik kedvencem a saját földim, Fazekas miniszter úr. Itt gyakorlatilag már csak felsorolás szintjén: némi közpénzt elbrókerezett - megúszta. A TIG felszámolását megúszta. MVH, jogosultatlan igények - megúszta. Játszótérbotrány, „Bróker” Marcsika-, Kiss Szilárd-ügy, elég necces, de azt is megúszta. A cimborája a lépfenebotrány kapcsán döghússal etetett gyerekeket - úgy látszik, azt is meg lehetett úszni. Vidékfejlesztési célokra a tanyagazdaságban számolta el a Hold utcai piacot - azt is megúszta. Most a választókerülete hangos a visszaélésektől, ami a közmunkaprogramokból adódik - a saját belügyminisztere rendelte vissza az abádszalóki és tiszaburai közmunka-kifizetéseket - úgy látszik, hogy ezt is megúszta.</seg>
<seg xml:id="AC7_12550.7">(15.00)</seg>
<kinesic type="signal"><desc>A szakmai alkalmasságáról annyit, hogy lenyilatkozta az FM (Az elnök a csengő megkocogtatásával jelzi az idő leteltét.</desc></kinesic>
<seg xml:id="AC7_12550.8">, hogy Hajdú-bihar megyében és Szolnok megyében összesen van 30 ezer juh, szemben a valós ötször annyival. Kíváncsi lennék, hogy mikor alkalmasak ezek a személyek. Köszönöm szépen, elnök úr</seg>
<kinesic type="applause"><desc>Taps az LMP soraiból.</desc></kinesic>
</u>
        <u xml:id="ParlaMint-HU_2016-10-17-urgent_question-AC7_12561" who="#MónikaDunai" ana="#regular"><note>DUNAI MÓNIKA (Fidesz):</note>
<seg xml:id="AC7_12561.1">Tisztelt Elnök Úr! Köszönöm szépen a szót. Tisztelt Államtitkár Úr! Tisztelt Ház! A Fidesz fontos célkitűzése, hogy évről évre csökkentsük a hátrányos helyzetben élő családok és gyermekek számát.</seg>
<seg xml:id="AC7_12561.2">(14.30)</seg>
<seg xml:id="AC7_12561.3">Azt a célt szeretnénk végső soron elérni, hogy egy hátrányos helyzetű gyerek se legyen Magyarországon a magyar családokban. A baloldali kormányok elhibázott döntése miatt hat évvel ezelőtt dupla ennyi gyermek és fiatal volt rossz helyzetben, mint most. Azóta jelentős változások álltak be a családok anyagi helyzetében. A szülők közül többen kapnak munkát, a bérek sok helyen emelkedtek, és a gyermeket nevelők jóval kevesebb adót fizetnek ma. Ezek a hatások együttesen segítettek abban, hogy a hátrányos helyzetű gyermekek száma jelentősen csökkenjen, és több fiatalnak legyen reménytelibb a jövője. Ma már a GDP több mint 4 százalékát fordítjuk családtámogatásokra. Ez a 2,4 százalékos OECD-átlagnál jóval magasabb, ráadásul folyamatosan emelkedik 2010 óta.</seg>
<seg xml:id="AC7_12561.4">2017-re majdnem másfélszeresére nőnek a családtámogatások. A családi adókedvezmény keretösszege 277 milliárd forintra emelkedik, ez 8 százalékkal lesz több még annál is, amennyi az idén. Ez azt jelenti, hogy a legalacsonyabb jövedelmű, csak 110 ezer család teljes egészében megőrizheti a bruttó jövedelmét.</seg>
<seg xml:id="AC7_12561.5">Tisztelt Államtitkár Úr! Mindezek - és még sorolhatnánk hosszasan a családpolitikai intézkedéseket - jól mutatják, hogy jó úton haladunk, de addig nem állhatunk meg, amíg - ahogyan említettem - egyetlen hátrányos helyzetű gyermek is van Magyarországon.</seg>
<seg xml:id="AC7_12561.6">Tisztelt Államtitkár Úr! Milyen eredményei vannak a családbarát kormányzásnak, hogyan segítjük a gyermeket nevelő magyar családokat, és mik a tervei az államtitkárságnak? Köszönöm szépen</seg>
<kinesic type="applause"><desc>Taps a kormánypártok soraiból. - Dr. Varga László: Most mondtad el!</desc></kinesic>
</u>
        <u xml:id="ParlaMint-HU_2016-10-17-urgent_question-AC7_12562" who="#LászlóVarga" ana="#regular"><note>DR. VARGA LÁSZLÓ (MSZP):</note>
<seg xml:id="AC7_12562.1">Köszönöm a szót, elnök úr. Tisztelt Államtitkár Úr! Ma van a szegénység elleni küzdelem világnapja, ennek kapcsán ismertetnék önnel néhány adatot, amit remélem, hogy ön is lát és érzékeli a magyar valóságot, majd feltennék önnek néhány kérdést.</seg>
<seg xml:id="AC7_12562.2">(A jegyzői székben Móring József Attilát Földi László váltja fel.)</seg>
<seg xml:id="AC7_12562.3">Ma Magyarországon a gyermekek mintegy 35 százaléka kénytelen szembenézni komoly anyagi nélkülözéssel. Ez az adat mintegy egy éve látott napvilágot. Romániában is jobb ennél a helyzet, és mindössze Bulgáriában rosszabb az Európai Unióban. Jóval több mint 4 millióan élnek a létminimum alatt, ez nagyjából 1,4 millió háztartást érint. Mi volt az önök válasza erre a helyzetre, erre a szörnyű magyar helyzetre a magyar társadalomban? Az, hogy nem publikálják innentől a létminimumadatokat, úgy próbálják megoldani ezt a kérdést, hogy a szőnyeg alá seprik a problémát.</seg>
<seg xml:id="AC7_12562.4">Az szja-bevallók majd’ fele keres a létminimum alatt. Elfogadhatatlan ez. Tehát igenis jelen van a magyar társadalomban a dolgozói szegénység. Változatlanul Európa-csúcs az áfa, 27 százalék, és ez a legtöbb alapvető élelmiszer kapcsán így van. Ennek a csökkentésére csak nagyon szűk körben történtek kísérletek. Világosan látszik tehát, hogy ketté van szakadva a magyar társadalom. Önök elfeledkeznek több mint 4 millió létminimum alatt élőről. Az ő helyzetük az elmúlt hat évben egyre rosszabbá vált, és önök csak egy szűk, kivételezett körnek kedveznek az egyes intézkedéseikkel.</seg>
<seg xml:id="AC7_12562.5">Adódik tehát a kérdés: mikor kívánnak végre a helikopterező, urizáló, harácsoló klientúrájuk építése helyett a magyar emberek hétköznapi problémáival foglalkozni? Várom válaszát. Köszönöm, elnök úr</seg>
<kinesic type="applause"><desc>Taps az MSZP soraiban.</desc></kinesic>
</u>
        <u xml:id="ParlaMint-HU_2016-10-17-urgent_question-AC7_12563" who="#NándorGúr" ana="#regular"><note>GÚR NÁNDOR (MSZP):</note>
<seg xml:id="AC7_12563.1">Köszönöm szépen, elnök úr. Harmadik világbeli állapotok uralkodnak több kórházban, ahol az orvosok, az ápolók és a betegek együtt küzdenek a túlélésért. Államtitkár úr, konkrét helyzetek, konkrét szituációk, csak címszavakban említem ezeket: vizsgálatok után koedukált elhelyezés, infúzió a ruhafogason, sürgősségi közelében nem lehet vízhez jutni az ellátandó betegek részére, kevés és ön is tudja, leterhelt egészségügyi személyzet. A gyógyítással kellene foglalkozni, de az orvosok még az ügyelet után is tisztességből hullafáradtan végzik mindezt a tevékenységet. A várakozók padokon fekszenek itt-ott-amott, betegek, hányás a földön, és nem akarom tovább ragozni a történetet. Ezzel kell szembesülni, amikor az ember a kórház berkein belül van. És mit tesznek önök? Mit tesznek önök ezzel szemben vagy mindezek mellett? Nem becsülik az orvosokat, ápolókat, nem becsülik azokat, akik az életünkért és az egészségünkért küzdenek. Nem becsülik, mert becsapják őket. Most is az elmúlt napokban, hetekben is becsapták őket. Tudja, fizetésemelésről papolnak, és közben példaként gyakornokok 150 ezer forint ösztöndíjat vesztenek, miközben 107 ezer forint fizetésemelésben részesülnek. Mínusz 43 ezer forint, lehet most azt mondani, hogy hogyne, persze, helyére tesszük a hibákat; persze, hogyha az ellenzék, a média észreveszi, akkor helyére teszik, egyébként meg becsapják az embereket.</seg>
<seg xml:id="AC7_12563.2">De a sürgősségen dolgozók még rosszabbul jártak, a sürgősségen dolgozó szakemberek. Úgy védik az ő pénzüket, hogy valójában azt ellopják tőlük. Fizetési csekkek ezt visszaigazolják. Úgy emelik a fizetést, hogy ez csökken. Nem kellene ez ellen tenni? Nem kellene azért cselekedni, hogy ne elhagyják ezt az országot az orvosok és az ápolói dolgozók? Nem így kellene munkálkodniuk? Elnök úr, köszönöm szépen</seg>
<kinesic type="applause"><desc>Taps az MSZP soraiból.</desc></kinesic>
</u>
        <u xml:id="ParlaMint-HU_2016-10-17-urgent_question-AC7_12564" who="#ÁdámMirkóczki" ana="#regular"><note>MIRKÓCZKI ÁDÁM (Jobbik):</note>
<seg xml:id="AC7_12564.1">Köszönöm szépen a szót, elnök úr. Tisztelt Miniszter Úr! Idestova 26 éves lemaradásban vannak, és idestova 60 éves lemaradásban van maga az ország. Én egy ténymegállapítással kezdeném, ami úgy szól, hogy az elmúlt 26 év összes kormánya felelős és történelmi, morális értelemben adós és bűnös, ha 1956 áldozatainak szellemére, célkitűzéseire gondolunk. Nem attól válik valaki méltóvá az 1956-os emlékünk szellemiségéhez, hogy milliókat, tízmilliókat, százmilliókat vagy éppen milliárdokat költ különböző rendezvényekre, megemlékezésekre, ez szükséges, örvendetes, de önmagában kevés. Attól sem lesz méltó, hogy a hatalmas propagandagépezetet felhasználva a leghangosabb az összes többi politikai párthoz képest, és attól sem lesz méltó, hogy folyton másokra mutogat, és megfeledkezik arról a személyes felelősségről, ami adott esetben neki megadatott, de nem élt vele, vagy másokat sem engedett élni ezzel.</seg>
<seg xml:id="AC7_12564.2">Azt gondolom, hogy ma nem lehet sem a Fidesz-KDNP, sem az MSZP soraiban olyan politikus méltó megemlékezője országszerte egyetlenegy ’56-os rendezvénynek sem, akik részei voltak valamilyen úton-módon az elmúlt 26 év bármely kormányzásának; akiknek lehetőségük volt arra, hogy egyszer és mindenkorra teljeskörűen és egzakt, egyértelmű módon leszámoljanak az állambiztonsági múlttal, és csatlakozzanak legalább a lengyel, a román vagy épp a szlovák mintához, amelyben ők már lényegesen előrébb járnak.</seg>
<seg xml:id="AC7_12564.3">Azt kérdezem, mikor válnak önök 1956 szelleméhez méltóvá, mikor számolnak le egyszer és mindenkorra az állambiztonsági múlttal. Várom válaszát</seg>
<kinesic type="applause"><desc>Taps a Jobbik soraiban.</desc></kinesic>
</u>
        <u xml:id="ParlaMint-HU_2016-10-17-urgent_question-AC7_12565" who="#DóraDúró" ana="#regular"><note>DÚRÓ DÓRA (Jobbik):</note>
<seg xml:id="AC7_12565.1">Köszönöm a szót. Tisztelt Elnök Úr! Tisztelt Miniszter Úr! Ön a múlt heti kormányinfón azt mondta, hogy két politikusról tud, akik 2006 óta a feleségük vagyonnyilatkozatát is nyilvánosságra hozták: Orbán Viktor és ön</seg>
<seg xml:id="AC7_12565.2">(Lázár János: 2010 előtt.)</seg>
<seg xml:id="AC7_12565.3">Azt mondta, hogy 2006 óta két olyan politikusról tud, akik ezt nyilvánosságra hozták.</seg>
<seg xml:id="AC7_12565.4">Szeretném arról tájékoztatni a miniszter urat, hogy a Jobbik képviselői az elmúlt két évben - kivétel nélkül mindannyian - a velünk egy háztartásban élő hozzátartozóink vagyonnyilatkozatát is nyilvánosságra hoztuk.</seg>
<seg xml:id="AC7_12565.5">Emellett Rogán Antal még frakcióvezetőként azt mondta, azt ígérte, hogy a Fidesz képviselőcsoportja 2015 tavaszára elkészít egy törvényjavaslat-csomagot a vagyonnyilatkozatokkal kapcsolatban. Úgy látszik, hogy kecskére bízták a káposztát, mert ez a vagyonnyilatkozati törvényjavaslat nem készült el. Rogán Antal azt is mondta akkor az Indexnek, hogy ez tartalmazni fogja azt, hogy nemcsak a képviselőknek lesz kötelező vagyonnyilatkozatot tenniük, hanem a politikai elit minden tagjának. Emellett nem zárta ki annak a lehetőségét, hogy a hozzátartozók vagyonnyilatkozatát is nyilvánosságra fogják hozni. Ezzel mindegyikkel egyetértünk, mégsem nyújtották be ezt a javaslatot. Mi most a Ház elé terjesztettünk egy törvényjavaslatot, amely többek között ezeket is tartalmazza.</seg>
<seg xml:id="AC7_12565.6">Emellett fel kell hívnom a figyelmet arra is, hogy a XXI. században egy országgyűlési képviselőtől elvárható lenne az elektronikus vagyonnyilatkozat benyújtása. Kérem miniszter urat, indokolja meg, hogy 2016-ban miért jobb a kézi vagyonnyilatkozat-kitöltő rendszer, mint az elektronikus vagyonnyilatkozat-kitöltő rendszer? Miért nem tartják indokoltnak? Mivel a törvényjavaslat benyújtása elmaradt, miért nem tartják indokoltnak, hogy a hozzátartozóké is nyilvános legyen, és miért nem tartják indokoltnak, hogy például a kormánybiztosok, miniszterelnöki biztosok, miniszteri biztosok is nyilvános vagyonnyilatkozatot tegyenek?</seg>
<seg xml:id="AC7_12565.7">Várom érdemi válaszát</seg>
<kinesic type="applause"><desc>Taps a Jobbik padsoraiban.</desc></kinesic>
</u>
        <u xml:id="ParlaMint-HU_2016-10-17-urgent_question-AC7_12567" who="#LászlóTeleki" ana="#regular"><note>TELEKI LÁSZLÓ (MSZP):</note>
<seg xml:id="AC7_12567.1">Köszönöm szépen. Tisztelt Elnök Úr! Tisztelt Országgyűlés! Azért is teszem fel ezt a kérdést, mert az elmúlt hetekben az Európa Tanács egy szakbizottsága egy jelentést készített. Ennek a jelentésnek ez volt a megalapozott véleménye, amelyet a címben is megjelentettünk. Azért érdekes ez, mert mi is egyetértünk ezzel a kifejezéssel, hogy rendszerszerűvé vált a romák diszkriminációja, mert nagyon sok esetben elhangzott az, hogy az oktatásban, a lakhatásban, az egészségügyben tetten érhető az, amiről beszélünk, ennek ellenére nem történik semmi.</seg>
<seg xml:id="AC7_12567.2">Ma, amikor a szegénység elleni harc világnapján beszélünk erről, akkor államtitkár urat arról kérdezném meg, hogy mit kívánnak tenni azzal a 110 ezer romával, cigány emberrel, akik a cigánytelepeken élnek, és közel 600-650 cigánytelepen élnek ezek az emberek, és ma is nemcsak a kirekesztettség az elsődleges, hanem az egészségügyi állapotuk, a foglalkoztatási helyzetük vagy éppen az oktatási helyzetük teljes mértékben kilátástalan. Ezen az alapon, azt gondolom, őszintén kellene beszélni arról, hogy a 110 ezer emberrel képesek-e valamit tenni, vagy az út szélén hagyják őket, és nem kíváncsiak arra, hogy mi lesz velük, csak az, amit egyébként a különböző statisztikák is mondanak, hogy 10-12 évvel előbb halnak meg, mint a nem romák Magyarországon, és megvárják ezt az időszakot.</seg>
<seg xml:id="AC7_12567.3">Tehát én azt gondolom, nagyon fontos lenne ebben a kérdésben önöknek most már át vagy bét mondani, mert nem lehet azt megtenni, amit megtettek az elmúlt időszakban, hogy különböző statisztikák mögé bújva megpróbálják ezt a dolgot kozmetikázni. Mondják meg őszintén, hogy a cigánytelepek felszámolásáért akarnak-e valamit tenni! Mondják meg őszintén, hogy az egészségügyi helyzetükkel kívánnak-e valamit tenni! Mondják meg őszintén, hogy a közfoglalkoztatáson kívül szeretnének-e mást is tenni a roma vállalkozók érdekében! Most nem gyűjtőfogalomként mondom, a szegénység tekintetében ugyanez a helyzet, mert szegény ember és szegény ember között nem szabad különbséget tenni, viszont akikről én beszélek, azok kint vannak a cigánytelepeken olyan helyzetben, amelyet ma már a harmadik világban sem lehet elképzelni. Köszönöm szépen</seg>
<kinesic type="applause"><desc>Taps az MSZP soraiból.</desc></kinesic>
</u>
      </div>
    </body>
  </text>
</TEI>
