<?xml version="1.0"?>
<TEI xmlns="http://www.tei-c.org/ns/1.0" xml:id="ParlaMint-HU_2014-10-13" xml:lang="hu" ana="#parla.sitting #reference">
  <teiHeader>
    <fileDesc>
      <titleStmt>
        <title xml:lang="hu" type="main">A Magyar Országgyűlés Korpusza ParlaMint-HU 2014-10-13 [ParlaMint]</title>
        <title xml:lang="en" type="main">Hungarian parliamentary corpus ParlaMint-HU 2014-10-13 [ParlaMint]</title>
        <title xml:lang="hu" type="sub">A Magyar Országgyűlés ülései, 7. ciklus</title>
        <title xml:lang="en" type="sub">Minutes of the National Assembly of Hungary, Term 7</title>
        <meeting ana="#parla.term" corresp="#OGY" n="7">7. ciklus</meeting>
        <respStmt>
          <persName>Miklós Sebők</persName>
          <persName>Orsolya Ring</persName>
          <resp xml:lang="hu">Parla-CLARIN TEI XML korpusz létrehozása</resp>
          <resp xml:lang="en">Parla-CLARIN TEI XML corpus encoding</resp>
        </respStmt>
        <funder>
          <orgName xml:lang="hu">CLARIN Kutatási Infrastuktúra</orgName>
          <orgName xml:lang="en">The CLARIN research infrastructure</orgName>
        </funder>
        <funder>
          <orgName xml:lang="hu">Társadalomtudományi Kutatóközpont, Eötvös Loránd Kutatási Hálózat</orgName>
          <orgName xml:lang="en">Centre for Social Sciences, Eötvös Loránd Research Network</orgName>
        </funder>
      </titleStmt>
      <editionStmt>
        <edition>2.0</edition>
      </editionStmt>
      <extent>
        <measure xml:lang="hu" quantity="18" unit="speeches">18 beszéd</measure>
        <measure xml:lang="en" quantity="18" unit="speeches">18 speeches</measure>
        <measure xml:lang="hu" quantity="6380" unit="words">6380 szó</measure>
        <measure xml:lang="en" quantity="6380" unit="words">6380 words</measure>
      </extent>
      <publicationStmt>
        <publisher>
          <orgName xml:lang="hu">CLARIN Kutatási Infrastuktúra</orgName>
          <orgName xml:lang="en">CLARIN research infrastructure</orgName>
          <ref target="https://www.clarin.eu/">www.clarin.eu</ref>
        </publisher>
        <idno type="handle">http://hdl.handle.net/11356/1388</idno>
        <pubPlace>
          <ref target="http://hdl.handle.net/11356/1388">http://hdl.handle.net/11356/1388</ref>
        </pubPlace>
        <availability status="free">
          <licence>http://creativecommons.org/licenses/by/4.0/</licence>
          <p xml:lang="hu">
            Ez a munka az alábbi licence alapján használható
            <ref target="http://creativecommons.org/licenses/by/4.0/">Creative Commons Attribution 4.0 International License</ref>
          </p>
          <p xml:lang="en">
            This work is licensed under the
            <ref target="http://creativecommons.org/licenses/by/4.0/">Creative Commons Attribution 4.0 International License</ref>
          </p>
        </availability>
        <date when="2021-03-31">2021. 03. 31.</date>
      </publicationStmt>
      <sourceDesc>
        <bibl>
          <title xml:lang="hu" type="main">A Magyar Országgyűlés ülései</title>
          <title xml:lang="en" type="main">Minutes of the National Assembly of Hungary</title>
          <idno type="URI">https://https://www.parlament.hu/ </idno>
          <date when="2014-10-13">2014. 10. 13.</date>
        </bibl>
      </sourceDesc>
    </fileDesc>
    <encodingDesc>
      <projectDesc>
        <p>
          <ref target="https://www.clarin.eu/content/parlamint">ParlaMint</ref>
        </p>
      </projectDesc>
      <tagsDecl>
        <namespace name="http://www.tei-c.org/ns/1.0">
          <tagUsage gi="text" occurs="1"/>
          <tagUsage gi="body" occurs="1"/>
          <tagUsage gi="div" occurs="1"/>
          <tagUsage gi="u" occurs="18"/>
          <tagUsage gi="seg" occurs="61"/>
          <tagUsage gi="kinesic" occurs="18"/>
        </namespace>
      </tagsDecl>
    </encodingDesc>
    <profileDesc>
      <settingDesc>
        <setting>
          <name type="address">Kossuth Lajos tér 1-3.</name>
          <name type="city">Budapest</name>
          <name type="country" key="HU">Magyarország</name>
          <date ana="#parla.sitting" when="2014-10-13">2014-10-13</date>
        </setting>
      </settingDesc>
    </profileDesc>
  </teiHeader>
  <text xml:lang="hu" ana="#reference">
    <body>
      <div type="debateSection">
        <u xml:id="ParlaMint-HU_2014-10-13-interpellation-IC7_1211" who="#LászlóSzakács" ana="#regular"><note>DR. SZAKÁCS LÁSZLÓ (MSZP):</note>
<seg xml:id="IC7_1211.1">Köszönöm a szót, elnök úr. Tisztelt Államtitkár Úr! Már évek óta folyik a Volán-társaságok összevonása, mára kiderült, hogy a 24 Volán-csoport hét régiós központba való tömörítése nem is olyan egyszerű feladat, mint amennyire az először tűnt. Hiszen a különböző kondíciójú cégek integrációja olyan sok, előre nem látható problémakört vetett fel, mint a foglalkoztatás szabályainak, bérszerkezetének, valamint az informatikai rendszereknek az összehangolása, ami, látjuk, nagy kihívást jelent.A kormányzat döntése értelmében a Magyar Nemzeti Vagyonkezelő Zrt. 2012-ben hét régiós központot alakított ki, ennek nyomán eltüntetve többek között az 1993. január 1-jén létrejött Pannon Volán Autóbusz-közlekedési Részvénytársaságot is. A döntések értelmében a hét régió egyike a dél-dunántúli, kaposvári székhellyel, ide került beolvasztásra a Kapos Volán, a Gemenc mellé a Pannon Volán Zrt. is. A kormány tervei arról szóltak, hogy a teljes szerkezeti integráció 2014. január 1-jéig megvalósul, azonban nemrégiben Seszták Miklós nemzeti fejlesztési miniszter azt nyilatkozta, hogy folytatódik a közösségi közlekedés megkezdett átalakítása.Az újjászervezés célja a gazdaságosabb működés, az állami források hatékonyabb felhasználása, és az év végéig befejeződő Volán-társaságok régiós szintű összeolvadása is. Az állam 2015. januártól évente 4-5 milliárd forint megtakarítást kíván elérni a korábbi kiadásokhoz képest. Itt érdemes megjegyezni, hogy 2008-ban a politikai és szakmai ellenállás hatására a szervezeti összevonás helyett együttműködésre épülő konzorciumi forma jött létre, amelynek alapjai ma is megvannak, és a célkitűzéseknek szerintünk ma is megfelelnek. Az ágazatban jelen lévő szakszervezetek szerint a munkavállalókat az összevonások hátrányosan nem érinthetik. A szakszervezetek szerint azonban ilyen markáns megtakarítás csak a működési és szolgáltatásbeli zavarokat előidéző létszámleépítés árán valósulhat meg.Az is nyilvánvaló, hogy az átszervezés nyomán az adminisztratív és a felsőbb irányítói területen kevesebben dolgoznak majd. Az érdekvédők garanciákat szeretnének kapni arra nézve, hogy az eddig elért, a munkavállalókat érintő vívmányok nem csökkennek. A változás után nem lehetnek alacsonyabbak a bérek, nem csökkenhet a jövedelmi színvonal sem. Azokon a munkahelyeken, ahol jelenleg kollektív szerződés van, azok érvénye továbbra is fennmaradjon.Mindezek után kérdezem államtitkár urat, mi történt a Pannon Volán Zrt. munkavállalóival, mennyien vesztették már el a munkájukat, és mennyien fogják még elveszteni az összevonás után. Voltak és vajon lesznek-e kiszervezések az újonnan létrejövő dél-dunántúli Volán-régióban, amelyek érintik a volt Pannon Volán dolgozóit? És államtitkár úr személyesen tudja-e garantálni vagy sem, hogy a korábbi Volán-társaságok munkavállalóit az összevonások hátrányosan nem érinthetik, a már elért vívmányok mindenkire érvényben maradnak?Várom megtisztelő válaszát</seg>
<kinesic type="applause"><desc>Szórványos taps az MSZP soraiban.</desc></kinesic>
</u>
        <u xml:id="ParlaMint-HU_2014-10-13-interpellation-IC7_1224" who="#IstvánHiller" ana="#regular"><note>DR. HILLER ISTVÁN (MSZP):</note>
<seg xml:id="IC7_1224.1">Tisztelt Elnök Úr! Tisztelt Képviselő Asszonyok és Képviselő Urak! Igen tisztelt Államtitkár Úr! A felsőoktatási törvény legutóbbi módosítása az állami felsőoktatási intézményekben létrehozta a kancellári tisztséget. A kancellár számos egyéb feladat- és jogkör mellett gyakorlatilag teljhatalommal rendelkezik az intézményekben minden olyan ügyben, amely pénzügyet érint. Aláírása nélkül ténylegesen semmi olyan tevékenység nem folytatható, amelynek financiális bázisa van.A felsőoktatási intézményekben ugyanakkor továbbra is megmarad a rektori tisztség. A rektort évszázados hagyomány szerint az egyetem saját professzorai közül választja ki, és megbízatása idején az egyetemi autonómia elidegeníthetetlen elemeként a rektor irányítja az intézményt.A kancellári tisztség és a törvény módosítása által meghatározott kancellári jogkörök eredményeként egyetemeinken és főiskoláinkon kétpólusú vezetés, az irányításban kétfejűség jött létre. Túl azon, hogy véleményem szerint mindezt sikerült úgy megvalósítani, hogy az egyetemi autonómia csorbát szenved, külön ki kell emelnem, hogy jelenleg, a 2014-15-ös tanév elején az intézményekben, tisztelt államtitkár úr, teljes a bizonytalanság. Az eredeti elképzelések és nyilatkozatok ellenére ugyanis nem sikerült időben lebonyolítani a kancellári pályázatokat; egyetlenegy intézményben, egyetlenegy egyetemen vagy főiskolán nincsen kancellár. Így aztán az az elképesztő helyzet jött létre, hogy a tanév kezdetén a rektor teljes jogkörrel irányítja az intézményt, majd most már nyilván a tanév közben, ha majd kinevezik egyszer a kancellárt, onnantól meg nagyrészt ő, a kancellár veszi át az irányítást. Egy tanéven belül ez így a teljes felfordulás.Mindezek alapján arra kérem államtitkár urat, hogy mondjon nekem egyetlen olyan egyetemi, akadémiai tevékenységet, feladatot, amely nem kerül pénzbe, magyarul, nem a kancellár aláírásának hatáskörébe tartozik.Arra is kérem államtitkár urat, válaszoljon, mi a véleménye a kialakulófélben levő kettős irányításról a magyar felsőoktatás intézményeiben, amely kettős irányítás egyébként sehol nincs, sehol Európában. Van, ahol vannak kancellárok; van, ahol vannak rektorok, de ilyen feladat- és hatáskör-megoszlásban sehol egyetlenegy országban, az önök által gyakran példaként emlegetett német nyelvterületen és Németországban sincs. Ott vannak, de leginkább voltak kancellárok, meg vannak rektorok, de így egyetlenegy intézményben nincsen.Azt is szeretném tudni, tisztelt államtitkár úr, hogy a kormány tervei szerint mikorra kerülnek kinevezésre a kancellárok. Ezért kellett ugyanis módosítani a nyár elején a felsőoktatási törvényt, hogy önök időben kinevezhessék a kancellárokat szeptember 1-jére. Egyetlenegy helyen nem tudták kinevezni. Most azt mondták, október közepére fogják kinevezni. Itt vagyunk október 13-án, egyetlenegy állami felsőoktatási intézményben nincsen kancellár. Mikor lesz? Mikor kerül sor a kinevezésre, államtitkár úr</seg>
<kinesic type="signal"><desc>Az elnök a csengő megkocogtatásával jelzi az idő leteltét.</desc></kinesic>
<seg xml:id="IC7_1224.2">Köszönöm szépen, elnök úr</seg>
<kinesic type="applause"><desc>Taps az MSZP soraiban.</desc></kinesic>
</u>
        <u xml:id="ParlaMint-HU_2014-10-13-interpellation-IC7_1244" who="#PéterÁgh" ana="#regular"><note>ÁGH PÉTER (Fidesz):</note>
<seg xml:id="IC7_1244.1">Tisztelt Államtitkár Úr! A 112-es hívószám megjelenéséig a segélyhívó számok az Európai Unió minden országában különböztek. Baleset, katasztrófa, bűncselekmény esetén a polgárok a nemzeti segélyhívókon érhették el a készenléti szolgálatokat. A 112-es hívószám bevezetésével a segítségnyújtás sokkal gyorsabbá, hatékonyabbá vált, és annak ellenére, hogy a nemzeti hívószámok továbbra is elérhetőek, Európán belül bárhová utazunk, elég egyetlen segélyhívó számot hívni.Az Európai Unió területén 1991 óta működik a 112-es segélyhívó szám. Az Európai Tanács szándéka szerint az Unió polgárai számára minden tagállamban azonos elvek alapján biztosítja az egységes kapcsolatfelvétel lehetőségét a segítséget nyújtó készenléti szervekkel. A 112-es szám szinte egész Európában, így Magyarországon is ingyenesen hívható. A kormány 2011. június 7-én döntött az egységes, ingyenesen hívható segélyhívó rendszer hazai kiépítéséről. Azokban az európai országokban, ahol már működik az egységes segélyhívó rendszer, költséghatékonyabb a bevetés irányítása, egyszerűsödik a szolgálatszervezés és az állománnyal való gazdálkodás. Amennyiben az egyik segélykérő központtal probléma történne, a rendszer akkor is zavartalanul működhet majd. Amennyiben pedig határ menti településről fut be hívás, úgy a szomszédos országok egységei is rendelkezésre állhatnak. 2014. szeptember 9-én belügyminiszter úr felavatta az egységes segélyhívó rendszer egyik hívásfogadó központját Miskolcon. A beruházás egyebek mellett az új rendszer kialakítását, a számítógépes hálózat kiépítését, informatikai fejlesztését foglalta magában. A hazánkban jelenleg kiépült egységes segélyhívó rendszer segítségével a bonyolult, sok embert érintő helyzetekben, katasztrófa vagy súlyos balesetek esetén akár mindhárom készenléti szerv diszpécsere közvetlen konferenciakapcsolásban tudja összehangolni irányítói tevékenységét. A 112-es egységes hívószámmal értékes perceket, másodperceket lehet nyerni a mentéskor.Mindezek alapján tisztelettel kérdezem államtitkár urat, milyen szempontokat vettek figyelembe a központok kiválasztásakor, illetve hány új munkahelyet teremt az egységes segélyhívó rendszer.Várom megtisztelő válaszát</seg>
<kinesic type="applause"><desc>Szórványos taps a kormánypárti padsorokban.</desc></kinesic>
</u>
        <u xml:id="ParlaMint-HU_2014-10-13-interpellation-IC7_1247" who="#DánielZ.Kárpát" ana="#regular"><note>Z. KÁRPÁT DÁNIEL (Jobbik):</note>
<seg xml:id="IC7_1247.1">Tisztelt Elnök Úr! Tisztelt Ház! Egy mai magyar fiatal igen komoly dilemmával szembesül, amikor az átlagbéréből, átlagfizetéséből egy gondolatmenet során el kéne jutni odáig, hogy mikor lesz saját lakása, akár egy saját portája egy kis kerttel. A többség számára ez ma még sajnos a lehetetlen kategóriájába tartozik. Ugyanakkor egy 2011-es idézettel kezdenék: Orbán Viktor közölte, hogy az új otthonteremtési program elindítása előtt sürgető feladat a meglévő otthonok megvédése. Ez olyannyira sikerült csak részben, hogy az előző ciklus több mint felében az önök által meghatározott kilakoltatási kvóta alapján dobálhatták utcára az embereket. Szerencsére most éppen átmeneti védettséget élveznek azok, akikről beszélünk.Ugyanakkor elmondható az is, hogy ugyanebben az évben, tehát még 2011-ben egy hasonló megnyilatkozásra került sor, amely szerint a szociálpolitikai támogatásokból és kamattámogatásból álló, várhatóan 2012. január 1-jével induló új forintalapú otthonteremtési program kidolgozásakor már óvatosak szeretnének lenni. Ez a program azóta is teljes egészében várat magára, hiszen bár történtek részmegoldásnak, cselekvési kísérletnek felfogható dolgok, mégis megállapítható az, hogy a bérlakásállomány Magyarországon egy jottányit nem emelkedett, egy magyar fiatal átlagos elérhetősége egy saját lakást, önálló otthont tekintve szintén nem javult, nem emelkedett. Azt is látni kell, hogy ez is hozzájárult a munkahelyek hiánya és az egzisztenciális válság mellett ahhoz, hogy miközben az előző ciklusban még csak olyan 330 ezer kivándorlót mértek Magyarországról különböző statisztikai hivatalok, addigra most már ez a becslés félmillió fölé kúszott, és ne is beszéljünk még azokról, akik illegálisan vállaltak munkát, hiszen ők nem fogják bejelenteni itt Magyarországon azt, hogy átmenetileg, hosszabb vagy rövidebb ideig külföldön tartózkodnak. De tény, megállapítható és megállapítandó az, hogy a munkahelyek hiánya mellett az önálló otthon megszerzésének lehetetlen mivolta járul hozzá leginkább ahhoz, hogy a kivándorlási spirál elképesztő módon erősödik.Mi lett volna várható önöktől már az előző ciklusban? Egy átfogó, állami hátterű otthonteremtési és bérlakás-építési program, éppen annak érdekében, hogy Magyarországon egyetlen fiatal se küzdjön hasonló dilemmával. Ezzel szemben mi történt? A költségvetésben található otthonteremtési sor, amiből az árfolyamgát 2.0-ásoknak az állami kiegészítő lábát, tehát a bankok megtámogatását finanszírozták. A Jobbik ezzel szemben letett egy saját tervet az asztalra, amely a legnagyobb mértékben hazai vállalkozók, kivitelezők és beszállítók bevonásával építene bérlakásokat; felmérnénk a Magyarországon található, túlzás nélkül több száz ezres üresingatlan-állományt a tekintetben, hogy mit lehet visszahozni a magyar körforgásba és mit nem; végül pedig ezeket a bérlakásokat egy idő után megvásárolhatóvá, a fiatalok, a magyar középkorúak és igénylő idősek tulajdonjogába írathatóvá tennénk, éppen azért, hogy lassítsuk a kivándorlási spirált, javítsunk a gyermekvállalási hajlandóságon, és önerőből pörgessük fel a saját magyar gazdaságunkat. A kérdés az, hogy a kormánynak egy hasonló terv asztalra tételéhez miért volt kevés négy és fél év. Várom érdemi válaszát</seg>
<kinesic type="applause"><desc>Taps a Jobbik soraiban.</desc></kinesic>
</u>
        <u xml:id="ParlaMint-HU_2014-10-13-interpellation-IC7_1487" who="#TimeaSzabó" ana="#regular"><note>SZABÓ TIMEA (független):</note>
<seg xml:id="IC7_1487.1">Köszönöm a szót. Tisztelt Államtitkár Úr! Most, hogy véget értek a választások, talán önök is hajlandóak lesznek végre őszintébben beszélni arról, hogy a kormány mit tervez Magyarországgal. Ennek első lépéseként hozzák végre nyilvánosságra az eddig kamuindokokkal elhalasztott költségvetés tervezetét. Tisztában vagyunk azzal, hogy azért halasztották el a benyújtását ennek, mert a választások előtt kínos lett volna azt nyilvánosságra hozni. A választásoknak vége, tessék végre kiállni az emberek elé. Aztán Varga Mihály néhány héttel ezelőtt elszólta magát, hogy az önök kormánya az elkövetkezendő években egy 1700 milliárd forintos megszorítást tervez, vagyis a GDP 5,5 százalékával mérsékelnék a költségvetési kiadásokat. Ez évente 500 milliárd forintos megszorítást jelent. Sajnos pontosan tudjuk, hogy ez az amúgy is egyre szegényebb magyar emberek megsarcolását jelenti majd. Az elmúlt években már így is kivéreztették az oktatást, az egészségügyet, a szociális szférát. Az Eurostat nemrég megjelent adatai szerint ma Magyarországon 3,3 millió szegény ember van, százezerrel több, mint egy évvel korábban, és körülbelül félmillióval több, mint öt évvel ezelőtt. Az ország egyértelműen és drasztikusan csúszik lefelé, a felsőoktatás válságban, nincs megoldás a kórházi adósságok rendezésére vonatkozóan vagy éppen egy fenntartható egészségügyi ellátórendszer kialakítására.A nyugdíjrendszerrel a kormány a magánnyugdíjpénztárak lenyúlásán kívül semmit sem kezdett, a munkanélküliség csak a drága és a végtelenségig megalázó közmunkaprogram miatt csökken, illetve a fiatalok kivándorlása miatt, ráadásul a statisztikák szerint egy átlagos közmunkás ? pontosan tudjuk ? évi három hónapot dolgozik. A szociális szférában dolgozók havi 70 ezer forintot visznek haza, annyit, amennyit Lázár János vagy az önök kollégái elvacsoráznak egy este Londonban.Államtitkár úr, egy 1700 milliárd forintos megszorítást kizárólag úgy lehet végrehajtani, hogy a kormány csökkenti a nyugdíjakat és privatizálja az egészségügyet és az oktatást. Kérem, válaszoljon nyolcévezés, gyurcsány-bajnaizás és „önök idejében” kezdetű mellébeszélés nélkül, az emberek megérdemlik az őszinte beszédet: államtitkár úr, készül-e a kormány a nyugdíjak csökkentésére vagy a korhatár megemelésére? A megszorítás keretében készülnek-e a magántőke bevonására az egészségügyben és az oktatásban? Miből fogják finanszírozni ezt az 1700 milliárd forintos megszorítást? Bízom benne, hogy ez a hír elszegényedő hazánkban csak egy rosszindulatú pletyka, így kérem önt, hogy egyenesen, mellébeszéléstől mentesen válaszoljon. Köszönöm</seg>
<kinesic type="applause"><desc>Taps a függetlenek soraiból.</desc></kinesic>
</u>
        <u xml:id="ParlaMint-HU_2014-10-13-interpellation-IC7_1504" who="#DóraDúró" ana="#regular"><kinesic type="noise"><desc>DÚRÓ DÓRA (Jobbik): Köszönöm a szót. Tisztelt Elnök Úr! Tisztelt Államtitkár Úr! A KLIK működése sajnos lényegében egy botránykatalógus, és úgy tűnik, hogy több mint másfél év után végleg bebizonyosodott, ez a konstrukció működésképtelen. Az állami fenntartásba vétel, kellő előkészítés hiányában, kapkodva, az oktatás szereplőit nem kímélve zajlott, és azóta is azt látjuk, a rendszer maga is hibás, amit tetéztek a szakszerűtlen emberi döntések is.Mára mindenki számára nyilvánvalóvá vált tehát, hogy szó sincs a kormány által szajkózott sikertörténetről vagy biztonságos működésről, a finanszírozási problémák megoldásáról. Az egész koncepció egyik legfőbb hivatkozási alapja az volt, hogy az önkormányzatok gazdasági helyzetéből adódó különbségeket csökkenteni fogják, másrészről viszont éppen azzal dicsekedtek a kormánypárti képviselők a sajtóban, hogy azok az önkormányzatok, amelyek megtehetik, továbbra is több lehetőséget biztosítanak az intézményeik számára. Úgy tűnik, hogy erre szükség is lesz, hiszen nyár végén közel húszmilliárd forintos gyorssegélyről kellett döntenie a kormánynak, mert a KLIK nem elég hatékony, ahogy az egy belső átvilágítás során is kiderült. Mindezek alapján tehát aligha fog csökkenni a különbség az intézmények között, tehát a KLIK nem oldja meg ezt a problémát, ezzel szemben több másikat előidéz. Ilyen például, ami a kollégiumok és Budapesten jellemzően a középiskolák esetében is igaz: ahol az önkormányzatok a működtetők, és a gyerekek többsége más településekről, más kerületekből érkezik az intézménybe, az önkormányzat nem érdekelt abban, hogy éppen azt fejlessze, amit a lakói alig használnak. Ezek az intézmények és egyébként maguk az önkormányzatok is vesztesei ennek az átalakításnak, amire több intézményvezető és pedagógus is panaszkodik, emiatt folyamatos nehézségeik vannak. Mindezek kizárólag a KLIK működésével kapcsolatos problémák; ebben az interpellációban nem ejtettem szót a tankönyvek ügyéről, a pedagógusok munkarendjének átalakítását követően kialakult igazságtalanságokról vagy az intézményvezetői kinevezések botrányairól, amelyek tovább rontják a helyzetet. Ugyanakkor a kormány részéről világos koncepciónak még a nyomát sem látjuk, nyilvánvaló, hogy maguk sem tudják, hogyan kell a hibáikat kijavítani. Kérdezem ezért államtitkár urat, miért nem látják be a hibáikat, és miért nincsen hosszú távú tervük, koncepciójuk a köznevelés jövőjéről. Várom érdemi válaszát</desc></kinesic>
<kinesic type="applause"><desc>Taps a Jobbik soraiban.</desc></kinesic>
</u>
        <u xml:id="ParlaMint-HU_2014-10-13-interpellation-IC7_1519" who="#LászlóSzászfalvi" ana="#regular"><note>SZÁSZFALVI LÁSZLÓ (KDNP):</note>
<seg xml:id="IC7_1519.1">Köszönöm a szót. Tisztelt Elnök Úr! Tisztelt Államtitkár Úr! A kormány a 2013-ban meghirdetett rezsicsökkentéssel kiemelkedő segítséget nyújtott a lakosság kiadásainak csökkentéséhez, ez idáig mindösszesen 334 milliárd forintnyi lakossági megtakarítást jelentett, lakossági villanyszámla-megtakarítás 160 milliárd forint, gázszámla-megtakarítás 139 milliárd, távhőszámla-megtakarítás 35 milliárd forint. A távhő árának 2014. október 1-jei 3,3 százalékos csökkentésével megvalósult a tavaly január elején kezdődött rezsicsökkentés harmadik üteme is, ezzel a gázszolgáltatás területén összességében 25,1 százalékos árcsökkenés valósult meg. A villamosenergia-árak 25,5 százalékkal csökkentek, a távhőfelhasználók pedig most már összesen 22,6 százalékkal fizetnek kevesebbet. Tisztelt Államtitkár Úr! Vidéken azonban, mint mindannyian tudjuk, nagyon sokan fával tüzelnek, így a téli kiadásaik jelentősen ez idáig nem csökkenhettek. Örömmel vettük azonban a kormányzati döntést, amely szerint az állami erdőgazdaságok 10 százalékos árkedvezménnyel árusítanak tűzifát, országosan mintegy 170 ezer köbmétert. A kedvezményes tűzifa-értékesítés megkezdődött az állami erdőgazdaságokban. A 10 százalékos árcsökkentés egy háztartásnak átlagosan 20-30 ezer forint megtakarítást jelent a fűtési szezonban. A kormány ezen kívül a tavalyi évben jelentős támogatást fordított szociális tűzifa-támogatásra is. Ez akkor mintegy 1700, 5 ezer fő alatti településnek nyújtott segítséget. A települések 2 milliárd forint támogatást kaptak, ez az összeg kétszerese volt az azt megelőző évinek. Az önkormányzatok a támogatási összeget kiegészítették, így a rászorultak mintegy 2,2 milliárd forint támogatáshoz jutottak hozzá. Mindezek alapján tisztelettel kérdezem államtitkár urat: hogyan kívánja növelni a kormány a támogatás összegét, és lehetséges-e a támogatottak körének kiszélesítése? Lát-e lehetőséget államtitkár úr arra, hogy az önkormányzatok egyszerűbben juthassanak hozzá ehhez a fontos támogatáshoz? Tisztelettel várom államtitkár úr megtisztelő válaszát</seg>
<kinesic type="applause"><desc>Taps a kormánypártok soraiból.</desc></kinesic>
</u>
        <u xml:id="ParlaMint-HU_2014-10-13-interpellation-IC7_1526" who="#BernadettSzél" ana="#regular"><note>DR. SZÉL BERNADETT (LMP):</note>
<seg xml:id="IC7_1526.1">Köszönöm a szót, elnök úr. Tisztelt Államtitkár Úr! Egy friss európai bizottsági jelentés szerint nagy bajban vannak a hazai kis- és középvállalkozások, és hozzá kell tennem, ha ők bajban vannak, akkor az egész ország bajban van, ugyanis ebben a szektorban kevesebb embernek tudnak munkát adni. Zsugorodott maga a szektor is, számban is kevesebben vannak, és a teljesítményük is kisebb. Logikus kérdés az számunkra, hogy vajon miért van ez így, és vajon a magyar kormány tesz-e, illetve tett-e valamit annak érdekében, hogy ez ne így legyen. Hiszen azt látjuk, hogy ha a másik oldalon multikról van szó, és kifejezetten autóipari, illetve hozzájuk kapcsolódó iparágakkal foglalkozó multikról, akkor ugyancsak két kézzel szórják a közpénzt. Ott vannak azok a százmilliárdos nagyságrendű támogatások, amelyeket közvetlen támogatás, illetve fejlesztési adókedvezmények formájában adnak ezeknek a cégeknek, és világosan tudjuk, hogy zömmel ők a stratégiai partnerek is. Ha egy munkahelyre számítva nézzük, hogy mennyi támogatást kapnak ezek a multik, akkor egy olyan számot kapunk, hogy ők tízszer annyit kapnak, mint egy magyar kis- és középvállalkozó. Ez azt jelenti, hogy a Fidesz-KDNP számára tízszer annyit ér egy multinak adott támogatás, mint egy kis- és középvállalkozó számára adott támogatás ebben az országban. Holott felhívom a tisztelt figyelmüket arra, hogy a kkv-k azok, akik sorsközösséget vállalnak a magyar emberekkel, akik akkor is itt vannak velünk, amikor jól megy a szekér, de akkor is, amikor rosszul megy, és ők azok, akik ezt az országot a hátukon viszik. A kormánynak láthatóan van egy ilyen monomániás támogatási kultúrája, egyoldalúan az autóipar irányába áramlik, ami ? felhívom rá tisztelt államtitkár úr figyelmét ? egy több oldalról is elhibázott irány. Egyrészt ott van a magyar élelmiszeripar termelési és feldolgozási szinten. Ha ide folyatnák a pénzt, akkor lenne jó minőségű magyar élelmiszer, amit a régióban el lehetne fogyasztani. De ott vannak például a megújulóiparral foglalkozó vagy foglalkozni kívánó kis- és középvállalkozások is. S ha végre leszigetelnék ezt az országot, és mondjuk, nem orosz gázzal fűtenénk a magyar utcákat, akkor a magyar kis- és középvállalkozásokat lehetne támogatni az építőszektorban, az építőanyag-iparban is. Vagy ha már mindenáron járművekben gondolkodnak, ott vannak a magyar buszok, a magyar trolik, a magyar villamosok, mind lehetne fejleszteni. Kérdezem én tisztelt államtitkár urat, miért van az, hogy a Fidesz-KDNP-nek tízszer annyira fontos egy multinál megvalósult foglalkoztatás, munkahelyteremtés, mint egy kkv-nál, mint egy kis- és középvállalkozásnál, miért tartják fenn önök ezt az elhibázott irányt. Köszönöm</seg>
<kinesic type="applause"><desc>Taps az LMP soraiban.</desc></kinesic>
</u>
        <u xml:id="ParlaMint-HU_2014-10-13-urgent_question-AC7_1286" who="#SándorBurány" ana="#regular"><note>BURÁNY SÁNDOR (MSZP):</note>
<seg xml:id="AC7_1286.1">Köszönöm a szót, elnök úr. Megvárhatnám, míg jegybankelnök úr befejezi a külön konzultációt, és meghallgatja a kérdést, amit feltennék neki</seg>
<seg xml:id="AC7_1286.2">(Dr. Matolcsy György dr. Völner Pállal beszél, majd elfoglalja helyét.)</seg>
<seg xml:id="AC7_1286.3">Köszönöm szépen a lehetőséget.</seg>
<seg xml:id="AC7_1286.4">Tisztelt Elnök Úr! Az elmúlt hetekben egészen elképesztő, különös és gigantikus pazarlásba kezdett a Magyar Nemzeti Bank, amelynek ön a vezetője. Csak kapkodtuk a fejünket. Először nyilván úgy döntött a Magyar Nemzeti Bank vezetése, hogy fellendíti az ingatlanpiacot, az ingatlanbizniszt, és maga is nagybevásárlóként megjelenik ezen a fontos piacon. Ennek keretében rögtön vásárolt egy kastélyszállót. Amikor ebből a sokkból magunkhoz tértünk, akkor azt láttuk, hogy itt nem álltak meg, hanem rögtön vásároltak egy luxusirodaházat Budapesten, amely minden bizonnyal a legdrágább irodaház itt a fővárosban.</seg>
<seg xml:id="AC7_1286.5">Különösen felháborító az utóbbi esetben az, hogy annál a megjelent árnál, amely egy honlapon nyilvánossá vált, jóval drágábban vették meg egy offshore-hátterű cégtől. Nyilván ehhez kellett egy szakértői becslés, nehogy olcsóbban meg tudják vásárolni. De ez még mind nem volt elég, a szerződést Trócsányi miniszter úr ügyvédi irodája készítette. Jobb európai országokban ilyenért a miniszter azonnal távozik, ha egy ilyen kiderül. És amikor mindez még nem volt elég, akkor kiderült, hogy önök 200 milliárd forintot elkülönítettek, és alapítványok rendelkezésére bocsátották, annak érdekében, hogy úgymond az ön gazdasági nézeteit, közgazdasági gondolkodási nézeteit taníthassák.</seg>
<seg xml:id="AC7_1286.6">Szeretném jelezni, hogy a Magyar Nemzeti Bank egyenlege része az államháztartásnak, minden egyes fillér közpénz. Mégis, hogy képzelik, hogy ilyen horderejű pénzköltésbe kezdenek? Várom válaszát</seg>
<kinesic type="applause"><desc>Taps az MSZP és a Jobbik mögött helyet foglaló függetlenek soraiból.</desc></kinesic>
</u>
        <u xml:id="ParlaMint-HU_2014-10-13-urgent_question-AC7_1564" who="#ErzsébetSchmuck" ana="#regular"><note>SCHMUCK ERZSÉBET (LMP):</note>
<seg xml:id="AC7_1564.1">Tisztelt Államtitkár Úr! A választási kampány hajrájában megjelent egy pályázati kiírás, és állítólag majd ezt követi még másik kettő, melyek keretében 25-35 ezer forintot nyerhetnek új hűtőgép vásárlásához nyugdíjasok és nagycsaládosok, 2200 szerencsés háztartás lecserélheti a nyílászáróját, illetve 1500 a kazánját. Az összesen 2,7 milliárdos keret valószínűleg néhány nap alatt ki fog merülni vagy már ki is merült, pedig borzasztó nagy szükség lenne több nagyságrenddel nagyobb, a lakosság széles körét elérő, energiatakarékosságot ösztönző programra.</seg>
<seg xml:id="AC7_1564.2">Felmérések szerint a háztartások egyötöde tervez energia-korszerűsítést. A felújítást tervező háztartások 41 százaléka továbbra is a magas rezsi miatt vágna bele a munkálatokba. Úgy tűnik, az emberek jó része nem hisz abban, hogy energiatakarékosság és energiahatékonyság-javítás nélkül csupán a kormányzati rezsicsökkentési kampánnyal lehetne tényleges rezsicsökkentést elérni. Ahhoz, hogy a kormány által készített nemzeti épületenergetikai stratégia céljai teljesüljenek, évente legalább 69 milliárd forintot kellene lakáscélú energiahatékonysági programokra költeni.</seg>
<seg xml:id="AC7_1564.3">(16.50)</seg>
<seg xml:id="AC7_1564.4">Ezért a kérdésem: mikor jutunk el oda, hogy a lakossági energia-korszerűsítésre legalább annyi pénz jusson, mint a stadionokra?</seg>
</u>
        <u xml:id="ParlaMint-HU_2014-10-13-urgent_question-AC7_1565" who="#IstvánIkotity" ana="#regular"><note>IKOTITY ISTVÁN (LMP):</note>
<seg xml:id="AC7_1565.1">Köszönöm a szót, elnök úr. Tisztelt Ház! Magyarország érdekét szolgálja Ángyán József intézetének szétrombolása és a kishantosi biogazdálkodás ellehetetlenítése. Ángyán József 24 éve alapította a Szent István Egyetem Környezet- és Tájgazdálkodási Intézetét. A természeti értékek megőrzésére, a vidék megújítására alapult intézet szeptember 30-án hosszan tartó, súlyos támadások következtében megszűnt. Száz kilométerre onnét a Kishantosi Vidékfejlesztési Központ 21 évig gazdálkodott vegyszermentesen, oktatta a környékbeli és távolabbról érkező gazdákat, majd lejárt a szerződésük, és a tíz részre szabdalt korábbi földjük egészét elvesztették.</seg>
<seg xml:id="AC7_1565.2">Mi a közös a KTI, tehát a Környezet- és Tájgazdálkodási Intézet és a kishantosi biogazdaság között és a szinte egy időben történő megszüntetésükben? Az, hogy mindkét intézet egy kisstílű politikai bosszú áldozata lett, mert mindketten a Fidesz-kormány kritikusai voltak, mégpedig hiteles kritikusai, hiszen sem Ángyán József agrármérnök, a KTI alapítója, sem pedig Kishantos vezetői nem mondhatni, hogy nem hiteles emberek, és semmiképpen sem sorolhatók a balliberális oldalhoz.</seg>
<seg xml:id="AC7_1565.3">A kormány azonban a hozzá közeli értelmiségieknek is példát akar statuálni: a nemzeti együttműködés rendszerében nincs helye a kritikának, a nyilvános kritikának. Aki mégis erre vetemedik, aki mer nem egyetérteni, aki nem áll be a sorba, és akinek nem felel meg az „egy a tábor, egy a zászló” politikai alapelv, azt ellehetetleníti a kormány.</seg>
<seg xml:id="AC7_1565.4">(17.20)</seg>
<seg xml:id="AC7_1565.5">Ángyán József ki mert állni Kishantosért, és a Fidesz-kormány államtitkáraként számon kérte a Fideszen korábbi ígéreteit. Az a kérdésem, hogy Magyarországnak érdekét szolgálja-e ennek az intézetnek és ennek a gazdálkodásnak az ellehetetlenítése.</seg>
</u>
        <u xml:id="ParlaMint-HU_2014-10-13-urgent_question-AC7_1567" who="#RóbertBalázsSimon" ana="#regular"><note>SIMON RÓBERT BALÁZS (Fidesz):</note>
<seg xml:id="AC7_1567.1">Tisztelt Országgyűlés! Tisztelt Államtitkár Úr! Mint mindnyájunk előtt ismert, a kormány az elmúlt időszakban komoly erőfeszítéseket tesz és tett annak érdekében, hogy a testnevelést hangsúlyossá tegye az iskolákban. A mindennapos testnevelés felfutó rendszerben történő bevezetése a közoktatási intézményekben azzal is jár, hogy egyre több tornateremre, tornacsarnokra és uszodára van szükség. A kisebb városokban és a kistelepüléseken élő gyermekek közül csak kevesen járnak úszásoktatásra. Jelenleg harminc olyan járás van, amelyben nincs megfelelő létesítmény, a legközelebbi uszoda ugyanis sokszor több tíz kilométerre van. Balassagyarmatról például inkább a határ túloldalára, a szlovákiai Nagykürtösre járnak, mert a legközelebbi hazai uszoda 50 kilométerre, Salgótarjánban található. Ezeknek az iskoláknak az utaztatás miatt több nehézséggel is meg kell küzdeniük, egyrészt a pluszköltségekkel, amelyek elsősorban a szülőket terhelik, másrészt pedig az idővel.</seg>
<seg xml:id="AC7_1567.2">Az új köznevelési rendszerben az állam kezébe vette a köznevelési intézmények fenntartását, így az uszodaépítéseket, a tanterembővítéseket, az új tantermek és tornacsarnokok építését egyaránt. Tudomásom szerint a kormány vállalta, hogy elkészít egy olyan országos fejlesztési tervet, amelynek nyomán jelentősen fejlődhet a köznevelési infrastruktúra. E felelősségvállalás alapján választókörzetemben, Győrben például 3,2 milliárd forint állami támogatásból ez év decemberében kerül átadásra egy modern uszodakomplexum, amely a versenysport mellett kitűnő lehetőséget biztosít majd a győri iskolások kötelező úszásoktatásának lebonyolítására is. A mozgás iránti igényt már gyermekkorban fel kell ébreszteni, ezért kezeli a kormány stratégiai ügyként az ifjúság egészséges életre nevelését és a sportot. Ahhoz, hogy egy nemzet egészségtudatos legyen, célirányos, jól átgondolt beavatkozásokra van szükség.</seg>
<seg xml:id="AC7_1567.3">Mindezek alapján kérdezem tisztelt államtitkár urat, hogy minden gyermeknek lesz-e lehetősége megtanulni úszni, illetve hogy mi várható a nemzeti köznevelési infrastruktúra-fejlesztési programtól. Tisztelettel várom államtitkár úr válaszát. Köszönöm szépen.</seg>
</u>
        <u xml:id="ParlaMint-HU_2014-10-13-urgent_question-AC7_1568" who="#GergelyBárándy" ana="#regular"><note>DR. BÁRÁNDY GERGELY (MSZP):</note>
<seg xml:id="AC7_1568.1">Köszönöm a szót. Tisztelt Államtitkár Úr! Biztosan emlékszik, közel félszáz rendőr rohanta le az Ökotárs Alapítvány székházát néhány hete. A civilek kommandósok által való lerohanásáról már kérdeztem önt, sajnos semmilyen értékelhető választ nem kaptam. Ezért az országos rendőrfőkapitányhoz fordultam, ő ugyanis a jogszabály rendelkezései szerint köteles érdemben válaszolni, nem hablatyolhat úgy, ahogy egy államtitkár egyébként szokott. A főkapitány válasza a véleménye mellett két konkrétumot tartalmazott, két fontos konkrétumot. Egyrészt a Nemzeti Nyomozó Iroda vezetője határozott erről az intézkedésről, másrészt az intézkedés az adófizetőknek, csak ha a kiérkező rendőrök aznapi fizetését veszem alapul, semmi mást, akkor 1 millió 249 ezer forintjába került</seg>
<seg xml:id="AC7_1568.2">(Dr. Rétvári Bence: Egyébként is kaptak volna fizetést aznap.)</seg>
<seg xml:id="AC7_1568.3">Szeretném emlékeztetni államtitkár urat, mielőtt fölteszem a kérdéseket, hogy az azonnali kérdés egy olyan műfaj, amikor önnek arra a kérdésre kell válaszolnia, amit a képviselő kérdez. És mivel ez nem mindig szokott sikerülni, ezért most erre emlékeztetem. Amire választ szeretnék tehát kapni, hogy miért kellett az adófizetők pénzéből 1 millió 249 ezer forintot költeni egy egyszerű házkutatásra. Nem gondolja-e, hogy ebből legalább 1 millió forintot érdemesebb lett volna azoknak a bűncselekményeknek a felderítésére szánni, amelyek évek óta nem tudnak véget érni, ahelyett, hogy civilek megfélemlítésére szánt erődemonstrációt tartanak ebből? Nem gondolja-e, államtitkár úr, hogy a Belügyminisztériumnak vizsgálatot kéne elrendelnie azzal a rendőri vezetővel szemben, aki erről a példátlan intézkedésről döntött?</seg>
<seg xml:id="AC7_1568.4">És most szeretném kiemelni, hogy miről nem szeretnék választ hallani, amiről nem érdekel az ön véleménye, hogy mit gondol a Gyurcsány-korszak idején a rendőrség tevékenységéről, hogy mi ennek az egésznek a jogszabályi háttere. Arról sem szeretném a válaszát hallani, hogy mi a véleménye a büntetőeljárásról úgymint egészről. Hiszen én erre a konkrét intézkedésre kérdeztem rá. Nagyon szépen köszönöm, államtitkár úr.</seg>
</u>
        <u xml:id="ParlaMint-HU_2014-10-13-urgent_question-AC7_1569" who="#AnitaHeringes" ana="#regular"><note>HERINGES ANITA (MSZP):</note>
<seg xml:id="AC7_1569.1">Tisztelt Államtitkár Úr! Tisztelt Ház! Magyarországon ma közel kétmillió embert érint a parlagfű-allergia. A 2009-es adóévben kiemelt 1 százalékot a parlagfű elleni harcra tudták felajánlani az adózók. Több mint 177 ezer olyan tisztességes és tudatos társunk volt, aki több mint 1,1 milliárd forintot ajánlott fel személyi jövedelemadója 1 százalékából azért, hogy segítsenek betegséggel küzdő társaikon, családtagjaikon, önmagukon.</seg>
<seg xml:id="AC7_1569.2">Önök azonban a társadalom számos rétegével együtt, így a parlagfű-allergiásokkal sem törődnek, de még a felelősségteljes adózók akaratát is semmibe veszik. Azon választópolgárok bizalmával élnek vissza, akik segíteni, törődni próbálnak másokkal, másokon.</seg>
<seg xml:id="AC7_1569.3">Az elmúlt hetekben bizonyosodhattunk meg az önök társadalmi felelőtlenségéről, mert ugye, ma olyan világot élünk, ahol a közérdekű adatokat csak perek útján lehet megismerni. Az adatok sajtón keresztüli széles nyilvánosságra kerüléséből ismertté vált ugyanis, hogy hiába a jóhiszemű és jó szándékú felajánlás, ha az Orbán-kormány a magyarok parlagfű-mentesítésre felajánlott adóforintjainak nagy részét teljesen másra használja fel.</seg>
<seg xml:id="AC7_1569.4">Államtitkár Úr! Önökre a választópolgárok 1,1 milliárd forintot bíztak, melyet önök nem gondos gazdaként költöttek el, hanem pökhendi földesúrként. Államtitkár úr, kérem, mondja meg, mi lesz a következménye az önök által irányított minisztériumban ennek a felelőtlenségnek. Önök a tisztes adófizető állampolgárok bizalmát rendítették meg az 1 százalékos adó intézményében.</seg>
<seg xml:id="AC7_1569.5">Ezt már joggal nevezhetjük társadalmi bűnnek. Kötelesek ezt most rendbe hozni a civilek, a dolgozni kívánó alapítványok és az 1 százalékukat felajánló állampolgárok bizalmának visszaszerzéséhez. Várom válaszát</seg>
<kinesic type="applause"><desc>Taps az MSZP soraiban.</desc></kinesic>
</u>
        <u xml:id="ParlaMint-HU_2014-10-13-urgent_question-AC7_1573" who="#ElődNovák" ana="#regular"><note>NOVÁK ELŐD (Jobbik):</note>
<seg xml:id="AC7_1573.1">Tisztelt Legfőbbügyész-helyettes Úr! Miután Szijjártó Péter azzal magyarázta mesés meggazdagodását, hogy lényegében a szülei tartják el, hasonlóan gátlástalan magyarázattal állt elő Semjén Zsolt miniszterelnök-helyettes, akit pedig hivatalosan a kiskorú gyerekei pénzelnek</seg>
<seg xml:id="AC7_1573.2">(Derültség a Jobbik soraiban.)</seg>
<seg xml:id="AC7_1573.3">Semjén Zsolt vagyonnyilatkozatában nincs benne egy nagy vadászház, amit Gánton neki tulajdonítanak, papíron viszont a miniszterelnök-helyettes Sopronban élő testvéréé, édesanyjáé, illetve Semjénné Menus Erzsébet tulajdona. Életszerű ez a hármas tulajdonlás, miközben a farizeus Semjén szegény, mint a templom egere?</seg>
<seg xml:id="AC7_1573.4">Tisztelt Legfőbbügyész-helyettes Úr! A miniszterelnök-helyettes balatonfenyvesi nyaralójának ügye még pikánsabb, hiszen itt sem ő a tulajdonos, hanem gyerekei, akik cserébe helyette fizetnek életjáradékot, a szerződés szerint 12, 9 és 7 éves koruk óta folyamatosan</seg>
<seg xml:id="AC7_1573.5">Ha az MSZP politikusbűnözője, Simon Gábor tudja, hogy ilyen gátlástalan nyilatkozatokkal el lehet intézni egy lebukást, akkor talán még mindig itt ülne közöttünk, de idáig még ő sem süllyedt.</seg>
<seg xml:id="AC7_1573.6">A Nemzetbiztonsági bizottság rendkívüli ülésének összehívását is kezdeményezte a Jobbik, hogy kivizsgálják, Szijjártó Péter összekapcsolta-e a keleti nyitás politikáját a keleti bankszámlanyitással, vagy milyen idegen érdekek kiszolgálásából származhat az a százmilliós nagyságrendű vagyongyarapodása, amelynek magyarázataként ugyebár, ez a szülei által eltartott miniszter gátlástalanabbul módosítgatja korábbi vagyonnyilatkozatait, mint maga Rogán Antal.</seg>
<seg xml:id="AC7_1573.7">Kérem ezért legfőbbügyész-helyettes úr érdemi válaszát és a mentelmi jog felfüggesztésének kezdeményezését. Köszönöm szépen</seg>
<kinesic type="applause"><desc>Taps a Jobbik soraiban.</desc></kinesic>
</u>
        <u xml:id="ParlaMint-HU_2014-10-13-urgent_question-AC7_1574" who="#TiborBana" ana="#regular"><note>BANA TIBOR (Jobbik):</note>
<seg xml:id="AC7_1574.1">Köszönöm a szót, elnök úr. Tisztelt Miniszter Úr! „Tudni kell azt is, hogy ez nem az Unió pénze, azzal arányos, amit befizetünk a közös kasszába, és a multinacionális vállalatok kivisznek az országból.” Nem, tisztelt képviselőtársaim, ez a mondat nem egy jobbikos országgyűlési képviselőtől, politikustól hangzott el, hanem Lázár miniszter úr nyilatkozta a vasarhely24.hu című, nevű internetes portálnak. A szombati napon jelent meg Lázár miniszter úrral ez a bizonyos interjú, ezért erős a gyanúm, hogy ez elsősorban az önkormányzati választási kampány részét képezte, és nem feltétlenül nevezhetőek őszintének ezek a gondolatok.</seg>
<seg xml:id="AC7_1574.2">Amennyiben azonban mégis így van, akkor érthetetlen számomra, hogy miért nem támogatták annak idején a Jobbik Magyarországért Mozgalomnak az eseti bizottság felállítására vonatkozó javaslatát, amely azt vizsgálta volna, hogy vonjunk mérleget 10 éves uniós tagságunkról, vizsgáljuk meg, hogy összességében hogyan jött ki hazánk ebből az évtizedből, figyelembe véve természetesen a közvetett hatásokat is, hogy egy valós képet kaphassunk Magyarország elmúlt 10 évéről ebben a tekintetben. Természetesen ennek a bizottságnak a források lehívásának hatékonyságát is vizsgálnia kellene, mert ha visszagondolunk a 2007-2013-as többéves pénzügyi ciklusra, akkor egyrészt azt láthatjuk, hogy komoly hiányosságokról beszélhetünk a lehívások tekintetében, másrészt pedig elsősorban presztízsberuházásokra mentek el a pénzek, nem pedig munkahelyteremtő, gazdaságélénkítő célokra.</seg>
<seg xml:id="AC7_1574.3">Amellett sem mehetünk el szó nélkül, hogy többen tartják hátrányosnak hazánk uniós tagságát, mint előnyösnek a közvélemény-kutatási adatok alapján, és a további mélyítést pedig egyértelműen elutasítják a magyar választópolgárok. A májusi európai parlamenti választások eredménye is jelzi azt, hogy az egyes tagállamokban egyre többen utasítják el a szakállas nők Európáját. Kérem miniszter urat, adjon választ arra, hogy folytathatunk-e mindenre kiterjedő vitát erről a kérdésről.</seg>
<seg xml:id="AC7_1574.4">Köszönöm</seg>
<kinesic type="applause"><desc>Szórványos taps a Jobbik soraiban.</desc></kinesic>
</u>
        <u xml:id="ParlaMint-HU_2014-10-13-urgent_question-AC7_1575" who="#LajosKepli" ana="#regular"><note>KEPLI LAJOS (Jobbik):</note>
<seg xml:id="AC7_1575.1">Köszönöm szépen, elnök úr. Tisztelt Államtitkár Úr! Ahogy Orbán Viktor miniszterelnök úr napirend előtti felszólalásában említette, a választópolgárok ítéletet mondtak. Így van, a választópolgárok ítéletet mondtak a Veszprém megyei Devecser településen is, ítéletet mondtak arra a tevékenységre, amelyet a kormánypárt az elmúlt években, a kormánypárti vezetésű város az ő érdekükben kifejtett. Tegnap óta jobbikos vezetése van Devecser városnak, és a fideszes vezetést ily módon lecserélték a választópolgárok.</seg>
<seg xml:id="AC7_1575.2">A vörösiszap-katasztrófa után önöknek addig volt fontos Devecser, amíg abból politikai tőkét lehetett kovácsolni, azonban a kártérítések ügye és az egészségügyi hatások egészen hosszan elhúzódtak. A mai napig is elhúzódnak, hiszen a vörösiszap-tározókból szálló por hatásai sok-sok éven keresztül akkumulálódnak a szervezetben, és sokkal később jelentkeznek csak sok esetben a megbetegedések, és a devecseri állampolgárok továbbra is aggódnak az egészségükért. Sok Devecserben a légúti megbetegedés, amely nyilvánvalóan összefüggésbe hozható a vörösiszap-tározók kiporzásával és a vörösiszap-katasztrófa utáni időszakkal. Azt gondolom, hogy megérdemlik a devecseri polgárok, hogy az állam, a kormányzat együttműködésben a devecseri városvezetéssel egy egészségügyi állandó szűrőközpont felállítását kezdeményezze. Nyilvánvaló, hogy Devecser városnak önmagában erre nincs meg a megfelelő forrása, a kormánnyal együttműködve tudja csak ezt végrehajtani. Ezért Ferenczi Gábor frissen megválasztott polgármester úr üzenetét is tolmácsolva kérdezem államtitkár urat: partner-e a kormány abban, hogy egy folyamatosan működő egészségügyi szűrőközpont álljon fel Devecserben, és így biztosítsuk az ottani emberek egészségét és nyugalmát a vörösiszap-katasztrófa és az azóta is elhúzódó szállóporszennyezéssel kapcsolatos félelmeik terén? Köszönöm szépen</seg>
<kinesic type="applause"><desc>Taps a Jobbik soraiból.</desc></kinesic>
</u>
        <u xml:id="ParlaMint-HU_2014-10-13-urgent_question-AC7_1576" who="#MátyásFirtl" ana="#regular"><note>FIRTL MÁTYÁS (KDNP):</note>
<seg xml:id="AC7_1576.1">Tisztelt Elnök Úr! Tisztelt Államtitkár Úr! A Fertőrákos és Balf települések közötti kerékpáros közlekedés megoldása több mint két évtizedes probléma, aminek rendezését a magyar kormány magára vállalta. Első körben, még 2012-ben 450 millió forint kormányzati támogatást kapott a térség ahhoz, hogy a meglévő kerékpárutak rekonstrukciója megtörténhessen a XXI. századi minőségi elvárásoknak megfelelően; másrészt pedig, hogy a hiányzó Fertőrákos és Balf közti szakasz engedélyezési és kiviteli tervdokumentációi elkészülhessenek, megalapozva további ? elsősorban uniós ? források bevonását a feladat megoldása érdekében.</seg>
<seg xml:id="AC7_1576.2">Jelenleg a Balf és Fertőrákos közötti kerékpáros közlekedés a közúton történik, a Fertő tó körbe-kerékpározhatósága ezen az egyetlen szakaszon szakad meg. Ráadásul a Balf és Fertőrákos közti 8526-os útszakasz állapotáról tudni kell, hogy közlekedésbiztonság szempontjából elfogadhatatlanul rossz minőségű, balesetveszélyes, a hiányzó láncszem pedig akadálya a többmilliárdos fejlesztésű turisztikai célpontok gyors, biztonságos és kényelmes megközelíthetőségének. Rendkívüli balesetveszélynek vannak kitéve a kerékpáros turisták, akiknek száma egyre növekszik. A turistákon kívül a helyben lakók, a szőlősgazdák, a helyi vállalkozások érdekét egyaránt szolgálja a megépülő út.</seg>
<seg xml:id="AC7_1576.3">Az elkészült tervek birtokában a Fertő-Hanság Nemzeti Park Igazgatósága és a Magyar Közút Nonprofit Zrt. közös konzorciuma tavaly ősszel sikeresen pályázott a nyugat-dunántúli operatív program rendelkezésére álló EU-s forrásokra. A szükséges pénzeszközök rendelkezésre állnak a kerékpárút kivitelezésére, a megvalósítás során a konzorcium mindent megtett, hogy a tényleges munkák megkezdődjenek</seg>
<kinesic type="signal"><desc>Az elnök csengetéssel jelzi az időkeret leteltét.</desc></kinesic>
<seg xml:id="AC7_1576.4">Kérdezem az államtitkár urat, mikorra várható, hogy elkészül a Balf és Fertőrákos közti kerékpárút, pontosabban a kerékpározhat</seg>
<kinesic type="signal"><desc>Az elnök ismét csenget.</desc></kinesic>
<seg xml:id="AC7_1576.5">, három méter széles mezőgazdasági út a szőlők között teljes hosszában. Várom megtisztelő válaszát</seg>
<kinesic type="applause"><desc>Taps a kormánypártok soraiból.</desc></kinesic>
</u>
      </div>
    </body>
  </text>
</TEI>
