<?xml version="1.0"?>
<TEI xmlns="http://www.tei-c.org/ns/1.0" xml:id="ParlaMint-HU_2018-10-15" xml:lang="hu" ana="#parla.sitting #covid">
  <teiHeader>
    <fileDesc>
      <titleStmt>
        <title xml:lang="hu" type="main">A Magyar Országgyűlés Korpusza ParlaMint-HU 2018-10-15 [ParlaMint]</title>
        <title xml:lang="en" type="main">Hungarian parliamentary corpus ParlaMint-HU 2018-10-15 [ParlaMint]</title>
        <title xml:lang="hu" type="sub">A Magyar Országgyűlés ülései, 8. ciklus</title>
        <title xml:lang="en" type="sub">Minutes of the National Assembly of Hungary, Term 8</title>
        <meeting ana="#parla.term" corresp="#OGY" n="8">8. ciklus</meeting>
        <respStmt>
          <persName>Miklós Sebők</persName>
          <persName>Orsolya Ring</persName>
          <resp xml:lang="hu">Parla-CLARIN TEI XML korpusz létrehozása</resp>
          <resp xml:lang="en">Parla-CLARIN TEI XML corpus encoding</resp>
        </respStmt>
        <funder>
          <orgName xml:lang="hu">CLARIN Kutatási Infrastuktúra</orgName>
          <orgName xml:lang="en">The CLARIN research infrastructure</orgName>
        </funder>
        <funder>
          <orgName xml:lang="hu">Társadalomtudományi Kutatóközpont, Eötvös Loránd Kutatási Hálózat</orgName>
          <orgName xml:lang="en">Centre for Social Sciences, Eötvös Loránd Research Network</orgName>
        </funder>
      </titleStmt>
      <editionStmt>
        <edition>2.0</edition>
      </editionStmt>
      <extent>
        <measure xml:lang="hu" quantity="22" unit="speeches">22 beszéd</measure>
        <measure xml:lang="en" quantity="22" unit="speeches">22 speeches</measure>
        <measure xml:lang="hu" quantity="8462" unit="words">8462 szó</measure>
        <measure xml:lang="en" quantity="8462" unit="words">8462 words</measure>
      </extent>
      <publicationStmt>
        <publisher>
          <orgName xml:lang="hu">CLARIN Kutatási Infrastuktúra</orgName>
          <orgName xml:lang="en">CLARIN research infrastructure</orgName>
          <ref target="https://www.clarin.eu/">www.clarin.eu</ref>
        </publisher>
        <idno type="handle">http://hdl.handle.net/11356/1388</idno>
        <pubPlace>
          <ref target="http://hdl.handle.net/11356/1388">http://hdl.handle.net/11356/1388</ref>
        </pubPlace>
        <availability status="free">
          <licence>http://creativecommons.org/licenses/by/4.0/</licence>
          <p xml:lang="hu">
            Ez a munka az alábbi licence alapján használható
            <ref target="http://creativecommons.org/licenses/by/4.0/">Creative Commons Attribution 4.0 International License</ref>
          </p>
          <p xml:lang="en">
            This work is licensed under the
            <ref target="http://creativecommons.org/licenses/by/4.0/">Creative Commons Attribution 4.0 International License</ref>
          </p>
        </availability>
        <date when="2021-03-31">2021. 03. 31.</date>
      </publicationStmt>
      <sourceDesc>
        <bibl>
          <title xml:lang="hu" type="main">A Magyar Országgyűlés ülései</title>
          <title xml:lang="en" type="main">Minutes of the National Assembly of Hungary</title>
          <idno type="URI">https://https://www.parlament.hu/ </idno>
          <date when="2018-10-15">2018. 10. 15.</date>
        </bibl>
      </sourceDesc>
    </fileDesc>
    <encodingDesc>
      <projectDesc>
        <p>
          <ref target="https://www.clarin.eu/content/parlamint">ParlaMint</ref>
        </p>
      </projectDesc>
      <tagsDecl>
        <namespace name="http://www.tei-c.org/ns/1.0">
          <tagUsage gi="text" occurs="1"/>
          <tagUsage gi="body" occurs="1"/>
          <tagUsage gi="div" occurs="1"/>
          <tagUsage gi="u" occurs="22"/>
          <tagUsage gi="seg" occurs="117"/>
          <tagUsage gi="kinesic" occurs="29"/>
        </namespace>
      </tagsDecl>
    </encodingDesc>
    <profileDesc>
      <settingDesc>
        <setting>
          <name type="address">Kossuth Lajos tér 1-3.</name>
          <name type="city">Budapest</name>
          <name type="country" key="HU">Magyarország</name>
          <date ana="#parla.sitting" when="2018-10-15">2018-10-15</date>
        </setting>
      </settingDesc>
    </profileDesc>
  </teiHeader>
  <text xml:lang="hu" ana="#covid">
    <body>
      <div type="debateSection">
        <u xml:id="ParlaMint-HU_2018-10-15-interpellation-IC8_1347" who="#GergelyFarkas" ana="#regular"><note>FARKAS GERGELY (Jobbik):</note>
<seg xml:id="IC8_1347.1">Köszönöm a szót. Tisztelt Ház! Tisztelt Államtitkár Úr! A kormány 2014-es rendelete alapján 2020-tól, vagyis alig szűk másfél év múlva minden felvételiző számára kötelező lesz a középfokú nyelvvizsga a felsőoktatási intézménybe való jelentkezéskor. Ezzel kapcsolatban a Jobbik, de több szakmai szervezet, sőt Székely László, az alapvető jogok biztosa is kifogással élt, hangoztatva ennek a kormányrendeletnek a visszáságát. A Jobbik alapvetően egyetért azzal, hogy a felsőoktatásba való bekerüléshez elvárható a nyelvvizsga megléte, azonban ehhez mindenütt szükségesnek tartjuk a kellő felkészítés biztosítását. Jelenleg ez a feltételrendszer nincs meg a magyar köznevelésben, ami nagyon komoly aggályokat vet fel. Erre mutatott rá az alapvető jogok biztosa is.</seg>
<seg xml:id="IC8_1347.2">Tisztelt Államtitkár Úr! A helyzet úgy áll, hogy önök úgy teszik kötelezővé a középfokú nyelvvizsga meglétét, hogy közben nem biztosítják a diákok iskolai keretek között történő, kellő felkészítését a nyelvvizsga megszerzésére. Tapasztalat, hogy akiknek nincsen pénzük az iskolán kívüli plusz nyelvoktatásra, a különórákra, azok hátrányból indulnak, így 2020-tól akár eleshetnek a továbbtanulástól is.</seg>
<seg xml:id="IC8_1347.3">Lehet, hogy majd nő valamelyest az elkövetkező években a nyelvvizsgák száma, köszönhetően például a Jobbik által öt éve javasolt ingyenes nyelvvizsgának, de e téren még csak nem is a számok a döntőek, hanem maga az elv. Ugyanis, ha csak egy olyan ember van, aki anyagi helyzete miatt nem tudja teljesíteni a feltételeket, mert nem tudja a nyelvkurzusok, különórák árát kifizetni, már az is elfogadhatatlan. Ráadásul itt nem egy, hanem több ezer emberről lenne szó, olyanok, akiknek egyébként megvan a szorgalma és tehetsége, de nem kapnak kellő felkészítést a nyelvvizsgához szükséges nyelvismeretre a köznevelési rendszeren belül.</seg>
<seg xml:id="IC8_1347.4">Hiába mondják azt, hogy adtak hat év felkészülési időt, tény, hogy ma még nincsen meg a szükséges feltételrendszer, és ez az elkeserítő eredményekből és statisztikákból is kitűnik, ugyanis egy felmérés például azt mutatja, hogy az Európai Unió országai között idegennyelv-ismeret terén sereghajtók vagyunk.</seg>
<seg xml:id="IC8_1347.5">Tisztelt Államtitkár Úr! Azzal, hogy 2020-tól kötelezővé teszik a felsőoktatási intézménybe való bejutáshoz a középfokú nyelvvizsgát, tovább korlátozzák a szegényebb családból érkező fiatalok továbbtanulási lehetőségeit és folytatják a felsőoktatás csendes leépítését. Ez utóbbira egy adat: míg 2010-ben 361 ezer hallgató volt a felsőoktatás rendszerében, a 2016-17-es tanévben ez a szám már csak 287 ezer hallgató. Hat év alatt 74 ezres csökkenés ez sokkal, de sokkal nagyobb visszaesés, mint amit a demográfiacsökkenés indokolna.</seg>
<seg xml:id="IC8_1347.6">Itt az ideje végre, hogy belássák: nincsen meg a megfelelő feltételrendszer ahhoz, hogy 2020-tól kötelezővé tegyék a felsőoktatásba való bejutáshoz a középfokú nyelvvizsga meglétét.</seg>
<seg xml:id="IC8_1347.7">Kérdésemre egyértelmű választ szeretnék kapni: elhalasztják-e a 2020-as bevezetését annak, hogy csak nyelvvizsgával lehessen bejutni a felsőoktatásba? Várom egyértelmű válaszát</seg>
<kinesic type="applause"><desc>Taps az ellenzéki pártok soraiban.</desc></kinesic>
</u>
        <u xml:id="ParlaMint-HU_2018-10-15-interpellation-IC8_1666" who="#ImreLászló" ana="#regular"><note>DR. LÁSZLÓ IMRE (DK):</note>
<seg xml:id="IC8_1666.1">Köszönöm, elnök úr. Tisztelt Képviselőtársaim! Államtitkár Úr! A magyar egészségügy nemzetközileg is híresen elfogadott és jó ellátást nyújt; ezt a lemondott egészségügyi államtitkártól tudjuk. Azt pedig, hogy soha ennyi orvos nem dolgozott Magyarországon, egyenesen a KSH-tól és öntől. De lássuk a valós tényeket! Közhely, de igaz, hogy a betegek sorsa az alapellátásban dől el. Ha az késve vagy nem megfelelő színvonalon történik, a későbbiekben esetleg már csak az elmúláshoz lehet asszisztálni. Ehhez képest az önök október 1-jei adatai alapján Magyarországon ma 330 tartósan betöltetlen háziorvosi praxis van, amelyhez mintegy 600 ezren tartoznak; még Budapesten is 19, és folyamatosan növekszik az üres praxisok száma, Borsodban pedig elérte a 43-at.</seg>
<seg xml:id="IC8_1666.2">Az önök kormánya 12-20 millió forintot kínál annak, aki egy ilyen praxist elvállal, de jelentkező alig akad. Budapesten 36, országosan pedig 245 a tartósan betöltetlen fogorvosi praxisok száma. A hiány tehát óriási, amelyet jól demonstrál az utcán velünk szembe jövők fogazatának állapota is. A házi gyermekorvosok átlagéletkora 60 év fölött van. Számuk a nyugdíjazások és a sajnálatos elhalálozások miatt folyamatosan csökken. Néhány év múlva nem lesz, aki a gyermekek mandula- vagy középfülgyulladását, de akár csak egy enyhébb játszótéri sérülését is ellássa.</seg>
<seg xml:id="IC8_1666.3">Gréczy Zsolt képviselőtársammal ellátogattunk a mentőszolgálathoz. Az előre egyeztetett időpontot korábban többször is lemondták; remélem, nem azért, mert az EMMI kirendelt munkatársa, aki egyébként minden elhangzott szót alapos figyelemmel kísért, előbb nem ért rá. Jelenlétében a főigazgató mindenesetre úgy nyilatkozott, hogy minden a legteljesebb rendben van. Amiként azonban Fülig Jimmytől tudjuk, nem lehet minden pofon mellé egy közlekedési rendőrt állítani, úgy a szolgálatot teljesítő mentősök mindegyike mellé sem lehet egy-egy EMMI-ellenőrt rendelni. Tőlük tudjuk, hogy tömeges az elvándorlás, a beharangozott bérintézkedések a tényleges illetményeket alig emelték, a mentőállomások felszereltsége pedig siralmas. A mentőszolgálat fuldoklik az adósságban.</seg>
<seg xml:id="IC8_1666.4">Kérdezem tehát államtitkár urat, hogyan kívánják a létszámhiányokat megoldani az egészségügyben. Hogyan kívánják a VIP-körön túl is biztosítani az Alaptörvény XX. cikkében mindenkinek garantált jogot a testi egészségre? Köszönöm</seg>
<kinesic type="applause"><desc>Taps a DK soraiban.</desc></kinesic>
</u>
        <u xml:id="ParlaMint-HU_2018-10-15-interpellation-IC8_2157" who="#IldikóBangónéBorbély" ana="#regular"><note>BANGÓNÉ BORBÉLY ILDIKÓ (MSZP):</note>
<seg xml:id="IC8_2157.1">Köszönöm, elnök úr. Tisztelt Államtitkár Úr! Az Európai Bíróság szeptemberben sorsfordító ítéletet hozott, megvizsgálhatják ugyanis a magyar bíróságok a devizahitelek árfolyamkockázatának ügyfélre terhelését, és tisztességtelennek nyilváníthatják az ezzel kapcsolatos szerződési feltételeket, ha a hitelt felvevő számára nem világosan és érthetően lettek megfogalmazva.</seg>
<seg xml:id="IC8_2157.2">(16.10)</seg>
<seg xml:id="IC8_2157.3">Az EU Bírósága nagyobb segítséget nyújt a devizahiteleseknek, mondhatnánk úgy is, hogy az EU Bírósága a magyar emberek oldalára állt a magyar kormánnyal szemben, ezzel a döntéssel ugyanis minden egyedi ügyben megvizsgálhatóvá válik, hogy a bank megfelelően tájékoztatta-e az érintetteket vagy őket az apróbetűs részek csapdájába ejtették. Ez akár a szerződések semmissé nyilvánításához is vezethet.</seg>
<seg xml:id="IC8_2157.4">Azok a devizakárosultak kaphatnak újabb esélyt, akiknek már több éve, talán évtizede nem oldották meg a problémáját. Amíg önök luxuskastélyokat vásárolnak, a barátaik vadászkastélyaikban töltik az időt, addig emberek tucatjai kerülnek nap mint nap utcára. Miközben azt hazudták nekik, hogy megoldják az ő problémájukat, lassan egy évtizede várnak az igazságra.</seg>
<seg xml:id="IC8_2157.5">Tisztelt Államtitkár Úr! Az Európai Bíróság ítéletével a Magyar Országgyűlés újabb esélyt kapott arra, hogy a hitelkárosultaknak végre valódi segítséget nyújtson. Példáért nem kell messzire menni, a szomszédos Horvátország bírósága egyértelműen kimondta, hogy az árfolyamkockázat a bankokat terheli. Nemcsak a horvát fociról lehet példát venni, államtitkár úr, hanem mondjuk, a horvát hitelkárosultak megsegítéséről is, ahol a kormány segített lehet menni tanácsért, államtitkár úr! Ha önök nem a bankok oldalán állnának, akkor a hitelkárosultak helyzete egy évtizedes várakozás után végre igazságosan rendezésre kerülne.</seg>
<seg xml:id="IC8_2157.6">Ezért kérdezem, államtitkár úr, mit kíván tenni a kormány az EU Bíróságának ítélete után. Követik-e a horvát példát, és a bankokra terhelik-e az árfolyamkockázatot a magyar családokkal szemben? A családok éve van, államtitkár úr, önök szerint akkor jó lenne, ha úgy is viselkednének! Várom megtisztelő válaszát</seg>
<kinesic type="applause"><desc>Taps az MSZP padsoraiból.</desc></kinesic>
</u>
        <u xml:id="ParlaMint-HU_2018-10-15-interpellation-IC8_2167" who="#SándorSzabó" ana="#regular"><note>SZABÓ SÁNDOR (MSZP):</note>
<seg xml:id="IC8_2167.1">Köszönöm a szót, elnök úr. Tisztelt Képviselőtársaim! A kilakoltatások problémájával kapcsolatban már nem először fordulunk önökhöz. Itt van előttem a tavalyi évi interpellációm, a tavalyelőtti interpellációm, a frakciótársaim, de szerintem az ellenzéki képviselőtársaim rendszeresen foglalkoznak ezzel a témával itt, a Parlament falai között, illetve a parlamenten kívül is évek óta, ami azért probléma, mert erre egyelőre, úgy látszik, a kormányzásuk alatt nem sikerült semmiféle megoldást találni. Közeleg a tél, s a tél beállta előtt bizony a kilakoltatások különösen kiszolgáltatott helyzetbe hozzák az érintett családokat. A helyzet tehát válságos, és ha valami válságos, akkor önök talán ezekre a válságos helyzetekre szoktak legkevésbé érdemtelen válaszokat adni. Bízom benne, hogy most államtitkár úrtól valami érdemleges választ is kapok.</seg>
<seg xml:id="IC8_2167.2">És igen, a „válságos” jelző, azt gondolom, nem túlzás. Azért nem túlzás, mert a Magyar Bírósági Végrehajtói Kar részletes statisztikái szerint 2017-ben 3636 kilakoltatás történt Magyarországon, míg egyébként ebben az évben, 2018. április és június közt is ez a szám már elérte az 1355 kilakoltatást. Ezeknek a kilakoltatásoknak a legnagyobb része az adóssággal terhelt lakásokból történt, ez az a kategória, amely az elmúlt években meredeken megnőtt. Vagyis minden évben több ezer család veszíti el otthonát azért, mert erre önök kormányzásuk alatt nem találnak megoldást vagy éppen azért, mert esetleg a bankok oldalára álltak.</seg>
<seg xml:id="IC8_2167.3">Önöknek egyetlenegy megoldásuk volt 2015-ben, a KDNP csodafegyverének is lehet nevezni, a családi csődvédelem rendszere, ami még abban az évben megbukott, hiszen azt tapasztaltuk, hogy a több tízezer érintett közül csupán 1300-an tudták igénybe venni ezt a megoldást, azért, mert egyébként maguknak a kérdőíveknek a kitöltése vagy a törvény végrehajtása bizonyult nehézkesnek.</seg>
<seg xml:id="IC8_2167.4">Tisztelt Államtitkár Úr! Dicshimnuszokat hallunk arról is, hogy önök megmentették a devizahiteleseket, a lakáshiteleseket, a valóság azonban elkeserítő. Még az önök jegybankelnöke, a Matolcsy György vezette jegybank is elismeri, hogy több mint 72 ezer adóst kerestek meg végrehajtás tárgyában a bankok, de közülük mindössze 4 ezer családdal sikerült valamiféle megállapodást megvalósítani, valahogy ezt az ügyet rendezni. 2017 ősze óta tehát nem történt semmi ebben az ügyben, és bizony-bizony több tízezer családot fenyeget a kilakoltatás veszélye.</seg>
<seg xml:id="IC8_2167.5">Kérdezem tehát, hogy a tehetetlenségük miatt hány kilakoltatásra kerülhet még idén sor a tél beállta előtt. Várom válaszát</seg>
<kinesic type="applause"><desc>Taps az MSZP soraiban.</desc></kinesic>
</u>
        <u xml:id="ParlaMint-HU_2018-10-15-interpellation-IC8_2236" who="#AndrásAradszki" ana="#regular"><note>DR. ARADSZKI ANDRÁS (KDNP):</note>
<seg xml:id="IC8_2236.1">Köszönöm a szót, elnök úr. Tisztelt Államtitkár Úr! Magyarország Alaptörvénye szerint mindenkinek joga van a munka és a foglalkozás szabad megválasztásához, valamint képességeinek és lehetőségeinek megfelelő munkavégzéssel mindenki köteles hozzájárulni a közösség gyarapodásához</seg>
<kinesic type="noise"><desc>Folyamatos zaj. Az elnök csenget.</desc></kinesic>
<seg xml:id="IC8_2236.2">Magyarország törekszik megteremteni azon feltételeket, hogy minden munkaképes ember, aki dolgozni akar, dolgozhasson. Idetartoznak a megváltozott munkaképességű állampolgárok is, akik foglakoztatása az elmúlt évek intézkedései eredményeképpen a 2010-es 18 százalékról 2018-ra 40 százalékra nőtt. Már 350 akkreditált cég mintegy 30 ezer megváltozott munkaképességű embert foglalkoztat, s ez a szám megfelelő intézkedések támogatásával tovább növelhető, hiszen foglalkoztatottságuk növelése nemcsak gazdasági, de társadalmi érdek is. Ilyen intézkedés volt például a támogatás a munkahely rehabilitációs célú átalakításához, bér- és költségtámogatás vagy munkaerőpiaci szolgáltatások nyújtása. Már a nyár elején elfogadott, a jövő évre vonatkozó költségvetés is ennek figyelembevételével készült, hiszen ebben hangsúlyosan szerepelt, hogy a kormány célja, hogy mindenki, aki tud és képes, az dolgozhasson, ezért például az adócsomag is több, a munkaerőpiacot érintő változást tartalmaz. 2019. január 1-jétől például célzottabban igénybe vehetnek adókedvezményeket</seg>
<kinesic type="noise"><desc>Zaj. Az elnök csenget.</desc></kinesic>
<seg xml:id="IC8_2236.3">Itt szeretném megjegyezni, hogy a közelmúltban országszerte 22 információs és koordinációs központ jött létre egy több mint 3 milliárd forintos projekt keretében, hogy komplex szolgáltatásokkal, naprakész információkkal segítsék a fogyatékos embereket, köztük a megváltozott munkaképességű munkavállalókat.</seg>
<seg xml:id="IC8_2236.4">Tisztelt Miniszter Úr! A szociális kiadások növelése mellett ezt a tendenciát a Kereszténydemokrata Néppárt örömmel üdvözli, ezért tisztelettel kérdezem miniszter urat: hogyan értékeli a megváltozott munkaképességű társainkért tett eddigi kormányzati lépéseket, a közeljövőben milyen további támogatásokat tudnak nekik vagy az őket foglalkoztatóknak nyújtani, esetleg hogyan lehetne bővíteni az akkreditált foglalkoztatók körét?</seg>
<seg xml:id="IC8_2236.5">Várom megtisztelő válaszát</seg>
<kinesic type="applause"><desc>Taps a kormánypártok soraiban.</desc></kinesic>
</u>
        <u xml:id="ParlaMint-HU_2018-10-15-interpellation-IC8_2244" who="#TamásPintér" ana="#regular"><note>PINTÉR TAMÁS (Jobbik):</note>
<seg xml:id="IC8_2244.1">Köszönöm szépen a szót. Tisztelt Elnök Úr! Tisztelt Ház! Tisztelt Államtitkár Úr! A Jobbik nemrégiben egy országos akciót hirdetett meg „40 év, 40 érv” címmel. Arra voltunk kíváncsiak, hogy a magyar dolgozók hogyan fogadnák azt, ha 40 év ledolgozott munkaviszony után a nőkhöz hasonlóan a férfiak is nyugdíjba vonulhatnának. A hónap elejéig tartott a meghirdetett akciónk, és több száz válasz érkezett a felvetésünkre. Több mint hat éve hiába kérjük a Fidesz-kormányt arra, hogy teremtsük meg végre a férfiak számára is ezt a lehetőséget, de talán most, ezt az össztársadalmi igényt figyelembe véve önök is lépni fognak. Egybehangzó kérés ugyanis a nők és a férfiak részéről is, hogy a nyugdíjrendszerünkben végre igazságot tegyünk. Ez a diszkriminatív helyzet egyre égetőbb mindenki számára és gyors megoldást sürget; ismétlem, gyors megoldást, mert hazánkban ma ötből három férfi nem éri meg a nyugdíjkorhatárt.Tisztelt Államtitkár Úr! Tisztában vannak-e önök azzal, hogy hány unoka nem tud játszani a nagypapájával, mert az dolgozik, vagy a korai halálozások miatt már erre nincs lehetősége? Tudják-e, hogy vannak olyan férfiak, akik 40-50 évig fizetik a nyugdíjjárulékot, de egy fillért sem kapnak, mert meghalnak, mi-előtt élvezhetnék a békés nyugdíjas éveket? Az özvegyi nyugdíj pedig csak töredéke annak az összegnek, ami járna. Tudják-e, hogy van olyan család, ahol azért nem születik több unoka, mert nincs elég nagyszülői támogatás hozzá? És tudják-e azt, hogy a magyar társadalombiztosításra micsoda terhet rónak azok az idős, munkájukban megroppant férfi dolgozók, akik a nyugdíjas éveikben már csak a betegségek szövődményeivel tudnak foglalkozni?</seg>
<seg xml:id="IC8_2244.2">Sajnos, ismerjük az önök rendkívül gyenge érvelési technikáját, de most az egyszer nagyon fontos, hogy mindenki számára őszinte választ adjanak a bemagolt szövegek helyett, ezért kérjük, hogy hagyják a mellébeszélést, hogy nem szavaztuk meg például az áfacsökkentést vagy a Budapest-programot, hiszen önök is utánanézhetnek, hogy minden esetben egy kedvezőbb megoldást kerestünk. De a nyugdíjprémiummal se jöjjenek, kérem, mert bár támogatjuk a nyugdíjasok megsegítését, de egyrészt a növekvő árakat a kisebb anyagi segítségek nem ellensúlyozzák, másrészt pedig most nem erről kérdezzük önöket. Arra szeretnénk választ kapni, hogy tervezik-e a férfiak számára is biztosítani azt, hogy 40 év ledolgozott munkaviszony után megérdemelten nyugdíjba mehessenek.</seg>
<seg xml:id="IC8_2244.3">Szeretném arra is kérni, hogy a válaszában kíméljen meg minket attól az ostoba vádtól, hogy a Jobbik nem szavazta meg a „Nők 40” programot, mert ön is pontosan tudj</seg>
<seg xml:id="IC8_2244.4">(Nyitrai Zsolt: Pedig így volt!)</seg>
<seg xml:id="IC8_2244.5">, hogy mi már akkor is azt szerettük volna, hogy nemtől függetlenül, férfiak és nők is, mindenki nyugdíjba mehesse</seg>
<seg xml:id="IC8_2244.6">(Nyitrai Zsolt: Szó nem volt róla!)</seg>
<seg xml:id="IC8_2244.7">40 év munkaviszony után. Köszönöm, hogy meghallgattak</seg>
<kinesic type="applause"><desc>Dr. Völner Pál: Nem szavaztátok meg! Taps a Jobbik padsoraiból.</desc></kinesic>
</u>
        <u xml:id="ParlaMint-HU_2018-10-15-interpellation-IC8_2246" who="#LorántnéHegedűs" ana="#regular"><note>HEGEDŰS LORÁNTNÉ (Jobbik):</note>
<seg xml:id="IC8_2246.1">Hát, igen, éppen az iménti felszólalás is ihlethette volna ezt a „Hulladék, politika” című felszólalásoma</seg>
<kinesic type="applause"><desc>Derültség és taps a Jobbik soraiban.</desc></kinesic>
<seg xml:id="IC8_2246.2">, de most nem erről szeretnék beszélni, hanem az NHKV Zrt.-ről, ami mint állami koordináló szerv, 2016-ban kelt küldetésnyilatkozata szerint „a hulladékgazdálkodási közszolgáltatás területileg optimalizált és szolgáltatási színvonalában egységes rendszerét hivatott kialakítani és fejleszteni”. A társaság célja „a rezsicsökkentés eredményeinek a megőrzése”, és ennek érdekében látja el törvényi feladatát, azaz „beszedi a díjat és kifizeti azt a közszolgáltatóknak”.Tisztelt Államtitkár Úr! Sajnálatos tény azonban, hogy sem célját nem sikerült elérnie, sem pedig feladatát nem teljesíti az NHKV Zrt. Megalakítását követően hosszú hónapokon át blokkolta a számlázás addig egyébként jól működő rendszerét, és így már a kezdetektől komoly ellátási zavarokat okozott a hulladékszállításban. Azóta is folyamatos gond van a díj beszedésével, de főleg annak továbbításával a közszolgáltatást végző cégek felé.</seg>
<seg xml:id="IC8_2246.3">Ennek bizonyítására hadd emeljek most csak két példát ki! Az egyik a Zöld Híd Kft. esete, amely a sajtóhírek szerint éppen a napokban lesz kénytelen csökkenteni a feladatellátását, mert az állami kukaholding által begyűjtött pénzből messze nem jut annyi vissza ennek a regionális társaságnak, amennyiből normálisan üzemeltetni lehetne azt. Így az eszközpótlásra, például az új autók megvásárlására vagy rekultivációra egyáltalában nincsen forrásuk. A Zöld Híd a béreket, a munkaruhát, az üzemanyagot és az adókat persze kifizeti, de semmi mást. Havi 130 millió forint hiányzik a működésének a finanszírozásából.</seg>
<seg xml:id="IC8_2246.4">A másik, még több lakost érintő példa a fővárosi közszolgáltatóé, az FKF-é. Mai napig nem készült el ezen cég 2017. évi üzleti beszámolója, mérlege, mert az NHKV Zrt. nem fizette ki időben, illetve csak jelentős késéssel, most idén, 2018. október 2-án fizette ki a 2017. évi tartozását, vagyis az FKF Zrt. tavalyi, igazolt teljesítményét, azaz mindösszesen 13 milliárd forintot.</seg>
<seg xml:id="IC8_2246.5">Ennek eredményeképpen azért, hogy legalább fizetést tudjanak adni a dolgozóknak, és legyen üzemanyag a kukásautókban, csak jelentős szűkítéssel tudták, illetve tudják teljesíteni a közszolgáltatási szerződésükben foglaltakat.</seg>
<seg xml:id="IC8_2246.6">Kérdezem, államtitkár úr, ki a felelős a kialakult helyzetért, és milyen azonnali lépéseket, intézkedéseket terveznek annak érdekében, hogy elkerüljék a hulladékszállítás rendszerének összeomlását. Várom érdemi válaszát. Köszönöm</seg>
<kinesic type="applause"><desc>Taps a Jobbik soraiban.</desc></kinesic>
<seg xml:id="IC8_2246.7">(15.20)</seg>
</u>
        <u xml:id="ParlaMint-HU_2018-10-15-interpellation-IC8_2254" who="#BenceTordai" ana="#regular"><note>TORDAI BENCE (Párbeszéd):</note>
<seg xml:id="IC8_2254.1">Köszönöm, elnök úr. Tisztelt Államtitkár Úr! A magyar egyetemeken, főiskolákon 2010-ben még 72 ezernél is több államilag finanszírozott férőhely volt, 2018-ban már 60 ezer sem. 2010 óta folyamatosan csökken a felsőoktatásba jelentkezők és beiratkozók száma is. A jelentkezők száma 24 százalékkal esett vissza, azaz minden negyedik egyetemista eltűnt Magyarországról, illetve meg sem jelent a rendszerben.Az történt, hogy a kormány mind ez idáig lopakodva vezette be a tandíjat. Ennek az eredménye, hogy Magyarországon az EU-ban egyedüliként Luxemburgot leszámítva csak itt csökkent a diplomások aránya a fiatalok között. Az Orbán-kormánynak azonban ez sem elég. Az egész közoktatási rendszert úgy alakítják át, hogy minél kevesebben jussanak el a felsőoktatásba jelentkezés lehetőségéig is. Központilag szabják meg 2019-től, hányan tanulhatnak tovább gimnáziumban, szakgimnáziumban, szakközépiskolában. Lenyesnek a gimnáziumi férőhelyekből, és a lebutított szakközépiskolai és szakiskolai férőhelyek felé terelik a gyerekeket.</seg>
<seg xml:id="IC8_2254.2">Mindez párosul az alapfokú oktatás lezüllesztésével. Az iskolák ipari léptékben termelik a funkcionális analfabétákat. 2009-ben még jócskán az OECD átlaga fölött volt Magyarország, kisebb arányban voltak a gyengén teljesítők a PISA-teszt szövegértési feladataiban, mint Németországban vagy Belgiumban. 2015-re viszont mélyen az átlag alá csúsztunk, az utolsó helyek egyikét foglalja el a fideszes iskolarendszer. Csoda-e, ha már a gyáriparosok is a tankötelezettség korhatárának felemeléséért könyörögnek? Mert a magyar iskola lassan már arra sem képes, hogy egy összeszerelő üzemben végzett szalagmunkára felkészítse a gyerekeket. Márpedig ennél jóval többre lenne szükség. A szalagmunka ugyanis leáldozóban van. Jönnek a robotok, és a munkaerőpiacon csak a képzett, kreatív, rugalmas gondolkodású emberek boldogulnak majd. Eközben a magyar iskola egyre kevesebb gyereket képes megtanítani olvasni is. Tehát sikerült a kormánynak az elmúlt 8 évben az oktatás teljes lezüllesztése, de ezzel sem elégszenek meg.</seg>
<seg xml:id="IC8_2254.3">Olyan átalakításra készülnek, amelynek eredménye még kevesebb államilag finanszírozott hely a felsőoktatásban. Nem lassan, sunnyogva csökkentenék tovább az államilag támogatott helyek számát, ahogy eddig, hanem radikálisan és büszkén. A szerényebb körülmények között élő fiatalok előtt önök már nemcsak szűkebbre szabnák a felsőoktatás bejáratát, ahogy eddig, hanem becsukják a kaput, lakatot tesznek rá, és kettőre zárják. Ez minden eddigi tolvajlásuk közül a legrosszabb, merthogy most a fiatalok jövőjét lopják el, és ezzel mindannyiunk jövőjét, Magyarország jövőjét lopják el.</seg>
<seg xml:id="IC8_2254.4">Arra kérem államtitkár urat, nyíltan válaszoljon arra, mit tervez a kormány, hogyan csökkentik tovább az államilag finanszírozott felsőoktatási helyek számát a jövőben.</seg>
<seg xml:id="IC8_2254.5">Köszönöm szépen</seg>
<kinesic type="applause"><desc>Szórványos taps a Párbeszéd soraiban.</desc></kinesic>
</u>
        <u xml:id="ParlaMint-HU_2018-10-15-interpellation-IC8_2266" who="#DánielZ.Kárpát" ana="#regular"><note>Z. KÁRPÁT DÁNIEL (Jobbik):</note>
<seg xml:id="IC8_2266.1">Tisztelt Elnök Úr! Tisztelt Ház! Statisztikai adatok vizsgálata közben megdöbbentő dolgokra bukkan az ember. Amikor azt vizsgáljuk, hogy a magyar vállalkozások, a mikro-, kis- és közepes méretű vállalkozások versenyhátránya miért ennyire brutális, a válasz egyik részét ott találjuk meg, ahogy a multinacionális cégekkel bánik ez a kormányzat 2010 óta. Ha van valaki ebben a teremben, aki a Gyurcsány-, illetve Bajnai-kormányok gazdaságpolitikájával enyhén szólva nem szimpatizál, az én magam vagyok, viszont el kell hogy mondjam, ha összehasonlítjuk, hogy mennyi pénzze</seg>
<kinesic type="noise"><desc>Zaj és derültség a kormányzó pártok padsoraiban.</desc></kinesic>
<seg xml:id="IC8_2266.2">, mekkora forrással támogatták önök, akik most röhögcsélnek igen, és nyomjon gombot, reagáljon majd rá! , mennyi forrással támogatták a multicégeke</seg>
<kinesic type="noise"><desc>Moraj és közbeszólások a kormányzó pártok padsoraiban, többek között dr. Rétvári Bence: Nem olvassátok a házszabályt? A kormányzó pártok padsorai felé:</desc></kinesic>
<seg xml:id="IC8_2266.3">és egyébként kiköphetné a rágót beszólás közben , akkor elmondhatnánk azt is, hogy álláshelyenként vizsgálva a multicégek által teremtett álláshelyeket a Fidesz-kormányok 7,6 millió forinttal dotálták átlagosan, a Gyurcsány-Bajnai korszakban ez 4,5 millió volt álláshelyenként. Lehet arról vitatkozni, hogy milyen szakmai ismérvek bújnak meg a háttérben, de ha azt vizsgáljuk, hogy egyedi kormánydöntéssel mennyi vissza nem térítendő forrást biztosított ezen multicégek számára az egymást követő két Fidesz-kormányzat, vizsgáljuk csak 2011-től az adatsort, hiszen a korábbi áthúzódó döntéseket vegyük ki a rendszerből, akkor is azt látjuk, hogy a Fidesz-kormányok 255,6 milliárd forint közpénzt adtak oda vissza nem térítendő munkahelyteremtési támogatás, infrastrukturális beruházás címszó alatt, miközben a korábbi MSZP-kormányok 130,2 milliárdot.</seg>
<seg xml:id="IC8_2266.4">(16.20)</seg>
<seg xml:id="IC8_2266.5">Azt látjuk tehát, hogy a multicégek simogatása kormányokon átívelő módon megtörtént, nem csillapodik, miközben a magyar kis- és közepes méretű vállalkozások brutális versenyhátrányban vannak. Ha a hazai vállalatok termelékenységi rátáját vizsgáljuk, akkor azt látjuk, hogy 2010-től kezdve, tehát 2016-ig vizsgálva, ez 1,25 százalékról mindössze 1,49 százalékra növekedett, a régióban messze a legalacsonyabb. A leginkább kivéreztetett csoportba a magyar mikro-, kis- és közepes méretű vállalkozások tartoznak, amelyeknek teljes adórátája még mindig brutális szinten van. A minimális csökkentés ellenére is ez 52,4 százalékról alig 46,5 százalékra csökkent.</seg>
<seg xml:id="IC8_2266.6">Tehát önök visszafogják a magyar vállalkozások versenyképességét, nem hagyják őket még az önök által idehívott összeszerelő üzemek bedolgozóivá sem válni. Teljesen jogos lenne az az igény, hogy mondjuk, a mobiltelefonról végezhető ügyintézés szélesítésével, a telephely létesítésével, illetve engedélyezésével kapcsolatos illeték eltörlésével, vagy akár a vállalati gépjárműhasználat megkönnyítésével azon magyar kisvállalkozásokat hozhatnák helyzetbe, amelyeknek bürokratikus terheik elképesztően magasan vannak, szeretném hangsúlyozni, hogy a mérhető, de mégiscsak kozmetikai szintű csökkentés ellenére is.</seg>
<seg xml:id="IC8_2266.7">S arról is el kellene gondolkoznunk ebben a teremben, hogy a stratégiai szerződések tekintetében, ahol nem írták elő a bérkiegyenlítődés lassú mivoltát a multicégek számára, hogyan lehet olyan újratárgyalást eszközölni, amelyek révén a felszabaduló forrásokkal magyar kis- és közepes vállalkozásokat hoznak helyzetbe. Várom érdemi válaszát</seg>
<kinesic type="applause"><desc>Taps a Jobbik soraiban.</desc></kinesic>
</u>
        <u xml:id="ParlaMint-HU_2018-10-15-interpellation-IC8_2267" who="#LászlóBöröcz" ana="#regular"><note>BÖRÖCZ LÁSZLÓ (Fidesz):</note>
<seg xml:id="IC8_2267.1">Köszönöm a szót, elnök úr. Tisztelt Ház! Tisztelt Államtitkár Úr! A hírek szerint a lengyel ügyészség költségvetési csalás miatt nyomozást rendelt el Staudt Gábor és társai ellen, mert a gyanú szerint több mint 2,5 milliárd forint értékű kárt okoztak a lengyel államnak.</seg>
<seg xml:id="IC8_2267.2">(15.10)</seg>
<seg xml:id="IC8_2267.3">A gyanú szerint Staudt és társai néhány évvel ezelőtt az ország egyik legjelentősebb, nemesfémekre szakosodott áfacsalási hálózatát szervezték meg. A hierarchikusan felépített csapatban az egyszerű katonák havonta körülbelül ezer eurót tettek zsebre, miközben a vezetők több milliárd forintos bevételen osztozhattak. A feljelentés részletezi a bűnbanda módszereit, leírja, hogy kezdetben csak ezüsttel csaltak sok száz kilogrammos, esetenként tonnás tételben, majd később külön erre a célra gyártott arany ékszerekkel és platinával is</seg>
<kinesic type="noise"><desc>Folyamatos közbeszólások a Jobbik soraiból.</desc></kinesic>
<seg xml:id="IC8_2267.4">A feljelentés szerint a banda vezetői rendszeresen hordtak éleslőfegyvert, és az alvilág legerőszakosabb szereplőivel álltak napi kapcsolatba</seg>
<seg xml:id="IC8_2267.5">(Felzúdulás a Jobbik soraiban.)</seg>
<seg xml:id="IC8_2267.6">, köztük drogkereskedőkkel is: egy alkalommal a kábítószer-kereskedőnél rejtettek el 65 millió forint értékű színaranyat, amit a BRFK munkatársai egy másik ügyben folytatott házkutatás során foglaltak le.</seg>
<seg xml:id="IC8_2267.7">Tisztelt Államtitkár Úr! Bár a bűnszervezetet Magyarországon működtették, nem a magyar, hanem a lengyel költségvetést károsította meg, mert azt remélték, így elkerülhetik a felelősségre vonást. Van-e remény arra, hogy az elkövetőket sikerül a törvény elé állítani, és megtérülnek-e a lengyel államnak okozott károk</seg>
<kinesic type="applause"><desc>Taps a kormánypártok soraiban. Közbeszólások a Jobbik soraiból, köztük: Várjál! Van még időd!</desc></kinesic>
</u>
        <u xml:id="ParlaMint-HU_2018-10-15-interpellation-IC8_2268" who="#MónikaDunai" ana="#regular"><note>DUNAI MÓNIKA (Fidesz):</note>
<seg xml:id="IC8_2268.1">Köszönöm szépen a szót. Tisztelt Elnök Úr! Tisztelt Államtitkár Urak! Tisztelt Országgyűlés! Mi a Fidesz-KDNP-ben az elmúlt években azon dolgoztunk, hogy a családokat megerősítsük, hogy a lehető legtöbb támogatást megadjuk a szülőknek, a leendő szülőknek, a fiataloknak, hogy gyermekeket vállaljanak, hogy gyermekeket neveljenek. Ennek köszönhetően az elmúlt években szeptemberről szeptemberre egyre szélesebb körű támogatásban részesülnek már a családok.Európában, így Magyarországon a társadalmi szolidaritás a családon belüli szolidaritásra épül, amelynek gyökerei az európai keresztény szellemiségbe nyúlnak. Kiemelt célunk, hogy az eddigieknél is erősebben segítsük az édesanyákat, a leendő édesanyákat, a családokat.</seg>
<seg xml:id="IC8_2268.2">Tavaly mintegy 1775 milliárd forintot hagyott a kormány a családoknál, 182 milliárddal többet, mint 2016-ban. A családi kedvezménynek köszönhetően átlagosan 277 ezer forint adót spóroltak a szülők csak a tavalyi évben.</seg>
<seg xml:id="IC8_2268.3">A tavalyi 283 milliárd forintos összeg több mint hússzorosa annak, amit a balliberális kormányok az utolsó évükben adókedvezményként adtak a családoknak.</seg>
<seg xml:id="IC8_2268.4">Kiemelendő, hogy évről évre egyre több pénz marad a kisgyermekeseknél. Az előzetes számítások szerint a kétgyermekes kedvezmény emelésének és a keresetek folyamatos emelkedésének köszönhetően a családi kedvezmény révén megtakarított összeg az idén meghaladhatja a 310 milliárd forintot is.</seg>
<seg xml:id="IC8_2268.5">Bevezettük a családi adórendszert, a családi adókedvezményt, a gyed extrát, és visszaadtuk a hároméves gyest az édesanyáknak. Minden eddiginél több pénzzel támogatjuk a családok otthonteremtését, és a több gyermeket vállaló családokat segítjük az adósságcsökkentésben, a jelzáloghitel-tartozásból és a diákhitel-tartozásból is jelentős összegeket engedünk el számukra. A minimálbér emelésével együtt a gyed, valamint a diplomásgyed összegét is emeltük, továbbá a csecsemőgondozási és a gyermekgondozási díj összege is jelentősen emelkedett az elmúlt években.</seg>
<seg xml:id="IC8_2268.6">Tisztelt Képviselőtársaim! Tisztelt Államtitkár Úr! A fentiekből is jól látszik, hogy olyan családbarát országgá szeretnénk tenni Magyarországot, ahol az édesanyák és a gyermekes családok minden lehetséges támogatást megkapnak ahhoz, hogy felelősséggel tudjanak gyermekeket vállalni és gyermekeket nevelni.</seg>
<seg xml:id="IC8_2268.7">Kérdezem tisztelt államtitkár urat, milyen további támogatásokkal segítjük a családoka</seg>
<kinesic type="signal"><desc>Az elnök a csengő megkocogtatásával jelzi az idő leteltét.</desc></kinesic>
<seg xml:id="IC8_2268.8">, hogy minél több családban minél több gyermek születhessen. Várom megtisztelő válaszát</seg>
<kinesic type="applause"><desc>Taps a Fidesz soraiból.</desc></kinesic>
</u>
        <u xml:id="ParlaMint-HU_2018-10-15-interpellation-IC8_2269" who="#LajosKorózs" ana="#regular"><note>KORÓZS LAJOS (MSZP):</note>
<seg xml:id="IC8_2269.1">Köszönöm szépen. Tisztelt Ház! Kedves Képviselőtársaim! Rétvári államtitkár úr nagy plénum előtt a kórházi várólisták kapcsán azt említette, hogy dicséretesen csökken a sorban állók létszáma, és meg is nevezte nagy plénum előtt, hogy mintegy 28 ezer ember vár különböző műtétekre. Ugyanakkor fölmenve az illetékes honlapra, a Nemzeti Egészségbiztosítási Alapkezelő honlapjára, abból kiderül, hogy mintegy 36 ezer ember vár valamilyen műtétre. Ebből a statisztikából az is kiderül, hogy a szürkehályogműtétre, ahogy államtitkár úr említette, mintegy 45 napot kell várni, ugyanakkor, ha megnézzük ezt a statisztikát, akkor kiderül, hogy átlagosan 87 napot kell várni, de van ettől elrettentőbb adat is. Az Észak-Alföldön 199 napot kell egy egyszerű műtétre várni. Térdprotézisre, azt mondja államtitkár úr, hogy 137 nap a várakozási idő, ugyanakkor ezen a honlapon mi azt látjuk, hogy 340 nap, majdnem háromszorosa a várakozási idő, mint amennyit az államtitkár úr állít. Nálunk, Észak-Magyarországon ez az idő 571 nap, majdnem négyszerese annak, mint amit az államtitkár úr állít.</seg>
<seg xml:id="IC8_2269.2">Csípőprotézisre azt mondja, államtitkár úr, hogy 104 napot kell várni, ugyanakkor én azt látom, hogy 279 nap az átlagos várakozási idő. Ez is majdnem háromszorosa annak, mint amennyit ő állított. Egy komolyabb ortopédiai nagyműtétre pedig azt mondták itt a statisztikákban, hogy 400 napot kell várni, ugyanakkor az látszik, hogy Dél-Dunántúlon pedig 792 napot.</seg>
<seg xml:id="IC8_2269.3">Kérdezem államtitkár urat: mi az igazság? Hogy lehet, hogy ekkora nagy a különbség az olvasott statisztika, a működtetett honlap és az államtitkári válasz között? Azt látjuk, hogy nagyon sokan kénytelenek elmenni a magánszférába, a magánrendelésekre, és olyan intézményekben elvégeztetni a műtéteket, amelyek lényegesen rövidebb határidő alatt teszik ezt meg. De azért ám keményen fizetni kell!</seg>
<seg xml:id="IC8_2269.4">Ha tehát csökkennének a várólisták, az nemcsak azért van, mert jól dolgozik az állami ellátórendszer, hanem azért, mert nagyon sok ember nem győzi kivárni a sorát. Egy egyszerű képdiagnosztikai vizsgálatért 20 és 50 ezer forint között kell a piacon fizetni, egy egyszerű műtétért 300 és 400 ezer forint között kell fizetni, egy bonyolultabb műtétért bizony 800 ezer forintot és 1,2 millió forintot is elkérnek. Ez vár a magyar emberekre, úgy látjuk. Ez lesz a jövő egészségügye.</seg>
<seg xml:id="IC8_2269.5">Még egyszer kérdezem az államtitkár urat: hogy lehet az, hogy ön teljesen más számokat használ, mint az erre hivatott intézmény honlapján olvasható és a nagyközönség számára hozzáférhető? Köszönöm szépen</seg>
<kinesic type="applause"><desc>Taps az MSZP és a DK padsoraiban.</desc></kinesic>
</u>
        <u xml:id="ParlaMint-HU_2018-10-15-interpellation-IC8_2270" who="#LajosOláh" ana="#regular"><note>DR. OLÁH LAJOS (DK):</note>
<seg xml:id="IC8_2270.1">Köszönöm a szót. Tisztelt Ház! Tisztelt Államtitkár Úr! Több, nemzetközileg elismert kutatás támasztotta alá az elmúlt években, hogy azok a gazdasági társaságok, amelyek több női döntéshozót alkalmaznak, jobb gazdasági teljesítményre képesek. Ma már nemcsak tapasztalatok, hanem kutatások igazolják, hogy a felelős pozíciójú nők sokszor jobban kezelik a konfliktusokat, és kockázatvállalásban is higgadtabban járnak el, mint férfitársaink. Higgyék el, nem elképzelhetetlen, hogy egy nő elhagyja a konyha-takarítószertár-szülőszoba háromszöget. Európában olyan országok kezdték már meg a kötelező női kvóták alkalmazását az állami cégekre vonatkozóan, mint Belgium, Franciaország, Hollandia, Dánia, Finnország, Norvégia, Ausztria vagy Németország, és még lehetne folytatni a sort. A magyar nők sem képességeik, sem végzettségük terén nem maradnak le az európai társaiktól, mégis kirívóan alacsony a számuk a döntéshozói pozíciókban, legyen szó igazgatóságokról, fb-kről vagy menedzsmentről. Ezzel önök ártanak a magyar nőknek, és ártanak a magyar gazdaságnak is, hiszen több női döntéshozóval jobb döntések születnének, és eredményesebb, hatékonyabb lenne a gazdaságunk is. Önök semmit sem csinálnak, és még azt sem hagyják, hogy mi, európai magyarok csináljunk legalább valamit</seg>
<seg xml:id="IC8_2270.2">(Cseresnyés Péter: Szűz Mária! Európai magyarok!)</seg>
<seg xml:id="IC8_2270.3">A Demokratikus Koalíció és a saját nevemben már hatszor nyújtottam be törvényjavaslatot ebben az ügyben, a kormánypártok azonban még a tárgysorozatba vételt is elutasították. Javasoltam, hogy a nők az állami és az önkormányzati cégek vezetésében 40 százalékban legyenek képviselve. Ha valamit tárgysorozatba sem vesznek, ez nagyjából annyit jelent, hogy önök szerint beszélni sem érdemes róla, szóra sem érdemes.</seg>
<seg xml:id="IC8_2270.4">Önök nem tisztelik a magyar nőket, és nem hajlandóak biztosítani nekik sem az egyenlő esélyeket, sem az egyenlő fizetést. Önök nem akarják ratifikálni az isztambuli egyezményt, és az Európai Parlamentben is ellene szavaztak a nők elleni erőszakról szóló határozat esetében. Szerencse, hogy Európa másképp gondolkodik, mivel 90 százaléka támogatta azt, önökkel ellentétben.</seg>
<seg xml:id="IC8_2270.5">Nézzenek körül Európában! Nemcsak állami céget, hanem még parlamentet sem találnak olyan kevés nővel, mint az itteni. Miért van ez a különbség Európa és Magyarország között? Miért nem hagyják, hogy a magyar nők is megkapják azt a tiszteletet és bánásmódot a gazdaságban, amit Európa legtöbb országában megkapnak? Miért gondolják, hogy a magyar nők kevesebbet érnek, mint a németek, a franciák vagy a finnek? Miért nem támogatják az állami és az önkormányzati cégeknél a női kvótát? Köszönöm szépen</seg>
<kinesic type="applause"><desc>Taps az ellenzék soraiból.</desc></kinesic>
</u>
        <u xml:id="ParlaMint-HU_2018-10-15-urgent_question-AC8_1729" who="#ImreLászló" ana="#regular"><note>DR. LÁSZLÓ IMRE (DK):</note>
<seg xml:id="AC8_1729.1">Köszönöm, elnök úr. Tisztelt Képviselőtársaim! Örülök, hogy egykori intézetvezetőnek egykori intézetvezetőként tehetem fel a kérdésemet. Miniszter Úr! Az ajkai kórház intenzív osztályán a nővérek egyenként fogytak el, mint Haydn Búcsú szimfóniájában a muzsikusok. Az intézmény vezetője hiába próbálta meg átirányítással megoldani a problémát, az intenzív ellátás, mi mind a ketten tudjuk, egy önálló szakma, az ebben járatlan nővérekkel nem lehetett ellátni a feladatokat. Az ott dolgozó öt orvos ezért munkatársak felvételét, a megemelkedett terhelés csökkentését és díjazásának emelését kérte, majd ennek elutasítása után testületileg felmondtak.</seg>
<seg xml:id="AC8_1729.2">Ha az esetet meg akarjuk érteni, akkor abból kell kiindulnunk, hogy aneszteziológia és intenzív terápiás ellátás nélkül nincs működő kórház. A kereslet-kínálat törvényei pedig ezen a területen is kíméletlenek, az öt orvos közül négy vállalkozóként, a közalkalmazotti illetménynél jóval magasabb díjazásért vállalta, mint tudjuk, ennek a feladatnak az ellátását.</seg>
<seg xml:id="AC8_1729.3">Ezek a folyamatok azonban jelzésértékűek. Kérlelhetetlenül zajlanak másutt is, és csak idő kérdése, hogy melyik kórházat mikor érik el. Önnek, aki intézetvezetőként a székét miniszteri bársonyszékre cserélte fel, tisztában kellett lennie ezzel, ezért kérdezem, számolt-e ezzel a jelenséggel a tisztség elfogadásakor; mit tervez ennek a folyamatnak a megállítására; és miből gondolja, hogy az ön mellett ülő Rétvári államtitkár úr által felmondott, nyilvánvalóan központilag kiadott, problémát letagadó szólamok bárkit is megnyugtattak az egészségügy területén? Tisztelettel várom a válaszát</seg>
<kinesic type="applause"><desc>Taps az MSZP és a DK soraiban.</desc></kinesic>
</u>
        <u xml:id="ParlaMint-HU_2018-10-15-urgent_question-AC8_1945" who="#JánosStummer" ana="#regular"><note>STUMMER JÁNOS (Jobbik):</note>
<seg xml:id="AC8_1945.1">Köszönöm a szót. Tisztelt Elnök Úr! Tisztelt Ház! Tisztelt Miniszter Úr! Ön négy hónappal ezelőtt tette le az esküjét itt, ebben a teremben, és amikor ön esküdött, különös felelősséget vállalt rengeteg magára hagyott és kiszolgáltatott ember sorsának jobbra fordulásáért. Miniszter úr, ön egy keresztény értékrendű, a szegényekért és az elesettekért felelősséget vállalni képes, becsületes ember hírében áll. Amikor ön letette ezt a miniszteri esküt, akkor nyilván tisztában volt azzal, hogy mit vállal, tisztában volt azzal, hogy milyen felelősséget vesz a vállára.Azóta, az eskü óta eltelt, miniszter úr, négy hónap. Azt szeretném öntől megkérdezni, hogyan számol el az esküjével, hogyan számol el ezzel a négy hónappal, amikor, ha bekapcsolja a tévét, akkor azt látja, hogy szeptembertől ismét 1400 tanár hiányzik a magyar iskolákból. Azt kérdezem öntől, miniszter úr, hogyan számol el ezzel a négy hónappal ezelőtt letett esküjével, amikor most már egyre-másra olyan hírek jönnek a magyar sajtóban, hogy most már komplett osztályok, osztálynyi orvosok mondanak fel Magyarország kórházaiban.</seg>
<seg xml:id="AC8_1945.2">Kérem, miniszter úr, azt kérdezem öntől, hogy bement ön akár egyetlen alkalommal is a miniszterelnöki dolgozószobába, és harcolt-e ezekért az emberekért. Harcolt-e a tanárért, a diákért, az orvosért, az ápolóért, a betegért vagy szegénységre szorulóért</seg>
<seg xml:id="AC8_1945.3">(Sic!)</seg>
<seg xml:id="AC8_1945.4">Harcolt-e azokért az emberekért, akikért ön felelősséget vállalt? Egyszer is mondta-e annak a miniszterelnöknek, aki ön alá miniszteri bársonyszéket tett, hogy végre egyszer az életben ne csak a balhátvéddel és ne csak a középpályával, hanem a kémiatanárral és az altatóorvossal is foglalkozzon?</seg>
<seg xml:id="AC8_1945.5">Megtette-e ezt, miniszter úr? Nézze, tisztában vagyok azzal, hogy négy hónap mire elé</seg>
<kinesic type="signal"><desc>Az elnök csenget.</desc></kinesic>
<seg xml:id="AC8_1945.6">és mire nem. Tudom, hogy négy hónap alatt nem lehet mindent megtenni, minden mulasztást elmulasztani. De ahhoz túl sok ez az idő, hogy csak úgy elteljen egy miniszter felett. Várom megtisztelő válaszát.</seg>
<seg xml:id="AC8_1945.7">Köszönöm szépen</seg>
<kinesic type="applause"><desc>Taps a Jobbik soraiban.</desc></kinesic>
</u>
        <u xml:id="ParlaMint-HU_2018-10-15-urgent_question-AC8_2593" who="#LászlóVarju" ana="#regular"><note>VARJU LÁSZLÓ (DK):</note>
<seg xml:id="AC8_2593.1">Köszönöm szépen. Tisztelt Elnök Úr! Tisztelt Ház! Véget ért egy álom? tehetnénk fel ezt a kérdést, mert az elmúlt időszakban lezárult az önök betelepítési programja Magyarországra: 6621 személyt sikerült ide betelepíteni, velük együtt érkezett 18 585 ember, így összesen látjuk azt, hogy önöknek ez milyen eredménnyel járt. Hogy mégsem világos, pontosan mi történt, az azért van, mert minap egy szakmai konferencián kiperelt iratok alapján megállapítva legalább 30 milliárd forintot bukott az ország, buktak az adófizető állampolgárok ezen a kötvényprogramon. Semmi nem indokolta, hogy ezt igénybe kelljen venni, ráadásul eközben még 60 milliárd forint kárt is okoztak. De ezt még lehet fokozni azzal, hogy mindezt azért csinálták, mert egyébként jól fizető haveri kör környezetét sikerült ezzel kialakítani. Mi is történt ebben az időszakban? Offshore cégekkel kötött szerződést a Gazdasági bizottság Rogán Antal vezetésével, kijelölt cégekkel, és ők azok, akik közreműködtek abban, hogy 30 év körüli, kisportolt testalkatú iráni, szír, arab, kínai, orosz, befektetőnek nevezett embereket telepítettek be ebbe az országba. 29 ezer eurót kerestek egyébként ezeken az embereken. Ez az a kérdés, ami után fel kell tenni, hogy lehet az, hogy önök nem hajlandók ezzel elszámolni, és az Államadósság Kezelő eközben azt igazolja, azt a közleményt teszi közzé, hogy 3 milliárd forint volt az ország nyeresége ezen.</seg>
<seg xml:id="AC8_2593.2">Tisztelt Államtitkár Úr! Elfogadhatatlan az a helyzet, hogy önök itt azt állítják, a papírok pedig egészen másról tanúskodnak. Mondjanak végre igazat, mondják meg, hogy miért hazudott Varga Mihály nemzetgazdasági miniszteren keresztül az Államadósság Kezelő Központ is. Köszönöm szépen</seg>
<kinesic type="applause"><desc>Taps a DK soraiban.</desc></kinesic>
</u>
        <u xml:id="ParlaMint-HU_2018-10-15-urgent_question-AC8_2599" who="#BenceTordai" ana="#regular"><note>TORDAI BENCE (Párbeszéd):</note>
<seg xml:id="AC8_2599.1">Köszönöm, elnök úr. Tisztelt Államtitkár Úr! Magyarország az óriáscégek számára egy adóparadicsom, csak a dolgozó emberek számára adópokol. Amikor maguk bevezették az egykulcsos szja-t, az azt jelentette, hogy a kis keresetű emberek, de még az átlagos jövedelműek is ezt egy adóemelésként kellett hogy megéljék, hiszen eltörölték az adójóváírást, több személyi jövedelemadót kellett fizetniük az embereknek, és akkor ne is beszéljünk a világrekorder 27 százalékos áfáról. Eközben a nagyvállalatok korábban 19 százalékos adókulcsát 9 százalékra mérsékelték, és azt egy jegybanki elemzésből tudjuk, hogy e csökkentés értékének a 70 százalékát a nagyvállalatok tették zsebre, 14 százalék jutott a közepes cégeknek, és mindössze 8-8 százalékkal jártak jobban a kisvállalkozások, illetve a mikrovállalkozások.</seg>
<seg xml:id="AC8_2599.2">De ennél is súlyosabb a helyzet, merthogy az adókedvezmények, különösen a miniszterelnök focicsapatainak a támogatása még ennyi adóbevételt húz ki a magyar polgárok, a magyar költségvetés zsebéből. Ez azt jelenti, hogy a 2019-es költségvetés számai alapján a vállalatok átlagosan 5 százalékos társasági adót fizetnek, de még rosszabb a helyzet, ha az óriáscégekre nézünk, a 11 legnagyobb cég 0,35 százalék adót fizet. A GDP egynegyedét előállító vállalatok a társasági adó 2 százalékát fizetik be.</seg>
<seg xml:id="AC8_2599.3">Hadd idézzem a maguk által elfogadott Alaptörvény egy mondatát: „Teherbíró képességének, illetve a gazdaságban való részvételének megfelelően mindenki hozzájárul a közös szükségletek fedezéséhez.” Hát, ez baromira nem így néz ki</seg>
<seg xml:id="AC8_2599.4">(Dr. Rétvári Bence: De laza vagy!)</seg>
<seg xml:id="AC8_2599.5">Úgy néz ki, hogy minél kevésbé bírja valaki a terhelést, annál többet kap a nyakába. Maguk megfojtják a dolgozó embereket, megfojtják a kisvállalkozásokat, és kedvezményezik az óriáscégeket. A 99 százalék érdekei helyett az 1 százalék érdekeit képviselik.</seg>
<seg xml:id="AC8_2599.6">Kérdésem: a taokedvezmények közül hány százalékot vesznek igénybe a nagyvállalatok, mennyit a középvállatok és mennyit a kisvállalatok és a mikrovállalkozások? Várom válaszát</seg>
<kinesic type="applause"><desc>Taps az ellenzéki pártok padsoraiban.</desc></kinesic>
</u>
        <u xml:id="ParlaMint-HU_2018-10-15-urgent_question-AC8_2603" who="#AttilaMesterházy" ana="#regular"><note>MESTERHÁZY ATTILA (MSZP):</note>
<seg xml:id="AC8_2603.1">Nagyon szépen köszönöm. Tisztelt Elnök Úr! Tisztelt Ház! Szeretném üdvözölni az itt a hátsó páholyban helyet foglaló Adóskamara képviselőit. Azért jöttek ma, hogy ennek a kérdésnek a kapcsán meghallgassák a Magyar Nemzeti Bank álláspontját néhány fontos kérdésről, hiszen a 2014-es jogszabályok alapján a törvényhozók, a Fidesz-kormány hagyott egy kiskaput a bankok számára, hogy teljes mértékben átháríthassák az árfolyamkockázatot és ennek minden terhét a hitelt felvevőre, tehát a magyar családokra, éppen ezért nagyon sok családot hoztak olyan helyzetbe, hogy a kilakoltatás veszélye ott lebeg a fejük fölött. Éppen ezért ezzel kapcsolatban kérdezném a Magyar Nemzeti Bank képviselőjét, hogy vajon a bankoknak önök szerint van-e felelőssége ebben a kialakult helyzetben, hogy vajon vizsgálták-e a bankok felelősségét a tájékoztatás tekintetében, hogy valóban közérthető, egyértelmű tájékoztatást adtak-e a kockázatokról, hogy a reklámjaik mennyire voltak adott esetben átverésen alapulóak; vizsgálták-e azt, hogy milyen kockázattal jár egy ilyen hitel megadása egy-egy ügyfélnek, hogy a bankok kellő gondossággal jártak-e el, amikor elemezték a vagyoni helyzetét, a jövedelmi helyzetét az adósnak annak fényében, hogy van egy ilyen árfolyamkockázat. Ez az első témakör.</seg>
<seg xml:id="AC8_2603.2">A másik, hogy vajon igaz-e az én úgy tudom, hogy igen , hogy önök kiadtak egy olyan állásfoglalást, ami arról szól, hogy önök nem tudják kiszámolni, hogy a magyar forint árfolyama milyen irányba fog változni a jövőben, nem tudják ezt megbecsülni, és ezért a bankok sem tudják ezt megtenni. Ezen perek dőltek el egyébként, és ezáltal a bankokat fölmentették a felelősség alól; eközben elvárják egyébként az adósoktól, hogy ők pedig vállaljanak ezért kockázatot, mert ezek szerint akkor ők ki tudják számolni ennek a kockázatát.</seg>
<seg xml:id="AC8_2603.3">Még egy kérdésem lenne, hogy ön szerint a forint miért nem erősödött vissza a korábbi időszakra, ha a gazdaság dübörög, nincsen gazdasági válság, és ha önöknek van felelőssége a jegybanktörvény alapján abban, hogy milyen árfolyam mellett gazdálkodjon az ország. Tehát összességében arra lennék kíváncsi, hogy önök szerint a bankok tisztességesen jártak-e el ebben a kérdésben. Köszönöm, elnök úr, a türelmet</seg>
<kinesic type="applause"><desc>Taps az MSZP és a DK soraiban.</desc></kinesic>
</u>
        <u xml:id="ParlaMint-HU_2018-10-15-urgent_question-AC8_2604" who="#LajosKorózs" ana="#regular"><note>KORÓZS LAJOS (MSZP):</note>
<seg xml:id="AC8_2604.1">Köszönöm szépen. Tisztelt Ház! Kedves Képviselőtársaim! Ma éjfélkor lépett életbe a kormány szerintem legembertelenebb intézkedése, amely a hajléktalanokat sújtotta. Számtalanszor elmondtuk itt az Országgyűlésben, amikor benyújtották az alaptörvény-módosítást, illetve benyújtották a szabálysértésről szóló jogszabálytervezeteket, hogy szociális problémákat rendészeti eszközökkel nem lehet megoldani. Ráadásul most azt látom, hogy olyan szervezeti egységeket vonnak be a hajléktalanok közterületről eltiltásába, amely szervezeteknek nem az a dolga, hogy ezekkel a szerencsétlenül járt most tegyük félre, hogy milyen okból emberekkel foglalkozzon. A rendőrségnek nem az a dolga, hogy a hajléktalanokkal foglalkozzon. A hajléktalanokkal, akik az utcán kénytelenek élni, az utcai szociális munkásoknak kell foglalkozni. Nem a mentősöknek kell és nem a közterület-felügyelőknek kell ezzel a területtel foglalkozni.Szeretném felhívni a figyelmét a tisztelt Háznak arra, hogy a kormány 2010 óta vegzálja egyébként a hajléktalanokat. Az ombudsman kétszer is visszadobta azokat az elképzeléseket, amelyeket a kormány megfogalmazott. Számtalan formája lehet annak, hogy valaki hajléktalanná válik: hogy egy adósságspirálba került bele, hogy tönkrement a házassága, vagy elveszítette a munkáját, ezt most ne firtassuk. De kérdezem miniszter urat: felkészültek önök egyáltalán erre a helyzetre? Megnézték, hogy hány férőhely van ma Magyarországon, illetve a fővárosban? Megnézték, hogy ezek a férőhelyek milyen állapotban vannak itt a fővárosban és az országban? Megnézték azt, hogy ezek az emberek a személyes holmijaikat hol tudják tárolni és hol tudják biztonságban tudni? Kérem, válaszoljon ezekre a kérdésekre. Köszönöm szépen</seg>
<kinesic type="applause"><desc>Taps az MSZP soraiból.</desc></kinesic>
</u>
        <u xml:id="ParlaMint-HU_2018-10-15-urgent_question-AC8_2605" who="#PéterJakab" ana="#regular"><note>JAKAB PÉTER (Jobbik):</note>
<seg xml:id="AC8_2605.1">Köszönöm a szót. Tisztelt Elnök Úr! Tisztelt Államtitkár Úr! Az elmúlt napokban a Borsod-Abaúj-Zemplén megyei Encs település cigánytelepén sajnálatos módon kis híján meglincseltek egy magyar asszonyt, akinek az autója elé kiszaladt egy felügyelet nélkül maradt ötéves kisgyermek. Az olaszliszkai lincselés 12. évfordulóján sajnos ma nem arról kell beszéljek, hogy önök helyreállították a rendet Magyarországon, hanem arról kell beszéljek, hogy kis híján megismétlődött az akkori tragédia, és ha a magyar hivatalos szerveken múlik, akkor meg is fog ismétlődni minden bizonnyal, hiszen mind az olaszliszkai, mind az encsi lincselés elkövetői egészen elképesztő módon szabadlábon vannak.</seg>
<seg xml:id="AC8_2605.2">(17.10)</seg>
<seg xml:id="AC8_2605.3">Ez az elmúlt 12 év politikájának szégyene. A baloldali kormányoktól, lássuk be, nem nagyon vártuk azt, hogy rendet fognak itt tenni. Önök azonban 2010-ben, államtitkár úr, azt ígérték, hogy két hét alatt ebben az országban rend lesz, és ehhez képest ma azt kell hogy mondjam, ma 2018-ban ott vagyunk, ahol 2006-ban voltunk.</seg>
<seg xml:id="AC8_2605.4">Ki kell mondani, hogy a Fidesznek nem érdeke rendet tenni a cigánytelepeken, nem érdeke visszaszorítani a bűnözést, mert önök ebből a mostani helyzetből kiválóan profitálnak. Egészen addig, amíg a cigánykérdés nincs megoldva, addig tudják önök például most is a munkát kerülő Farkas Flórián segítségével eltüntetni a felzárkóztatásra szánt milliárdokat, és addig tudnak önök egy egyre népesebb szavazóbázist építeni a cigányság egy részéből teszem hozzá, egy részéből , egy olyan szavazóbázist, amely egyre olcsóbban, akár egy szatyor száraztésztával is megvásárolható is. Önök ezért a szavazóbázisért cserébe akár azt is eltűrik, hogy magyar embereket lincseljenek a cigánysoron.</seg>
<seg xml:id="AC8_2605.5">Az állam ugyanis, a hivatalos szervek gyermekvédelem, katasztrófavédelem és a rendőrség kivonultak ezekből a településrészekből, ezekről a településekről, és magukra hagyták az ott élőket a bűnözőkkel szemben vívott küzdelemben. Államtitkár úr, az encsi lincselés az utolsó felkiáltójel; az utolsó felkiáltójel, ami azt üzeni az állam számára, hogy vissza kell foglalni kíméletlenül, vissza kell foglalni a törvényesség számára azokat</seg>
<kinesic type="signal"><desc>Az elnök a csengő megkocogtatásával jelzi az időkeret leteltét.</desc></kinesic>
<seg xml:id="AC8_2605.6">településrészeket, amelyeket önök törvényen kívülivé tettek. Mit kívánnak tenni ennek érdekében? Várom válaszát</seg>
<kinesic type="applause"><desc>Taps a Jobbik padsoraiban.</desc></kinesic>
</u>
        <u xml:id="ParlaMint-HU_2018-10-15-urgent_question-AC8_2608" who="#RichárdHörcsik" ana="#regular"><note>DR. HÖRCSIK RICHÁRD (Fidesz):</note>
<seg xml:id="AC8_2608.1">Köszönöm a szót, elnök úr. Tisztelt Államtitkár Úr! Úgy tűnik, hogy nem telik el hét, hogy az Európai Parlament Állampolgári Jogi, Bel- és Igazságügyi Bizottsága, a LIBE Bizottság ne tárgyaljon olyan javaslatot, amelynek célja, hogy még több migráns jöjjön be Európába. A sietség számukra érthető, hiszen a Brüsszelben ma még ugyan szerény többségben lévő, de anyagi forrásaikat, médiatámogatásukat tekintve igenis fölényben lévő, bevándorlást támogató erők mindent át akarnak erőltetni a májusi választásig, amit csak lehet, mert attól tartanak, hogy utána már nem lesz erre lehetőségük.</seg>
<seg xml:id="AC8_2608.2">(Hiszékeny Dezsőt a jegyzői székben</seg>
<seg xml:id="AC8_2608.3">Szabó Sándor váltja fel.)</seg>
<seg xml:id="AC8_2608.4">A múlt héten a LIBE arról a javaslatról tárgyalt, amely szerint a migránsok helyzetének bármilyen vizsgálata nélkül gyakorlatilag automatikusan beutazási vízumot kapnának az Unió tagállamai külképviseletein, hogy ezzel a vízummal aztán minél hamarabb és könnyebben beutazhassanak az Unióba. A Bizottság mai ülésén pedig az a javaslat került napirendre, amelynek célja a határvédelem elvétele a tagállamoktól és áttelepítése a Frontex kezébe, de ez nem határvédelem, hanem határmenedzsment néven történne. Ez lényegében azt jelenti, hogy a határvédelem helyett portaszolgálatot akarnak létesíteni itt, Magyarország határain.</seg>
<seg xml:id="AC8_2608.5">De ez csak az egyik eleme, tisztelt államtitkár úr, az Európai Bizottság közelmúltban közzétett, legújabb javaslatcsomagjának, amelyben állandó áttelepítési programról, legális és szervezett migrációs útvonalak megteremtéséről, a menekültkérelmek elbírálásának központosításáról és Brüsszelbe telepítéséről lenne szó. Tisztelt Államtitkár Úr! Hogyan tudunk védekezni Brüsszel bevándorláspárti erőinek legújabb agyréme ellen? Várom válaszát.</seg>
<seg xml:id="AC8_2608.6">(Dr. Szűcs Lajost a jegyzői székben</seg>
<seg xml:id="AC8_2608.7">Gelencsér Attila váltja fel.)</seg>
</u>
        <u xml:id="ParlaMint-HU_2018-10-15-urgent_question-AC8_2609" who="#LászlóFöldi" ana="#regular"><note>FÖLDI LÁSZLÓ (KDNP):</note>
<seg xml:id="AC8_2609.1">Köszönöm a szót, elnök úr. Tisztelt Elnök Úr! Tisztelt Képviselőtársaim! Tisztelt Államtitkár Úr! A Fidesz-KDNP-kormány célja, hogy Magyarország családbarát ország legyen, éppen ezért a kormány politikájának egyik fontos eleme, hogy minél nagyobb mértékben járuljon hozzá a családok élethelyzetének javításához, a gyermekvállaláshoz és a gyermeknevelés költségeihez. Többek között ezért is döntött 2011-ben a kormány az Európában is egyedülálló családi adózás bevezetéséről, valamint az elmúlt években számtalan intézkedéssel fejlesztette a családtámogatási rendszert. Ez találkozik a Kereszténydemokrata Néppárt legfontosabb célkitűzéseivel, amely szerint a család mint nemzetmegtartó egység támogatandó attól a ponttól, amikor két fiatal összeköti az életét, a gyermekvállalással a gyermeknevelésen át a többgenerációs nagycsaládokig.</seg>
<seg xml:id="AC8_2609.2">Tisztelt Államtitkár Úr! 2018 a családok éve Magyarországon, ami remélhetőleg azt is jelenti, hogy a jó gazdasági teljesítményre alapozva az eddigieknél is többet tudunk a gyermeknevelés támogatására fordítani. A gyermekeket ellátó intézményrendszer fejlesztésekor lehetővé kell tenni, hogy a gyermekeket nevelő szülők egyszerre választhassák a családot és a munkavállalást.</seg>
<seg xml:id="AC8_2609.3">2017. január 1-jével sor került a bölcsődei ellátórendszer átfogó reformjára, azóta a szülők már hagyományos bölcsődébe, minibölcsődébe, munkahelyi bölcsődébe vagy családi bölcsődébe írathatják be 3 év alatti gyermekeiket. Természetesen a kitűzött célhoz elengedhetetlen, hogy új bölcsődei férőhelyek létesüljenek akár a meglévő bölcsődék bővítésével vagy új bölcsődék kialakításával.</seg>
<seg xml:id="AC8_2609.4">A fentiek alapján éppen ezért kérdezem tisztelt államtitkár urat, milyen segítséget nyújt továbbra is a kormány az új bölcsődei férőhelyek kialakításához. Várom megtisztelő válaszát.</seg>
</u>
      </div>
    </body>
  </text>
</TEI>
