<?xml version="1.0"?>
<TEI xmlns="http://www.tei-c.org/ns/1.0" xml:id="ParlaMint-HU_2015-03-30" xml:lang="hu" ana="#parla.sitting #reference">
  <teiHeader>
    <fileDesc>
      <titleStmt>
        <title xml:lang="hu" type="main">A Magyar Országgyűlés Korpusza ParlaMint-HU 2015-03-30 [ParlaMint]</title>
        <title xml:lang="en" type="main">Hungarian parliamentary corpus ParlaMint-HU 2015-03-30 [ParlaMint]</title>
        <title xml:lang="hu" type="sub">A Magyar Országgyűlés ülései, 7. ciklus</title>
        <title xml:lang="en" type="sub">Minutes of the National Assembly of Hungary, Term 7</title>
        <meeting ana="#parla.term" corresp="#OGY" n="7">7. ciklus</meeting>
        <respStmt>
          <persName>Miklós Sebők</persName>
          <persName>Orsolya Ring</persName>
          <resp xml:lang="hu">Parla-CLARIN TEI XML korpusz létrehozása</resp>
          <resp xml:lang="en">Parla-CLARIN TEI XML corpus encoding</resp>
        </respStmt>
        <funder>
          <orgName xml:lang="hu">CLARIN Kutatási Infrastuktúra</orgName>
          <orgName xml:lang="en">The CLARIN research infrastructure</orgName>
        </funder>
        <funder>
          <orgName xml:lang="hu">Társadalomtudományi Kutatóközpont, Eötvös Loránd Kutatási Hálózat</orgName>
          <orgName xml:lang="en">Centre for Social Sciences, Eötvös Loránd Research Network</orgName>
        </funder>
      </titleStmt>
      <editionStmt>
        <edition>2.0</edition>
      </editionStmt>
      <extent>
        <measure xml:lang="hu" quantity="25" unit="speeches">25 beszéd</measure>
        <measure xml:lang="en" quantity="25" unit="speeches">25 speeches</measure>
        <measure xml:lang="hu" quantity="9616" unit="words">9616 szó</measure>
        <measure xml:lang="en" quantity="9616" unit="words">9616 words</measure>
      </extent>
      <publicationStmt>
        <publisher>
          <orgName xml:lang="hu">CLARIN Kutatási Infrastuktúra</orgName>
          <orgName xml:lang="en">CLARIN research infrastructure</orgName>
          <ref target="https://www.clarin.eu/">www.clarin.eu</ref>
        </publisher>
        <idno type="handle">http://hdl.handle.net/11356/1388</idno>
        <pubPlace>
          <ref target="http://hdl.handle.net/11356/1388">http://hdl.handle.net/11356/1388</ref>
        </pubPlace>
        <availability status="free">
          <licence>http://creativecommons.org/licenses/by/4.0/</licence>
          <p xml:lang="hu">
            Ez a munka az alábbi licence alapján használható
            <ref target="http://creativecommons.org/licenses/by/4.0/">Creative Commons Attribution 4.0 International License</ref>
          </p>
          <p xml:lang="en">
            This work is licensed under the
            <ref target="http://creativecommons.org/licenses/by/4.0/">Creative Commons Attribution 4.0 International License</ref>
          </p>
        </availability>
        <date when="2021-03-31">2021. 03. 31.</date>
      </publicationStmt>
      <sourceDesc>
        <bibl>
          <title xml:lang="hu" type="main">A Magyar Országgyűlés ülései</title>
          <title xml:lang="en" type="main">Minutes of the National Assembly of Hungary</title>
          <idno type="URI">https://https://www.parlament.hu/ </idno>
          <date when="2015-03-30">2015. 03. 30.</date>
        </bibl>
      </sourceDesc>
    </fileDesc>
    <encodingDesc>
      <projectDesc>
        <p>
          <ref target="https://www.clarin.eu/content/parlamint">ParlaMint</ref>
        </p>
      </projectDesc>
      <tagsDecl>
        <namespace name="http://www.tei-c.org/ns/1.0">
          <tagUsage gi="text" occurs="1"/>
          <tagUsage gi="body" occurs="1"/>
          <tagUsage gi="div" occurs="1"/>
          <tagUsage gi="u" occurs="25"/>
          <tagUsage gi="seg" occurs="91"/>
          <tagUsage gi="kinesic" occurs="35"/>
        </namespace>
      </tagsDecl>
    </encodingDesc>
    <profileDesc>
      <settingDesc>
        <setting>
          <name type="address">Kossuth Lajos tér 1-3.</name>
          <name type="city">Budapest</name>
          <name type="country" key="HU">Magyarország</name>
          <date ana="#parla.sitting" when="2015-03-30">2015-03-30</date>
        </setting>
      </settingDesc>
    </profileDesc>
  </teiHeader>
  <text xml:lang="hu" ana="#reference">
    <body>
      <div type="debateSection">
        <u xml:id="ParlaMint-HU_2015-03-30-interpellation-IC7_3813" who="#ZoltánMagyar" ana="#regular"><note>MAGYAR ZOLTÁN (Jobbik):</note>
<seg xml:id="IC7_3813.1">Köszönöm a szót, elnök úr. Tisztelt Ház! Képviselőtársaim! Emlékszünk, amikor 2010 nyarán Orbán Viktor miniszterelnök és a kormány óriási ováció közepette jelentette be, hogy újra lehetőséget ad az otthoni pálinkafőzésre. Sokan, akik ezt a nagyszerű hungarikumot becsüljük, egyetértettünk ezzel a döntéssel, hiszen úgy tűnt, hogy közel százéves tiltás után, megalázó bujkálás, hajnali cefrézés után visszatérhet régi fényébe a magyar pálinka. A Jobbik Magyarországért Mozgalom is örömmel fogadta a hírt, meg is szavaztuk természetesen, hiszen a pálinkafőzés igen nagy hagyományokra tekint vissza nemzetünk történetében, maga a fogyasztása pedig egy igen kultikus szokássá vált a magyarság életében. Azonban már akkor jeleztük, hogy az önfeladó módon letárgyalt csatlakozási szerződés okozni fog még problémákat, hiszen sem a Fidesz, sem az MSZP, amikor kormányon volt, és erről tárgyaltak Brüsszellel szemben, nem kérték a pálinkának ezt a kedvezményes otthonfőzési módját, pedig mondjuk ki, a pálinka már akkor is egy ismert, népszerű hungarikum volt. Hamar jöttek is az első intő jelek. A kormány álláspontja jelenleg pedig már teljesen más, mint korábban, a szabad főzés meghirdetésekor volt, hiszen a korábbi adómentességnek már nyoma sincsen. 1670 forint plusz rezsi plusz haszon áron lehet literenkénti költségért főzetni. Ezért kérdezem itt államtitkár urat, hogy az így tönkrement családokat, akiket rávettek, hogy fektessenek be például bérfőzde létesítésébe, mikor fogják kártalanítani. Mi lesz velük? Öt évre terveztek az európai uniós támogatásoknál. Fenn is kell tartani addig ezeket az üzemeket. Hogy fog ezeknek a becsapott embereknek a szemébe nézni? És mi lesz az önök szavahihetőségével? Figyelembe véve azt, hogy a házaknál évente mintegy 12 millió liter bérfőzött pálinka készül, az adóemelés egyébként egészségügyi kockázatot is jelent, hiszen az illegális főzdék aránya rohamosan szaporodik. Arról meg ne is beszéljünk, hogy két-három fővel számolva az a 700 működő bérfőzde 1500-2000 munkahelyet teremt, ráadásul pont azokban a körzetekben, ahol a leginkább szükség van ezen munkahelyekre. Mi lesz velük ezek után? És most jön a legfrissebb hír: még ezzel sem elégedett meg Brüsszel; az az 1000 forintos trükk, amivel önök rávették az otthon főzőket, hogy regisztráljanak &#8209; tízezren tettek így &#8209;, őket átverve most egyetlen mozdulattal 72 ezer forintra növekedhet az az éves összeg, amit be kell fizetniük. Sokak csak egy gyümölcsfa miatt fektettek be ebbe a berendezésbe, és most elvárják tőlük, hogy 72 ezer forintot fizessenek a saját gyümölcsük saját elfogyasztása után. Elképesztő, államtitkár úr!Mikortól és milyen módon történik meg a bérfőzdék kártalanítása? Hogyan kívánják megmenteni esetleg ezeket a bérfőzdéket? Miért most gondolkodnak? Miért nem a csatlakozási szerződéskor fektették le, ahogy Ausztria nagyon előrelátó módon ezt megtette a saját gazdái, a saját pálinkásai érdekében? És ki a felelős ezért, államtitkár úr? Miért hazudtak 2010 óta a magyar embereknek, hogy szabad Magyarországon pálinkát főzni, miközben önök jól tudták, hogy Brüsszel ebbe bele fog szólni, és ez csak egy ideiglenes állapot? Erre válaszoljon, államtitkár úr</seg>
<kinesic type="applause"><desc>Taps a Jobbik soraiban.</desc></kinesic>
</u>
        <u xml:id="ParlaMint-HU_2015-03-30-interpellation-IC7_3886" who="#DóraDúró" ana="#regular"><note>DÚRÓ DÓRA (Jobbik):</note>
<seg xml:id="IC7_3886.1">Köszönöm a szót. Tisztelt Elnök Úr! Tisztelt Államtitkár Úr! A kormány felzárkóztatáspolitikájának reményteli eszközeként vezették be a köznevelési törvényben a Híd-programokat, azt állítva, hogy segítséget nyújtanak a tanulóknak többek között a szakképzésbe való bekapcsolódáshoz vagy a munkába álláshoz, s mindezt komplex pedagógiai tevékenységgel segítik</seg>
<seg xml:id="IC7_3886.2">(15.00)Állításuk szerint a Híd-program képes lehet az életutak korai kisiklásának megakadályozására. A Jobbik már akkor figyelmeztetett, mindez nem lesz hatékony, hiszen nem a túlkoros hatodikosok a legmegfelelőbb alanyok ahhoz, hogy az addigra minden motivációjukat elvesztett tanulókban felébresszék a tudásszomjat, mindezt sokkal korábban kellene elkezdeni.A KLIK országos elnökéhez adatkéréssel fordultam, tájékoztatást kértem a program eddigi működéséről, és sajnos lesújtó valósággal szembesültem. Az előző tanévben több mint 120 ezer órát mulasztottak igazolatlanul a diákok ebben a képzési formában, az összes mulasztott óra pedig meghaladja a 350 ezret. Már az első tanévben a miniszter által kijelölt 138 intézményből ténylegesen csak 90-ben indult el a képzés, az idei tanévben is csak 93 vesz részt ebben, pedig a tanulólétszám a duplájára növekedett.Tudjuk, hogy a szakképzésben igen magas a lemorzsolódás aránya, minden harmadik tanuló az évek során kihullik a sorból. A felzárkóztatónak szánt Híd-programokban még rosszabb a helyzet, a tanulmányait sikeresen befejező tanulók aránya mindössze 59 százalék, tehát több mint 40 százalék az, aki nem teljesíti a követelményeket. Az az abszurd helyzet tehát, hogy a lemorzsolódás a szakképzésbe vezető úton még nagyobb, mint magában a szakképzésben. Ahogy az szintén borítékolható volt, a KLIK tájékoztatása szerint szükség lenne több gyógypedagógus bevonására, illetve a programban részt vevő tanárok munkájának segítésére, hiszen majdnem 20 százalékos a beilleszkedési, tanulási, magatartási nehézségekkel küzdő és a sajátos nevelési igényű tanulók aránya.Mindezek alapján kérdezem államtitkár urat, elégedettek-e a Híd-programok működésével. Milyen változásokat tesznek annak érdekében, hogy jelentősen csökkentsék a lemorzsolódást? Mikor kapják meg a megfelelő segítséget a programban részt vevő pedagógusok? Várom érdemi válaszát</seg>
<kinesic type="applause"><desc>Szórványos taps a Jobbik soraiban.</desc></kinesic>
</u>
        <u xml:id="ParlaMint-HU_2015-03-30-interpellation-IC7_4050" who="#ImreVejkey" ana="#regular"><note>DR. VEJKEY IMRE (KDNP):</note>
<seg xml:id="IC7_4050.1">Köszönöm a szót. Tisztelt Elnök Úr! Tisztelt Ház! Tisztelt Miniszter Úr! Államtitkár Úr! Magyarországon a kormány számos intézkedésével bizonyítja, hogy a fogyatékkal élők kiemelt figyelemben részesülnek. A fogyatékkal élők számára számos akadály van jelen a mindennapokban. Nemcsak a közlekedés jelenik meg akadályként nap mint nap, hanem a munkahelytalálás, az internetezés vagy éppen a közszolgáltatások elérése is. Általánosságban igaz, hogy a kormány kiemelten foglalkozik a hátrányos helyzetűek sorsával, hiszen számos programot dolgozott ki, hogyan támogathatja hathatósan a fogyatékkal élőket. Ilyen például az Erzsébet-program fogyatékossággal élőket támogató része, a rehabilitációs kártya bevezetése vagy a több száz autó kedvezményes megvásárlását támogató program.Ma Magyarországon mintegy 73 ezer ember gyengén vagy alig lát, 9 ezer honpolgárunk pedig vak. A kormány jelentős erőfeszítéseket tesz azért, hogy a látásukban részben vagy teljesen korlátozott személyek megfelelő körülmények között kaphassanak rehabilitációs ellátást. Ezért a kormány új intézetet épít Tatán. 2010 óta a munkaerőpiacon mintegy 10 ezer fővel több a megváltozott munkaképességű személyek száma. Azok a vállalatok, amelyek fogyatékkal élő személyeket alkalmaznak, esélyt adnak arra, hogy ne szociális támogatásokból, hanem saját erejükből tudjanak a fogyatékkal élők megélni. A cégek nemcsak az üzletbe fektetnek ezzel pénzt, hanem a megváltozott munkaképességű emberek foglalkoztatásával az emberekkel is foglalkoznak, hiszen így értékteremtő munkát tudnak ezek a személyek végezni.(15.10)Tisztelt Államtitkár Úr! Mindezek alapján kérdezem, pontosan milyen erőfeszítések segítik a fogyatékossággal élők társadalmi integrációját, továbbá milyen elemei vannak az országos fogyatékosságügyi programnak, és ezek hogyan segítik a fogyatékkal élők mindennapjait.Várom államtitkár úr megtisztelő válaszát</seg>
<kinesic type="applause"><desc>Taps a kormánypártok soraiban.</desc></kinesic>
</u>
        <u xml:id="ParlaMint-HU_2015-03-30-interpellation-IC7_4051" who="#R.BenedekSallai" ana="#regular"><note>SALLAI R. BENEDEK (LMP):</note>
<seg xml:id="IC7_4051.1">Köszönöm szépen a szót, elnök úr. Egy kicsit félek a papírtól</seg>
<seg xml:id="IC7_4051.2">(Derültség.)</seg>
<seg xml:id="IC7_4051.3">Március elején Tállai államtitkár urat kérdeztem meg arról, hogy van-e termőföldadó Magyarországon. Nagy meglepetésemre ő azt válaszolta, hogy nem, nincs ilyen, mindössze a kormány egy kicsivel nagyobb szabadságot akar adni az önkormányzatoknak a bevétel biztosításához.A Földművelésügyi Minisztérium egy januári közleménye viszont arra emlékeztetett, hogy Fazekas Sándor földművelésügyi miniszter úr már többször jelezte: nem támogat semmi olyan intézkedést, ami a földművelést sújtja. Ezért arra kér minden önkormányzatot, amely kivetette a gazdákat sújtó földadót, hogy azt vonják vissza.Ezt nem értettem én, hogy Tállai államtitkár úr szerint nincs is földadó Magyarországon, miközben ezen elméletileg nem létező adónak a visszavonását kérte a földművelésügyi miniszter, és nem teljesen világos ez, hogy mi is ez, meg hogy is van ez. Ennek a tisztázására szerettem volna segítséget kérni.Miniszter úr, meg szeretném kérdezni, ön egy sikeres polgármester volt, egy sikeres várost vezetett: hogy látja, hogy az önkormányzatok finanszírozásának ez az utolsó lehetősége, hogy különböző adókat vethetnek ki, vagy ez a legjobb megoldás? Ez a kormány válasza az önkormányzatok finanszírozásának a hiányára, hogy ilyen lehetőségeket adnak? Egyetért ezzel az eszközzel?Nyilvánvalóan ezen ellentmondás miatt teljesnek tűnik a fejetlenség a kormány kommunikációjában a termőföld adójával kapcsolatban. Teljes a káosz a településeken is az adóztatási lehetőség megítélésében, hiszen eltérő jogalanyokat keresnek. Hogy lehet az, hogy a Fazekas miniszter úr által 2012-ben még veszélyesnek tartott adónemet a kormány minden további nélkül bevezet?Az a konkrét kérdésem az interpellációmban, hogy tulajdonképpen akkor melyik miniszter irányítja a magyar agráriumot. Ki hazudik itt a gazdálkodóknak, és ki az önkormányzatoknak? Ki irányítja ebben az országban a termőfölddel kapcsolatos szakpolitikát, ha a szakminiszter ellenállása dacára be lehet vezetni egy ilyen újabb sarcot? Várható-e a természeti erőforrásokra kivetett újabb adó, mint levegőadó, napadó, széladó vagy bármi más ehhez hasonló, aminek a lehetősége még nyitott lesz az önkormányzatoknak?Mi az ön véleménye, miniszter úr, hogy hazudik Tállai államtitkár úr, vagy fogalma nincs arról, hogy mi történik az önkormányzatoknál? Erre várnám a válaszát. Köszönöm szépen</seg>
<kinesic type="applause"><desc>Taps az LMP soraiban.</desc></kinesic>
</u>
        <u xml:id="ParlaMint-HU_2015-03-30-interpellation-IC7_4052" who="#R.BenedekSallai" ana="#regular"><note>SALLAI R. BENEDEK (LMP):</note>
<seg xml:id="IC7_4052.1">Köszönöm szépen a szót. Elnök Úr! Tisztelt Országgyűlés! A Quaestorról ma már sok szó esett itt napirend előtt, és nem szeretném megismételni az elhangzottakat, hanem inkább rá szeretnék mutatni arra, hogy milyen két kormányzati problémára és kormányzati modellre mutat rá ennek az egész esetnek az ügye.Az egyik a keleti nyitás néven ismert, a kormánypárti jóbaráti körök üzleti érdekeire lecsupaszított külpolitikára, a másik pedig az ellenőrizhetetlen, elszabadult hajóágyúként működő Nemzeti Bank ténykedésére koncentrál, hiszen erre nagyon jól rámutat az egész eset.A Quaestor-cégcsoport az elmúlt időszak minden bizonnyal egyik legnagyobb csalását követte el, illegálisan bocsáthatott ki 150 milliárd forintnyi kötvényt. Ezt két okból tehette meg. Az egyik a Quaestor tulajdonosainak összefonódása a kormányzat legfelsőbb köreivel. A jelenlegi Külgazdasági és Külügyminisztérium nemcsak állampapírokat vásárolt a cégen keresztül, vagy ott tartotta az Eximbank tőkeemeléséhez szükséges összeget, hanem közös üzleteket is hozott létre a kereskedőházak üzemeltetésére. Szijjártó Péter Tarsoly Csabával együtt nyitotta meg azt a moszkvai vízumközpontot is, amiről ma már tudjuk, hogy ott intézte Kiss Szilárd az orosz bűnözőknek a vízumot.A keleti nyitás politikája tehát a gyakorlatban azt jelentette, hogy Szijjártó Péter és az általa vezetett intézmények szarosa</seg>
<seg xml:id="IC7_4052.2">(Derültség.)</seg>
<seg xml:id="IC7_4052.3">, szorosan összefonódnak egyébként minden, kormánynál jól fekvő üzleti csoportta</seg>
<kinesic type="noise"><desc>Zaj, derültség, közbeszólások. &#8209; Az elnök csenget.</desc></kinesic>
<seg xml:id="IC7_4052.4">, így a magyar gazdasági és politikai érdekek helyett egyre inkább eme üzleti csoport érdekeit képviselte hivatalból.A Quaestor-botrány másik szál</seg>
<kinesic type="noise"><desc>Zaj, derültség, az elnök csenget.</desc></kinesic>
<seg xml:id="IC7_4052.5">a pénzügyi felügyelet kudarca.</seg>
</u>
        <u xml:id="ParlaMint-HU_2015-03-30-interpellation-IC7_4053" who="#BernadettSzél" ana="#regular"><note>DR. SZÉL BERNADETT (LMP):</note>
<seg xml:id="IC7_4053.1">Tisztelt Elnök Úr! Tisztelt Államtitkár Úr! Az Orbán-kormány sorozatban hozta létre azokat a szinte korlátlan hatalmú szuperhatóságokat, amelyeket elvileg önök azért hoztak létre, hogy a fogyasztók meg az állampolgárok érdekeit megvédjék, azért mostanában világosan kiderül, hogy nem erről van szó, itt igazából a Fidesz közeli üzleti körök érdekeit kell védelmezni. Látjuk ezt a Quaestor-ügyben, a Magyar Nemzeti Bank kapcsán hogyan viselkedtek, de hogyha eggyel továbblépünk, akkor láthatjuk, hogy a Magyar Energetikai és Közmű-szabályozási Hivatal is egy ilyen dologhoz asszisztál, ugyanis itt van a MEKH, amelyik gyakorlatilag nem tud magyarázatot adni arra immár másfél éve, hogy miért változatlan tavaly ősz óta a lakossági gázszolgáltatás díja, miközben a kőolaj és a gáz ára egyaránt a mélybe zuhant. Ez azért érdekes helyzet, mert itt van az Energetikai és Közmű-szabályozási Hivatal, amelynek példátlanul erős jogosítványai vannak, gyakorlatilag egy kilencedik minisztériumról beszélünk, és másfél éve nem képes megtudni a száz százalékban állami tulajdonú Magyar Földgázkereskedő Zrt.-től, hogy ez a gázimportőr tulajdonképpen mennyiért veszi a gázt a Gazpromtól. Itt meg is teremtették az alapját a struccpolitikának, hiszen itt arról van szó, hogy a hivatal széttárhatja a kezét, azt mondhatja, hogy ő nem ismeri az árat, innentől kezdve nem tudja levinni Magyarországon se annak a gáznak az árát, amit utána a magyar emberek részére továbbítanak. Tehát itt mi, magyar állampolgárok tovább fizetjük a drága gázárat, holott a nemzetközi piacokon nyilvánvalóan olcsóbban kapjuk meg már a gázt, mint korábban. Most nézzük meg, hogy miért nem működik ez a rendszer. Nem kell sokáig nézegetnünk, én már magának Orbán Viktornak is írtam azzal kapcsolatban, hogy jó lenne, ha az energia- és közműhivatal éléről vagy a dunaújvárosi Fidesz választókerületi elnöki székéből, valamelyikből eltávolítaná Dorkota Lajos urat. Nyilván abba kisebb beleszólásom van, hogy Dunaújvárosban mi történik a Fidesszel, de az biztos, hogy egy független intézmény élén nonszensz, hogy egy választókerületi elnök áll. Hogyha Dorkota Lajostól megkérdeznénk, hogy ő fideszesnek érzi-e magát vagy sem, akkor ugyancsak zavarban lenne, mert mint MEKH-elnök, úgy független intézmény élén áll, de gyakorlatilag ő egy választókerületet vezet Dunaújvárosban.(15.50)Tehát látjuk, hogy itt van Dorkota Lajos, és itt van az általa vezetett hivatal, amely gyakorlatilag az energiaipari területen tevékenykedő összes vállalkozásba belelát, látja az adatait, külföldi társhatóságokkal együtt tud működni, tehát teljesen egyértelműen kizárható, hogy ez az ember, illetve az általa vezetett hivatal nem tudja, hogy mennyiért veszi a Magyar Földgázkereskedő Zrt. a gázt. Viszont ha kiderülne az igazság, és meglátnánk, hogy mennyi az árkülönbözet, akkor jelentősen csökkenteni kellene a lakossági gázárat, és innentől kezdve, ha ez csökkenne, akkor nem tehetné zsebre az importár, illetve a belföldi ár különbözőségéből adódó százmilliárdokat az állam meg az a néhány kivételezett magáncég, amelyeket Orbán Viktor kormánya ezekhez a pofonegyszerű, de a magyar fogyasztókat megkárosító, tisztességtelen üzlethez közel enged. Úgyhogy kérdezem én tisztelt államtitkár urat, hogy meddig tűrik ezt a működést, meddig kell nézni ezt a kutyakomédiát, hogy az egyik elnök nem tudja, hogy a másik mennyiért vásárol, és ki a felelős ezért, mit gondolnak önök</seg>
<kinesic type="applause"><desc>Taps a LMP soraiból.</desc></kinesic>
</u>
        <u xml:id="ParlaMint-HU_2015-03-30-interpellation-IC7_4054" who="#RolandMengyi" ana="#regular"><note>DR. MENGYI ROLAND (Fidesz):</note>
<seg xml:id="IC7_4054.1">Köszönöm a szót, elnök úr. Tisztelt Államtitkár Úr! A kormány öt esztendővel ezelőtt indította el a Magyarországot talpra állító és gazdasági növekedést generáló programjait. Ennek megfelelően az ország gazdasági keringése helyreállt, majd következett a makroszintű fellendülés. Mára ott tartunk, hogy valamennyi rangos nemzetközi hitelminősítőnek kedvezőbb a megítélése hazánk gazdasági teljesítményével kapcsolatban; az OECD, az Európai Bizottság szintén pozitív jelzéseket adott Magyarország irányába, és egyetért a kormány gazdaságélénkítő erőfeszítéseivel. Az előző héten pedig újabb optimista elemzés került ki Magyarországról. Emlékezhetünk rá, hogy korábban a Moody&#8217;s és a Fitch &#8209; mérvadó minősítők &#8209; már nyilatkoztak az ország pénzügyi és gazdasági erősödését illetően, most pedig a Standard and Poor&#8217;s döntött a felminősítés mellett. Jelenleg mindhárom szervezetnél a stabil besorolásban van, azaz egy lépésre áll Magyarország a befektetésre ajánlott kategóriától. A felminősítés mellett jelentés is készült hazánkról, amelyben hasonló kedvező gazdasági teljesítményt jósolnak. A dokumentum alapján az ország sokkal stabilabbá vált a devizahitelek kivezetése, az államadósság csökkentése nyomán, valamint megjegyzi, hogy az ország sokkal védettebbé vált a külső hatásokkal szemben. A Standard and Poor&#8217;s pénteki elemzése az eddigi 2 százalékról 2,5 százalékra emelte a várható GDP-növekedést is. Várhatóan tovább javul az államadósság finanszírozhatósága, az Európai Újjáépítési és Fejlesztési Bankkal kötött megegyezések révén egyúttal az ország hitelképessége is erősödik. A jelentés tehát egyértelművé teszi, hogy az ország gazdaságának erősödése a helyes kormányzati intézkedések miatt következett be.Tisztelt Államtitkár Úr! Mindez megerősíti azt, hogy Magyarország jó úton halad, az ország pénzügyi stabilitása és az államadósság csökkentése következtében az Európai Unió és a nemzetközi szervezetek is bizakodók hazánk kilátásait illetően. Ezért kérdezem államtitkár urat: a felminősítés milyen hatással van Magyarországra</seg>
<kinesic type="applause"><desc>Taps a Fidesz soraiból. &#8209; Közbeszólások az ellenzéki padsorokból.</desc></kinesic>
</u>
        <u xml:id="ParlaMint-HU_2015-03-30-interpellation-IC7_4055" who="#ErikBánki" ana="#regular"><kinesic type="noise"><desc>BÁNKI ERIK (Fidesz): Köszönöm szépen a szót. Tisztelt Elnök Úr! Tisztelt Államtitkár Úr! A közelmúltban sokan és sokat elemezték a szocialista brókerbotrány 2.0-ás verzióját: a Buda-Cash csalássorozatát. Ezekben az elemzésekben és politikai nyilatkozatokban a botrány után közvetlenül a legrelevánsabb kérdés az volt, hogy vajon hol van a pénz. A kérdés továbbra is aktuális, bár költői, mert sejtjük, hogy a pénz az arcátlan brókerek sportautóiban és külföldi bankszámláin lehet. Ám pont ezért és pont ebben a pillanatban tovább kell lépnünk, és le kell rendeznünk azt a kérdést, hogy ki fizeti a számlát. Sajnos, ismerjük a felszámolási eljárás útvesztőit, amely több hónapig, akár évekig elhúzódhat. Ezalatt az érintetteknek pont elég idejük lesz arra, hogy eltüntessék a bizonyítékokat, és a lopott pénzt megfelelő helyre menekítsék. A károsultak pedig jobb esetben az elveszett befektetésük töredékét, rosszabb esetben semmit sem fognak megkapni. Az élet megy tovább, az ügyfelek előbb-utóbb elfelejtik, és megint a becsületes emberek fognak rosszul járni. Na éppen ez az, tisztelt képviselőtársaim, amit nem szabad megengednünk. Ennek okán a Fidesz-frakció részéről a &#8222;ki fizet?&#8221; kérdésre való választ egy percig sem hagyjuk megválaszolatlanul, ugyanis a véleményünk az, hogy minimum a Buda-Cash brókerei saját vagyonukkal kell hogy feleljenek a tetteikért. Semmi kétség nem férhet ahhoz, hogy a közelmúlt brókerbotrányai miatt zajló büntetőeljárásokban el kell kobozni a csalásokban részt vevők teljes magánvagyonát. Mint ahogy ezt már korábban jeleztük, a Fidesz be is nyújtotta azt a törvényjavaslatát, amely ma az ellenzék támogatásával is napirendre kerülhetett, és reményeink szerint holnap elfogadott törvénye lesz a tisztelt Háznak. A kártalanításnál nem maradhat el a személyes felelősségre vonás sem. A csaló brókercégek tulajdonosainak és vezetőinek a magánvagyonukkal is felelniük kell. Sűrű és szigorú ellenőrzésekre van szükség a brókercégek világában, és el kell végezni ugyanazt a munkát itt is, amit korábban a bankok világában vagy a takarékszövetkezeteknél a kormány már elvégzett. Azonban nemcsak az elszámoltatás, hanem a hasonló esetek jövőbeni megelőzése is nagyon fontos. Az álláspontunk az, hogy az uniósnál jóval szigorúbb szabályozásra van szükség, olyan nemzeti szabályokat kell alkotni, amelyek az ellenőrzésben kiszűrik például a kettős könyvelési rendszerek vezetésének a lehetőségét. Az auditrendszer is változtatásra szorul, a sokkal szigorúbb rendszerben működő könyvvizsgálóknak pedig úgy kell felkészülniük, hogy ellenőrizni tudják a trükkös cégeket. Érdemes áttekinteni a banki károsultakon segíteni hivatott Országos Betétbiztosítási Alap és a befektetéseket védő, de a nagyobb kockázat miatt kisebb és nem teljes kártalanítási összeggel dolgozó Befektetővédelmi Alap működését is. A fentiek alapján kérdezem a tisztelt államtitkár urat: ki fog fizetni, és milyen tanulságokat lehet levonni ebből a két tragikus eseményből? Köszönöm szépen a figyelmet</desc></kinesic>
<kinesic type="applause"><desc>Taps a kormánypártok soraiban.</desc></kinesic>
</u>
        <u xml:id="ParlaMint-HU_2015-03-30-interpellation-IC7_4056" who="#LászlóSzakács" ana="#regular"><note>DR. SZAKÁCS LÁSZLÓ (MSZP):</note>
<seg xml:id="IC7_4056.1">Köszönöm a szót, elnök úr. Tisztelt Képviselőtársaim! Tisztelt Államtitkár Úr! A létfontosságú rendszerek, létesítmények azonosításáról, kijelöléséről és védelméről szóló törvény mellékletének módosítása arra enged következtetni, hogy a gyógyszer-nagykereskedelemben nemcsak és kizárólag járványügyi esetekben, hanem szinte minden esetben egy új gyógyszerellátó állami monopolhelyzetbe hozását hozza létre. Ez sajnos az állam tekintetében, illetve ennek a kormánynak a tekintetében nem áll minden példa nélkül, hiszen korábban jól működő, jövedelmező és kiszámítható profittal rendelkező üzletágakat állami monopóliumba vontak: dohánykisker, -nagyker, az italmonopólium szabályai, illetve az állami közműszolgáltató a legújabb ebben a tekintetben. Az állam, illetve a kormány ezt a monopolhelyzetet arra használja, hogy a kormányhoz hű piaci szereplőket olyan helyzetbe hozza &#8209; akár koncesszióval, akár a jogszabályok módosításával &#8209;, amilyen helyzetbe maguktól nem lennének képesek kerülni. A gyógyszer-nagykereskedelem esetében azonban más a kérdés, hiszen itt létezik olyan intézmény, méghozzá az Egészségügyi Készletgazdálkodási Intézet, amely ellátja ezt a feladatot, még akkor is, ha az OTH középirányításával együtt látja ezt el.Ha mindezt figyelembe vesszük, akkor az egészségügyi háttérintézmények átalakításával és ezzel a kérdéssel együtt, ezzel a módosítással együtt joggal merül fel a kérdés, hogy kiszervezésre és monopolizálásra kerül-e a gyógyszer-nagykereskedelem Magyarországon, és ha igen, akkor milyen feltételekkel, mi lesz az EKI sorsa. Ezután is esetleg az OTH lesz az, amelyik a beszerzést és a terítést fogja majd végezni az elkövetkezendő időszakban? És végül: lesz-e gyógyszer-nagykereskedő? Köszönöm a figyelmet</seg>
<kinesic type="applause"><desc>Taps az MSZP padsoraiban.</desc></kinesic>
</u>
        <u xml:id="ParlaMint-HU_2015-03-30-interpellation-IC7_4057" who="#TamásAttilaHarangozó" ana="#regular"><note>DR. HARANGOZÓ TAMÁS ATTILA (MSZP):</note>
<seg xml:id="IC7_4057.1">Köszönöm a szót, elnök úr. Tisztelt Államtitkár Úr! Több írásbeli kérdésre kapott válasz alapján látjuk, hogy a kormányzat a várólisták csökkentése ügyében egy egyszeri 6 milliárd forintos alapot állított be, ebből 1 milliárdot tavaly decemberben, 5 milliárdot az idei évre. A kormányzati válaszok és a kormányzati propaganda is minden esetben ezekről szól.A várólisták a tavaly novemberi adatokhoz képest nem sokat változtak, még mindig hosszúak, a műtétre váró betegek száma majd&#8217; 45 ezer fő, mint egy nemrégiben írásbeli kérdésre adott válaszból az tudható. A legégetőbb és a leghosszabb sorban állást igénylő, például csípőprotézis-műtétre akkor 7326, térdprotézisműtétre 8794, szürkehályogműtétre 18 401 ember várakozott. Nyilván tudom, hogy az életmentő műtétek előbbre állnak a sorban, ami helyes. De be kell látni, hogy a felsorolt beavatkozásokra várók életminőségét, kilátásait nagyban korlátozó megbetegedések műtéti kezelése tervezhetetlenül, beláthatatlanul nagy időintervallumot vesznek igénybe, például a nagyizületi műtétek esetében prognosztizált 180-400 napról beszélünk. Nem beszélve egyes kirívó példákról, amelyek szűrővizsgálatok, diagnosztikai vizsgálatok gyors és adekvát elvégzésének szabnak gátat, sokszor sajnos a szakmai szabályok betartását vagy éppen a kezelés időbeli megkezdését is akadályozva. Hallunk ilyen eseteket CT-vizsgálatokról, onkológiai szövettani vizsgálatokról, és folytathatnánk a sort.Az ennek felgyorsítására beállított 6 milliárd forint aligha tűnik elegendőnek ahhoz, hogy rendszerszerű, kiszámítható megoldást kínáljanak mind a betegek, mind az egészségügyi ellátórendszer részére. Ez a 6 milliárd forint valójában egy szépség- vagy inkább sebtapasznak tűnik abban az egészségügyi rendszerben, amely havonta ennél több hiányt termel. A Kincstár kimutatása alapján az év első két hónapjában több mint 8 milliárd forinttal nőtt az egészségügyi rendszer egyébként is 100 milliárd forintot meghaladó adóssága. Mindeközben kihasználatlan kapacitások, leállított gépek és kiüresített ellátóhelyek várják a segítségre szorulókat, akiket az éppen aktuális utasítás alapján egy zsúfolt intézménybe küldenek sorba állni. 6 milliárd forint ezen a helyzeten nem sokat segít, de kormányzati pótcselekvésnek és a propaganda alátámasztásához sok. Kérdés persze az is, hogy az írásbeli válaszában kifejtett várakozási idők tarthatók-e &#8209; és persze, hogy meddig.Mindezekre tekintettel kérdezem államtitkár urat: készült-e felmérés, hogy a várólisták megszüntetéséhez valójában mekkora költségvetési összegre lenne szükség? Hogyan került megállapításra a beállított 6 milliárd forint? Készül-e, készült-e kiszámítható terv a kapacitások kihasználására és a várólisták valódi csökkentésére? Várom válaszát</seg>
<kinesic type="applause"><desc>Taps az MSZP soraiban.</desc></kinesic>
</u>
        <u xml:id="ParlaMint-HU_2015-03-30-interpellation-IC7_4058" who="#IstvánTukacs" ana="#regular"><note>TUKACS ISTVÁN (MSZP):</note>
<seg xml:id="IC7_4058.1">Elnök úr, köszönöm szépen a szót. Tisztelt Államtitkár Úr! Naponta &#8209; jól értik képviselőtársaim, naponta &#8209; három orvos hagyja el hazánkat, és máshol akar dolgozni. Ebben nem akadályozza meg őket az sem, hogy egy időben reményeket fűztek ahhoz, hogy az úgynevezett chipsadóból bért fejleszthetnek, és itthon tarthatják őket. Sem az orvosok nem maradtak itthon, sem mi nem lettünk egészségesebbek, jelzem, soványabbak sem, de ez egy mellékszál.Tisztelt Államtitkár Úr! Mindeközben az orvosokat, legalábbis a nyugdíjba menőket vagy nyugdíjhoz közeledőket azzal vegzálták, hogy nekik kötelező nyugdíjba menni, majd amikor rájöttek arra, hogy ez az ellátást veszélyezteti, akkor valami teljesen elképesztő ösztöndíjas ötlettel hátráltak le erről a dologról. Államtitkár úr, gondolom, abban egyetértünk, hogy a hálapénz, az az intézményesített korrupció. Az arról szól, hogy engedélyezhető és engedélyhez is kötött, ugyanakkor a beteg azt hiszi, hogy jobb szolgáltatást kap érte, vagy néha jobbat is kap. Ez az intézményesített korrupció önmagában is hungarikum, hiszen sehol nincs olyan, hogy azt engedélyezik, hogy valaki kerülő úton jusson hozzá szolgáltatáshoz. Ezért tehát az egyik legfontosabb dolog lenne az egészségügyben, hogy a hálapénzt felszámoljuk. Ebben persze különféle ötletek születnek, és a tárcát vezető államtitkára legutóbb azt mondta, hogy megvan a megváltó ötlet: meg kell emelni némileg a fizetéseket, ez jelentős béremelést egyébként nem hozna, és mindemellett röghöz kell kötni őket, magyarul, itthon maradásra kényszeríteni és késztetni.Tisztelt Államtitkár Úr! Nézetem szerint ez nem fog menni, ugyanis nemcsak a bérfejlesztés ígérete nem tartja itthon őket, hanem a munkakörülmények folyamatos, de állandó rosszabbodása sem. Ezért tehát muszáj megkérdeznem a következőket. Tisztelt Államtitkár Úr! Egy: mi lesz a valóságos eszköze a hálapénz felszámolásának? Kettő: mit gondolnak önök arról, hogy vajon sikerült-e megakadályozni az egészségügyi dolgozók, az orvosok és a szakdolgozók elvándorlását? Mi lenne a valóságos eszköz, hogy ne hagyjanak itt bennünket, és ne tegyék tönkre végképp az egészségügy működését azzal, hogy eltávoznak, mert nem tudnak maradni? Államtitkár úr, mit gondolnak egy betegelvű és egyébként természetesen az egészségügy működését segítő valóságos biztosítóról? És végül szeretném kérdezni, hogy mikor hagynak fel az ötleteléssel, az állandó ötletek bedobásával, ahelyett, hogy megbeszélnék ezt az érintettekkel, a betegekkel és a szakmával. Elnök úr, köszönöm a szót</seg>
<kinesic type="applause"><desc>Taps az MSZP soraiból.</desc></kinesic>
<seg xml:id="IC7_4058.2">(16.00)</seg>
</u>
        <u xml:id="ParlaMint-HU_2015-03-30-interpellation-IC7_4059" who="#IstvánTukacs" ana="#regular"><note>DR. SZAKÁCS LÁSZLÓ (MSZP):K</note>
<seg xml:id="IC7_4059.1">öszönöm a szót, elnök úr. Tisztelt Államtitkár Úr! Tisztelt Ház! Tisztelt Képviselőtársaim! Nyílt gondolkodás folyik arról, hogy az egészségügyi háttérintézmények átszervezésre kerülnek, a háttérintézményekben összevonásokról, hatáskörök módosításáról, kiválásokról, új intézmények létrehozásáról folynak az egyeztetések. Kérdés, hogy az ilyen átszervezések hatékonyabbá teszik-e a rendszert, vagy csak a fűnyíróelven történő ésszerűsítésnek nevezett forráskivonásról, leépítésről, megszorításokról és létszámleépítésről van-e szó. Látjuk, hogy az egészségügyben a jelenlegi sodródás nagyon-nagyon nehezen halad a megoldás felé. Szépségtapaszokkal, pótcselekvéseknek tűnő intézkedésekkel, átcsoportosításokkal próbálnak valamilyen formában intézkedni, de ez csak sodródás. Véget nem érő és megkérdőjelezhető kimenetelű, hatékonyságú egyeztetések sora tartja bizonytalanságban az ellátásra szoruló betegeket és természetesen a szféra dolgozóit is; nem készülnek olyan felmérések, amelyek megmutatják, hogy az igények, a képességek és a kapacitások hol találkoznak, és ennek mekkora finanszírozási igénye van.Emellett arról folynak az egyeztetések, hogy az egészségügyet irányító, igazgató, ellátó intézményeket összevonják, szétválasztják, áttelepítik, vagy teljes egészében, vagy csak a hatásköreiket; ez mind-mind, minden jó szándék mellett is továbbnöveli a bizonytalanságot. Az egymás mellett futó egyeztetésekben, átalakításokban minden egyes igazodási pont mozog. Abban a rendszerben mozog, államtitkár úr, amely jelenleg havonta 5 és 10 milliárd forint környéki veszteséget halmoz fel. Csak tavaly 102,3 milliárdot.Nem lehet tudni, hogy a háttérintézményekben az átalakítások járnak-e leépítéssel, azoknak milyen költségvetési hatásai lesznek, akár az intézményekben, akár a költségvetésben, és aki ma ott dolgozik, az esetleg holnap, holnapután is ott dolgozik-e. Túl sok a változás, és ez sajnos nagyon sokszor megbosszulja magát. Ezért kérdezem az államtitkár urat, milyen átalakítások lesznek az egészségügyi háttérintézményekben, milyen hatással lesz ez a hatékonyságra, lesznek-e elbocsátások, és ha igen, hány embert érint ez. Köszönöm a megtisztelő figyelmet</seg>
<kinesic type="applause"><desc>Taps az MSZP padsoraiból.</desc></kinesic>
</u>
        <u xml:id="ParlaMint-HU_2015-03-30-interpellation-IC7_4060" who="#LajosKorózs" ana="#regular"><note>KORÓZS LAJOS (MSZP):</note>
<seg xml:id="IC7_4060.1">Köszönöm szépen a szót. Tisztelt Ház! Bizonyára ismeretes mindenki előtt, hogy képviselőtársunk sajnálatos halála miatt április 12-én időközi választásra kerül sor Veszprém megyében a tapolcai térségben. A kampány során az is természetes, hogy a különböző politikai pártok jelöltet állítanak, és a jelöltek természetesen ígérvényeket tesznek a választópolgárok felé. De az mégsem világos számunkra, hogy amikor a kampány során az egészségügyet irányító államtitkár látogatást tett a térségben, ahelyett, hogy az egyeztető fórumok kimeneteléről beszélt volna, vagy hogy milyen átalakításokat terveznek az egészségügyben, hány elbocsátásra kerül sor, és arra való hivatkozással, hogy a párhuzamosságokat fel akarják számolni, hány szervezeti egységet számolnak fel és zárnak be, a következőket mondta Zombor Gábor: &#8222;Nyárra elkészül a 2,3 milliárd forint értékű beruházás, és megépül a kórház területén a mentőállomás is. Meg kell erősíteni a sürgősségi ellátást, és bővíteni szükséges az aktív kórházi ágyak számát is. Az egészségügyi pénztár finanszírozni fogja, hogy a jövőben minden hétköznap lehessen a tapolcai kórházban egynapos sebészeti ellátást nyújtani, ehhez megfelelő műtő és egy tíz aktív ággyal rendelkező sebészeti osztály szolgáltatja majd a hátteret.&#8221; Azt is hozzátette államtitkár úr: &#8222;Természetesen az is fontos, hogy a térségben élők is biztonságban érezzék magukat, ezért kell a központi ügyelet, és az egynapos sebészet, s a belgyógyászati sürgősségi ellátás is folyamatosan fejlesztésre kerül.&#8221; Ez úgy egyébként rendben lenne, feltéve, ha nem arról lenne szó, hogy egy már elindított beruházást, amit már régen át kellett volna adni, úgy adnak el, mintha egy jövőbeni beruházás lenne. Hiszen itt arról van szó, kedves barátaim, hogy már hónapokkal ezelőtt meg kellett volna valósulnia ennek a beruházásnak. A kérdés adódik: ez a bejelentés megszületett volna akkor is, ha nem lenne időközi választás? Vagy az itt élő embereknek, az egészségügyben dolgozó tapolcai és Tapolca környéki embereknek ugyanazzal a bizonytalansággal kéne szembenézni, mint az ország más településein? Mindezekre tekintettel kérdezem államtitkár úrtól: lesznek-e ott is nagyarányú fejlesztések, ahol az ellátás ugyan megkívánná, de éppen nincsenek időközi választások, és akkor is lesz fejlesztés, ha a Fidesz-KDNP el fogja veszíteni ezt a választást? Köszönöm szépen</seg>
<kinesic type="applause"><desc>Taps az MSZP soraiban.</desc></kinesic>
</u>
        <u xml:id="ParlaMint-HU_2015-03-30-interpellation-IC7_4064" who="#IstvánApáti" ana="#regular"><note>APÁTI ISTVÁN (Jobbik):</note>
<seg xml:id="IC7_4064.1">Köszönöm a szót, elnök úr. Tisztelt Ház! Tisztelt Államtitkár Úr! A rendszerváltozásnak hívott jelenség után a halálbüntetés hatályán kívül helyezését követően az életfogytiglan vált a jogrendszer legsúlyosabb büntetésévé. Ez a jogintézmény sokat változott az elmúlt negyedszázadban is, különös tekintettel a legkorábbi feltételes szabadságra bocsátás időpontját illetően. Ennek megfelelően a jogerősen életfogytig tartó szabadságvesztésre ítélt bűnözők a Btk. változásának függvényében legkorábban 20-25-30 év múlva szabadulhatnak, esetleg 30 évnél hosszabb időt kell minimálisan eltölteniük a rácsok mögött.Más a helyzet azok esetében, akiket korábban ténylegesen életfogytig tartó szabadságvesztésre ítéltek: az ő esetükben a jogerős ítélet kizárta a feltételes szabadságra bocsátás lehetőségét, de brüsszelita nyomásra, strasbourgi nyomásra végül is kötelező kegyelmi eljárást rendelnek el: 40 év után, legkorábban 40 év után felül kell vizsgálni ezeket az eseteket is, tehát még az életfogytiglanon belül is a legveszedelmesebb bűnözők számára is megnyílik a szabadlábra helyezés lehetősége</seg>
<seg xml:id="IC7_4064.2">(15.40)Ráadásul tudjuk azt, hogy bár tucatnyi bűncselekmény esetében vagy több tucatnyi bűncselekmény esetében kiszabható ez a büntetés, a gyakorlatban kivétel nélkül az emberölés minősített eseteinek elkövetőit ítélik erre a büntetésre, tehát kivétel nélkül kegyetlen gyilkosokról van szó. Éppen ezért nemcsak büntetőjogi vagy politikai, hanem súlyos erkölcsi és társadalmi kérdések is felmerülnek. Ugyanis hová jut a magyar társadalom, hogyan érezhetik biztonságban magukat a magyar állampolgárok, a magyar emberek úgy, hogy a legrettenetesebb, a legszörnyűbb gyilkosságok elkövetői is akár már legkorábban 20 év elteltével élvezhetik a szabad élet minden előnyét? Emlékeztetnék itt az 1990-es évek elején elkövetett Bene-Donászi tettestársak általi több gyilkosságra és emberölési kísérletre, itt például már konkrétan eltelt a legkorábbi szabadlábra helyezéshez szükséges 20 esztendő. Ráadásul nem látunk pontosan, nem látunk tisztán ebben a kérdéskörben, éppen ezért kérdezem nagy tisztelettel államtitkár úrtól, hogy hány személyt ítéltek 1990 óta jogerősen életfogytig tartó szabadságvesztésre. Hány személy esetében telt már el a legkorábbi, a legminimálisabb idő, ami a szabadlábra helyezésükhöz szükséges, esetleg hányan szabadultak már ebből a büntetésből, illetőleg a közeljövőben hány személy szabadulása, szabadítása várható? Ugyanis amíg Strasbourg azon aggódik, hogy hány négyzetméter jut egy elkövetőre, addig minket az áldozatok emléke, a hozzátartozók méltósága foglalkoztat, és legfőképpen tartunk újabb súlyos bűncselekmények, súlyos gyilkosságok elkövetésétől. A fő kérdés tehát az, hogy mikor kívánják megoldani ezt a problémát, mikor kívánják betömni, befoltozni ezt a rést a pajzson, és meddig kell még a kegyetlen gyilkosoktól tartanunk egyrészt a törvényhozás, másrészt a jogalkalmazás folyamatos hibái miatt. Várom érdemi válaszát</seg>
<kinesic type="applause"><desc>Taps a Jobbik soraiban.</desc></kinesic>
</u>
        <u xml:id="ParlaMint-HU_2015-03-30-interpellation-IC7_4065" who="#IstvánSzávay" ana="#regular"><note>SZÁVAY ISTVÁN (Jobbik):</note>
<seg xml:id="IC7_4065.1">Köszönöm szépen a szót, elnök úr. Tisztelt Ház! Tisztelt Államtitkár Úr! A szebb napokat soha nem látott Hegedűs Zsuzsa miniszterelnöki főtanácsadó nevével fémjelzett Minden Gyerek Lakjon Jól Alapítvány egyszerre szimbóluma a kormány becsődőlt szociális, cigány- és civilpolitikájának.Mint az köztudott, az alapítvány az általa kiosztott jószágokat, csibéket és kiskacsákat Franciaországból és Baszkföldről importálja, ahelyett, hogy magyar gazdákat segítettek volna a felvásárlással. Az eset felveti nemcsak a teljes inkompetencia, hanem a támogatási pénzek lenyúlásának gyanúját is. Ezt csak erősíti, hogy a 2009 óta működő alapítvány egészen 2014. július 8-ig nem volt hajlandó nyilatkozni a tevékenységéről, de az akkor összetákolt pénzügyi beszámolója is hemzseg az ellentmondásoktól, miközben továbbra sem akarja felfedni a konkrét beszállítóit.(Az elnöki széket Lezsák Sándor, az Országgyűlés alelnöke foglalja el.)</seg>
<seg xml:id="IC7_4065.2">Míg tehát bizonyos civil szervezeteket állandó bürokratikus nyomás alatt tart a kormány, addig Hegedűs Zsuzsa, Orbán Viktor személyes tanácsadója akár éveket is késhetett a beszámolójával, miközben lejárathatott egy olyan ügyet, a gyermekétkeztetés ügyét, amelyre számos jó szándékú ember szívesen áldoz, szívesen adakozik. Magyar Zoltán jobbikos képviselőtársam 2014 decemberében tett feljelentést csalás gyanúja miatt, amelyet azonban a beszámolási kötelezettség durva megsértése ellenére, bűncselekmény hiányára hivatkozva elutasítottak. 2015 januárjában egy másik furcsaság miatt én magam fordultam Seszták miniszter úrhoz. Kiderült ugyanis, hogy bár 2010 és &#8217;12 között csak mérsékelten támogatták bizonyos részben vagy egészében állami tulajdonú vállalatok Hegedűs alapítványát, addig a választások előtt, 2013-ban és &#8217;14-ben hirtelen megtáltosodtak. A Magyar Nemzeti Vagyonkezelő portfóliójába tartozó cégek, a MÁV zrt.-k, a régiós Volán zrt.-k is hirtelen tízmilliókkal kezdték támogatni a meghekkelt honlapján egyébként hosszú ideig potencianövelőket reklámozó alapítványt.Válaszában a miniszter úr akkor a vállalatok dolgozóinak önkéntes felajánlásairól beszélt. Ilyen ócska szöveget a szocializmusban hallottunk utoljára. Az Alfahír portál utánajárt ennek az állításnak, és egy néhány héttel ezelőtt megjelent vezércikkében leírta azt, ami fokozhatta a gyanút, miszerint ezek a felajánlások valójában vezetői elvárások, adott esetben nyomatékos utasítások voltak a sokszor minimálbérért dolgozók kafetériájának terhére. Egy járási szakigazgatási szervnél például sokat sejtetően csak annyit mondtak a dolgozóknak: jobban teszik, ha adakoznak. Mindannyian pontosan tudjuk, hogy egy ilyen mondat ma mit jelent Magyarországon. Fentiek alapján kérdezem tehát az államtitkár urat, van-e tudomása a kormánynak arról, hogy bizonyos állami vállalatok nyomást gyakoroltak a dolgozóikra annak érdekében, hogy támogassák Hegedűs Zsuzsa törvénysértően működő és a gyermekétkeztetés ügyét lejárató alapítványát. Tervezi-e a kormány továbbá, Kovács Zoltán kormányszóvivő ú</seg>
<kinesic type="signal"><desc>Az elnök a csengő megkocogtatásával jelzi az időkeret leteltét.</desc></kinesic>
<seg xml:id="IC7_4065.3">korábbi ígéretét betartva, hogy alaposan kivizsgálja a Minden Gyerek Lakjon Jól Alapítvány működését? Köszönöm</seg>
<kinesic type="applause"><desc>Taps a Jobbik padsoraiból.</desc></kinesic>
</u>
        <u xml:id="ParlaMint-HU_2015-03-30-urgent_question-AC7_3867" who="#GáborIstvánHarangozó" ana="#regular"><note>HARANGOZÓ GÁBOR ISTVÁN (MSZP):</note>
<seg xml:id="AC7_3867.1">Köszönöm, elnök úr. Miniszterelnök Úr! Úgy látszik, annyi értelme van az igazságot keresni a hortobágyi legelőpályázatok ügyében, mint a tizedik lyukat azon a híres hortobágyi hídon. Nem tudom ugyanis eldönteni, hogy ön eleve azért rendelte-e el a Kehi-vizsgálatot, hogy elfedjék vele a hortobágyi Fidesz-mutyit, ahogy a többi esetben is próbálták elfedni a szégyenteljes csalásokat, vagy a belső válságoktól és a konfliktusoktól meggyengült Fideszben ön már nem tud rendet tartani, és a beosztottjai üzletelnek a háta mögött. Mert szégyenteljes mutyi kétségtelenül van.</seg>
<seg xml:id="AC7_3867.2">Nyilván nem azt akarja velünk elhitetni senki, hogy a Budapestről a miniszteri biztos által a Bükki Nemzeti Parkra közbeszerzési csalással ráerőltetett ügyvéd viccből hamisította meg a pályázati bírálatot, úgy, hogy az eredeti nyertesek helyett Tállai államtitkár kliensei nyerjenek. Nyilván az is félreértés, hogy a Hortobágyi Nemzeti Park esetében, miután 762 nyertes pályázatból 428-at vizsgált a Kehi és ebből 92 esetben javasolta a szerződések felbontását, ön azt mondja, hogy 14 pályázatot bontanak fel.</seg>
<seg xml:id="AC7_3867.3">Miniszterelnök úr, miután azt mondta, hogy átláthatatlan volt a földpályázati rendszer, mi Gőgös képviselőtársammal elmentünk megnézni azokat a hortobágyi legelőket, amiket nem vizsgált meg a Kehi. Megmutatom, mit láttunk</seg>
<seg xml:id="AC7_3867.4">(Képeket mutat fel.)</seg>
<seg xml:id="AC7_3867.5">Ez a kép egy nyertes pályázó állatait ábrázolja. Segítek annak, aki nem látná: nincs rajta egy darab állat sem</seg>
<seg xml:id="AC7_3867.6">(Szilágyi György: De van! - Derültség.)</seg>
<seg xml:id="AC7_3867.7">Ezen több száz juh látható, amelyek tulajdonosa egy hektár földet sem kapott. Ezen a képen elhullott állatok láthatók egy nyertes pályázó földjén, csak úgy kidobva a földre, és látható, hogy nem ők az egyetlenek, hanem hegyekben állnak ilyen állatok. Ez pedig egy olyan nyertesnek a bejelentett lakcíme, amivel ő elnyerte a területet, csak éppen másfél éve nem lakik itt senki</seg>
<kinesic type="signal"><desc>Az elnök a csengő megkocogtatásával jelzi az időkeret leteltét.</desc></kinesic>
<seg xml:id="AC7_3867.8">Miniszterelnök Úr! Ezután félve kérdezem, van-e értelme, hogy a hortobágyi gazdák igazát önnél keressem. Várom válaszát</seg>
<kinesic type="applause"><desc>Taps az MSZP soraiban.</desc></kinesic>
</u>
        <u xml:id="ParlaMint-HU_2015-03-30-urgent_question-AC7_3993" who="#AndrásSchiffer" ana="#regular"><note>DR. SCHIFFER ANDRÁS (LMP):</note>
<seg xml:id="AC7_3993.1">Köszönöm a szót, elnök úr. Tisztelt Miniszterelnök Úr! Nemrégiben Lázár János kancelláriaminiszter ugyan azt tanácsolta, hogy Simicska Lajosról inkább Puch Lászlót kérdezzük meg, de az a helyzet, hogy Puch László nincs itt, másrészt nem ő volt a miniszterelnök 2010 és 2014 között, úgyhogy kénytelen vagyok önnek föltenni a kérdéseimet.</seg>
<seg xml:id="AC7_3993.2">Elöljáróban szeretném azt elmondani, hogy egyáltalán nem kívánok gúnyolódni a történet személyes részén. Mélyen megértem azt, hogy önt elég mélyen érinti, ha korábbi szövetségese, barátja nyilvánosan úgymond méltatlan vádakkal illeti. Viszont a történetnek van egy nem személyes része. Én ezzel szeretnék foglalkozni. Az a helyzet, hogy annak idején, három évvel ezelőtt az LMP frakciójából elhangzott önhöz egy azonnali kérdés, hogy vannak-e oligarchák a nemzeti együttműködés rendszerében. Ön akkor is, mint az előbb, a kérdést is visszautasította, adott egy definíciót arra, hogy ön szerint kik az oligarchák. Oligarchák azok - most röviden összefoglalva lesz, nem szó szerint, elnézést -, akiknek nemcsak sok pénzük van, de politikai befolyást is gyakorolnak. És ezenkívül pedig ön oligarchák helyett inkább a nemzeti nagytőkés kifejezést részesíti előnyben.</seg>
<seg xml:id="AC7_3993.3">Sőt, akkor, amikor mi a Közgép pofátlan nyerészkedését támadtuk az elmúlt években, akkor is, amikor ezt kötelékben a labancokkal tették, tehát a Swietelskyvel meg a Strabaggal, akkor is azt mondta, hogy mi itt a nemzeti nagytőkét támadjuk. Na most, az a helyzet, hogy az elmúlt hetek viharaiban Kövér László is, Lázár János is tett utalást arra, hogy korábbi primátusát veszítette el, meg a korábbi hasznot veszítette el Simicska Lajos, és ezért veszítette el a türelmét. Miről beszélünk?</seg>
<seg xml:id="AC7_3993.4">2013-ban az építőipari közbeszerzések 26 százaléka volt az övé, a Közgép-csoporté, 2014-ben már csak a 15-17 százaléka. A sajtó szerint 2011-2012-ben a kormányzati pozíciókban 25 olyan ember volt, aki a Simicska-Nyerges-tengelyhez kötődött, ezek közül az emberek közül már csak hárman vannak pozícióban. Azt a kérdést szeretném feltenni, hogy valójában ki kormányzott 2010 és 2014 között ön szerint. Köszönöm szépen</seg>
<kinesic type="applause"><desc>Szórványos taps az LMP soraiban.</desc></kinesic>
</u>
        <u xml:id="ParlaMint-HU_2015-03-30-urgent_question-AC7_3998" who="#ÁdámMirkóczki" ana="#regular"><note>MIRKÓCZKI ÁDÁM (Jobbik):</note>
<seg xml:id="AC7_3998.1">Köszönöm a szót, elnök úr. Tisztelt Miniszterelnök Úr! Tekintettel arra, hogy két héttel ezelőtt nem sikerült megnyugtató és egzakt választ adnia az ügynökváddal kapcsolatban föltett kérdéseimre, én ezt most újra megpróbálom, ezúttal sokkal rövidebben és sokkal tömörebben fogalmazva. Szeretném elöljáróban hangsúlyozni, hogy Magyarország döntő többsége nagy általánosságban úgy gondolja, hogy az ilyen súlyú ügyeket előbb érdemben cáfolni kell és aztán visszautasítani.</seg>
<seg xml:id="AC7_3998.2">Szeretném tehát röviden és ismételten föltenni a kérdést: nem a sorkatonaság előtt, nem a sorkatonaság után, hanem konkrétan ön, tisztelt miniszterelnök úr, a sorkatonaságban eltöltött ideje alatt együttműködött-e bármilyen szinten a III/IV-es csoportfőnökséggel. Készített-e akár előre egyeztetve, akár nem, bármely katonatársáról jelentést? Igen vagy nem? Köszönöm szépen</seg>
<kinesic type="applause"><desc>Szórványos taps a Jobbik soraiban.</desc></kinesic>
</u>
        <u xml:id="ParlaMint-HU_2015-03-30-urgent_question-AC7_4115" who="#LorántnéHegedűs" ana="#regular"><note>HEGEDŰS LORÁNTNÉ (Jobbik):</note>
<seg xml:id="AC7_4115.1">Köszönöm szépen a szót. Tisztelt Miniszterelnök Úr! Az elmúlt hetek-hónapok brókerbotrányai által okozott károk nyilván ön előtt is jól ismertek. Túl az erkölcsi káron, amely következményeképpen okkal és joggal ingott meg az egész magyar társadalom bizalma a pénzügyi szektorban, illetve az azt felügyelő állami intézményekben, sőt magában a kormányzatban is, mindennapos megélhetési gondokat is okozott a bankcsőd a keményen dolgozó kisemberek ezrei számára. De legalább ennyire sújtotta a települések életét is, amelyek vagy az érintett bankokban vezették a számláikat, vagy a fejlesztésre szánt pénzeszközeiket kötötték le a brókercégeken keresztül. Számukra gondot jelent a szociális, kulturális, közművelődési intézményeik működtetése éppúgy, mint a gyermekétkeztetés finanszírozása, amelyhez a kormányzat által adott könyöradomány vajmi csekély vigaszt jelent.</seg>
<seg xml:id="AC7_4115.2">Ezen önkormányzatok - és erre jó pár példa van - hiába keresik meg az illetékes minisztert, államtitkárt, az MNB elnökét vagy akár a kirendelt felügyeleti biztosokat kéréseikkel, kérdéseikkel, még csak válaszra sem méltatják őket. Ezért most itt, a parlament nyilvánossága előtt kérdezem: mit kíván tenni a kormányzat?</seg>
<seg xml:id="AC7_4115.3">Tudjuk, ön rendelte el, hogy azon minisztériumok, amelyek pénzeszközeiket a brókercégeknél tartják, vonják ki azokat, mert félni lehetett a Buda-Cash-ügy után egy esetleges dominóhatástól. Ezzel az utasításával, ha nem is dominóhatást, de cunamihatást biztosan kiváltott.</seg>
<seg xml:id="AC7_4115.4">Most állampolgárok évtizedes megtakarításai veszhettek el, lehet, mindörökre. Kérdezem, mikor kívánja elrendelni azt is, hogy a károsultakat, legyen az önkormányzat vagy magánszemély, teljes mértékben kártalanítsák. Mikor kívánja elrendelni azt is, hogy a nyomozati szervek tárják fel, a keményen csaló gazemberek vagyona hova, mely offshore-cégekbe, -paradicsomokba vándoroltak</seg>
<kinesic type="signal"><desc>Az elnök a csengő megkocogtatásával jelzi az idő leteltét.</desc></kinesic>
<kinesic type="signal"><desc>Vagy a károsultak majd Orgován Béla cégbirodalom-tulajdonos… (Az elnök ismét csenget.</desc></kinesic>
<seg xml:id="AC7_4115.5">…tehát a kor…, károsultak fel</seg>
<kinesic type="noise"><desc>Moraj és közbeszólások a kormánypárti padsorokból.</desc></kinesic>
<seg xml:id="AC7_4115.6">majd Orgován Béla cégbirodalom-tulajdonos fog helytállni?</seg>
<seg xml:id="AC7_4115.7">Kérem érdemi válaszát. Köszönöm</seg>
<kinesic type="applause"><desc>Taps a Jobbik soraiból.</desc></kinesic>
</u>
        <u xml:id="ParlaMint-HU_2015-03-30-urgent_question-AC7_4119" who="#IstvánIkotity" ana="#regular"><note>IKOTITY ISTVÁN (LMP):</note>
<seg xml:id="AC7_4119.1">Köszönöm, elnök úr. Tisztelt Ház! Tisztelt Államtitkár Úr! Nemrég tizenkét pontba szedve fogalmazta meg követeléseit az Egészségügyi Szakdolgozói Kamara, amely többek között tartalmazta az életpályamodellt, az alapbéremelést, a közösségi közlekedés támogatását, a kafetéria-rendszer bevezetését, az élet- és munkakörülmények javítását és a dátumot is, hiszen nem a távoli jövőben szeretnék a munkájukkal arányos bért, és azt, hogy ne menjen rá saját egészségük és családjuk a hivatásukra.</seg>
<seg xml:id="AC7_4119.2">A Szakdolgozói Kamara nagygyűlésén az államtitkár úr ígéretet tett arra - ahogyan ilyenkor egyébként szokás, és ahogyan ilyen esetekben nem túl sok minden szokott ezekből megvalósulni -, hogy ez ügyben tesz lépéseket. A mai napig azonban nincs életpályamodell, nem történt meg a bérrendezés, és a munkakörülmények is folyamatosan romlanak. Nem meglepő, ha ilyen körülmények között a jövőjüket nem igazán tervezik ezek a szakemberek Magyarországon.</seg>
<seg xml:id="AC7_4119.3">(17.10)</seg>
<seg xml:id="AC7_4119.4">Pusztán az ígérgetés nem fogja megállítani az elvándorlást, így pedig nem csökken a létszámhiány, az a létszámhiány, ami most már fizikailag is lehetetlen feladatok elé állítja a szakdolgozókat. Csak hogy egy példát említsek, mint amikor egyetlen ápoló kénytelen egyedül ellátni 40 bent fekvő beteget, de hosszú az ehhez hasonló esetek felsorolása. Ha pedig hozzávesszük az eszközhiány súlyosságát is, ami szintén folyamatosan növekszik - ezért fordulhat elő például, hogy bevásárlókocsiba fektetik a gyerekeket, vagy a fúrót a barkácsboltból, a gumicsövet pedig a mezőgazdasági boltból kell beszerezniük -, akkor az ellátás színvonala nem fog emelkedni, ez pedig már minden embert érint, aki egészségügyi ellátásra szorul.</seg>
<seg xml:id="AC7_4119.5">Kérdésem az államtitkár úrhoz: hol tartanak a kamara 12 pontjának és az ígéreteik megvalósításában</seg>
<kinesic type="signal"><desc>Az elnök a csengő megkocogtatásával jelzi az időkeret leteltét.</desc></kinesic>
<seg xml:id="AC7_4119.6">Tesznek-e olyan lépéseket, amelyek ténylegesen csökkentik ezeket a problémákat? Köszönöm</seg>
<kinesic type="applause"><desc>Dr. Schiffer András tapsol.</desc></kinesic>
</u>
        <u xml:id="ParlaMint-HU_2015-03-30-urgent_question-AC7_4123" who="#IldikóBene" ana="#regular"><kinesic type="noise"><desc>DR. BENE ILDIKÓ (Fidesz): Tisztelt Ház! Tisztelt Államtitkár Úr! Nagyon komoly eredménynek tartom, hogy jelenleg sorra újulnak meg kórházaink, a rendszerváltás óta a legnagyobb fejlesztést indítottuk el az ágazatban. Szinte minden megyében a kórházakban mind az infrastruktúra, mind a sürgősségi ellátás fejlesztése, mind a struktúraváltást elősegítő programoknak a fejlesztése zajlik. A továbbiakban is azon kell dolgoznunk, hogy az egészségügy a betegeknek még jobb ellátást, az egészségügyi dolgozóknak pedig biztos megélhetést tudjon biztosítani.</desc></kinesic>
<seg xml:id="AC7_4123.1">Az egészségügy vonatkozásában számos pozitív intézkedés bevezetéséről szólhatunk az utóbbi időben, ezek közül kiemelendőnek tartom, hogy nem lehet majd állami kórházban magán-egészségügyi szolgáltatást nyújtani. A kormány döntése értelmében teljesen el kell különíteni az állami és magánszolgáltatói tevékenységet az egészségügyben, és a magánszolgáltatók által nyújtott ellátásnak továbbra is helye van az egészségügyi rendszerben, aki ilyet szeretne igénybe venni, az megteheti a jövőben is.</seg>
<seg xml:id="AC7_4123.2">Ugyanakkor tudjuk, hogy a magyar egészségügy fejlődésének egyik alapvető kulcseleme az egészségügyi intézmények, a kórházak fokozatos korszerűsítése mind az infrastruktúra, mind pedig az eszközállomány tekintetében. Ezért az elmúlt években a kormány számos olyan projektet indított, mely lehetővé tette, hogy az egészségügyi ellátásban fontos szerepet betöltő intézmények megújulhassanak.</seg>
<seg xml:id="AC7_4123.3">Jelenleg rengeteg fejlesztés zajlik a magyar egészségügyben, összesen közel 500 milliárd forint értékben, és ennek fontos része a tapolcai kórházat érintő fejlesztés is. Ennek következtében Tapolcán elkészül egy 2,3 milliárd forint értékű beruházás, és megépül a kórház területén a mentőállomás is. Célként került megfogalmazásra, hogy meg kell erősíteni a sürgősségi ellátást, és információink szerint bővíteni fogják az aktív kórházi ágyak számát is, tehát elmondható, hogy országosan is példaértékű lesz a kórház korszerűsítése.</seg>
<seg xml:id="AC7_4123.4">Kérdezem államtitkár urat, milyen fejlesztések várhatóak az intézményben, hol tartanak ezek a fejlesztések, és mikor nyitja meg kapuit a megújult tapolcai kórház. Várom válaszát. Köszönöm</seg>
<kinesic type="applause"><desc>Taps a kormánypárti padsorokban.</desc></kinesic>
</u>
        <u xml:id="ParlaMint-HU_2015-03-30-urgent_question-AC7_4125" who="#RózsaHoffmann" ana="#regular"><note>DR. HOFFMANN RÓZSA (KDNP):</note>
<seg xml:id="AC7_4125.1">Tisztelt Államtitkár Úr! Tisztelt Ház! Egy kicsit békésebb vizekre szeretnék evezni az azonnali kérdésemmel, annál is inkább, mert ennek a témája a víz.</seg>
<seg xml:id="AC7_4125.2">Mint tudjuk, a legfontosabb lételemünk, a négy őselem egyike, élet nincs a Földön víz nélkül. Ezt tudták már az ókori mítoszok szerzői, de ugyanígy tisztában van ezzel az összefüggéssel a modern tudomány is. Ezt, hogy víz nélkül nincs élet, pontosan felismerte az ENSZ Közgyűlése is, amikor 1992-ben úgy határozott, hogy március 22-ét a víz világnapjává nyilvánítja; ez adja a felszólalásom, a kérdésem apropóját is. Nagyon indokolt volt ez a döntés, mert a víz - mint egész környezetünk és Földünk – veszélyeztetve van, mégpedig az ember az, aki a veszélyek okozója, felelőtlenségével, szemetelésével, a bányák meggondolatlan megnyitásával és így tovább.</seg>
<seg xml:id="AC7_4125.3">Magyarországnak is a legnagyobb kincse a víz a földje mellett, ezért nagyon fontos, hogy mindent elkövessünk annak érdekében, hogy a vízgazdálkodás helyes legyen; hogy utódaink számára biztosítsuk a jobb minőségű vizet.</seg>
<seg xml:id="AC7_4125.4">A víz világnapja arra is ráirányítja a figyelmünket, hogy a víz kártékony is tud lenni, akár emberéleteket tud kioltani. Gondoljunk Petőfi Sándor gyönyörű versére: tőlünk függ, hogy a víz simán, szelíden ballag-e le a medrében vagy zúgva, törve töri át a gátat.</seg>
<seg xml:id="AC7_4125.5">Kérdezni szeretném az államtitkár úrtól, hogy milyen vízügyi fejlesztések vannak folyamatban hazánkban, és miket tervez megvalósítani a kormány a jövőben annak érdekében, hogy utódainkra itt egészséges, jó és elégséges vizet hagyjunk</seg>
<kinesic type="applause"><desc>Taps a kormánypártok soraiban.</desc></kinesic>
</u>
        <u xml:id="ParlaMint-HU_2015-03-30-urgent_question-AC7_4127" who="#GergelyBárándy" ana="#regular"><note>DR. BÁRÁNDY GERGELY (MSZP):</note>
<seg xml:id="AC7_4127.1">Köszönöm a szót, elnök úr. Tisztelt Országgyűlés! Tisztelt Legfőbb Ügyész Úr! Az világosan kiderült, hogy a Quaestor-ügyben se szeri, se száma a kormánypárti politikusok érintettségének, méghozzá a legmagasabb körökből. Az is kiderült, hogy a miniszterelnök tudta, mi fog történni, de csak a fideszes haveroknak szólt, és a többi embert cserbenhagyta. De az is kiderült, sőt a Magyar Nemzeti Bank tájékoztatása után nyilvánvalóvá vált, hogy a Quaestor-botrányban csalásról van szó, ami a büntetőjogi minősítést illeti.</seg>
<seg xml:id="AC7_4127.2">Ugyanis, ha valaki jogtalan haszonszerzés végett mást tévedésben tart, és ezzel kárt okoz, akkor az csalást követ el. Az pedig, hogy a Quaestorban ki a döntéshozó, szintén nem igényel komolyabb vizsgálatot. Ezután adódik a kérdés, tisztelt legfőbb ügyész úr: mi tartott eddig? A rendőrség és az ügyészség ugyanis két hétig hagyta, hogy azok, akik már a kezdet kezdetén is láthatóan, tudhatóan a csalás elkövetői voltak, bizonyítékokat semmisítsenek meg, legalábbis a lehetőség erre fennálljon, összebeszéljenek, a befektetőknek hátrányos módon megváltoztassák a cégstruktúrát, és ami a legfontosabb: kimentsék a vagyonukat, megnehezítve ezzel a pórul járt ügyfelek kártalanítását.</seg>
<seg xml:id="AC7_4127.3">Napokkal az előállítás előtt megírta a sajtó, hogy Tarsoly Csaba házából teherautókkal szállítják el az értékeket, és minden bizonnyal ugyanez történt a bankokban is, csak kevésbé látványos módon, átutalások és más banki tranzakciók formájában.</seg>
<seg xml:id="AC7_4127.4">Kérdezem tehát legfőbb ügyész urat, hogy mi volt az oka a késedelemnek, esetleg kinek az érdekében történt. Tudnak-e jelentősebb vagyont lefoglalni Tarsoly Csabától? Nem gondolja-e, hogy tíz nap, két hét bőven elég volt bizonyítékokat megsemmisíteni?</seg>
<seg xml:id="AC7_4127.5">Tisztelt Legfőbb Ügyész Úr! Amikor Orgován Béla úr ügyvezető lett, nem gondolta-e, hogy ideje lépni? Amikor egy büntetett előéletű közmunkásra íratták a Quaestort - még mondja valaki, hogy a közmunkából nem lehet karriert csinálni! -, még akkor sem gondolták, hogy legalább ki kellene hallgatni a cég vezetőit?</seg>
<seg xml:id="AC7_4127.6">Legfőbb ügyész úr, ön is ugyanolyan jól tudja, mint én, hogy strómanra ruházni a cégeket 25 éve a bűnözők sablonos megoldása</seg>
<kinesic type="signal"><desc>Az elnök a csengő megkocogtatásával jelzi az időkeret leteltét.</desc></kinesic>
<seg xml:id="AC7_4127.7">Ki fog-e terjedni a vizsgálat arra, hogy a kormánypártokhoz köthető politikusok kivették-e a pénzt a Quaestorból, közvetlenül annak bukása előtt, mert ha ez így van, akkor az bizony bűncselekmény. Köszönöm szépen</seg>
<kinesic type="applause"><desc>Taps az MSZP soraiban.</desc></kinesic>
</u>
        <u xml:id="ParlaMint-HU_2015-03-30-urgent_question-AC7_4128" who="#BertalanTóth" ana="#regular"><note>DR. TÓTH BERTALAN (MSZP):</note>
<seg xml:id="AC7_4128.1">Köszönöm a szót, elnök úr. Tisztelt Miniszterelnök Úr! A Quaestor-botrány kapcsán napvilágot kapott hírek miatt nemcsak a politikusok, hanem képviselők és nemcsak a kisbefektetők, hanem a magyar emberek zöme is csak kapkodja a fejét, és nem hisz a fülének, nem hisz a szemének.</seg>
<seg xml:id="AC7_4128.2">Néhány nappal ezelőtt kiderült, hogy a Külgazdasági és Külügyminisztérium, illetve egyik szervezete… - a Quaestor Bank tartotta, illetve, ahogy ön fogalmazott, parkoltatta a pénzét, több milliárd forintot, és még az összeomlás előtt kivette azt onnan, és állampapír helyett, ahogy itt ma hallottuk már a parlamentben, készpénzt kapott vissza. Kiderült az is, hogy míg a Külügyminisztérium szakértőkre hivatkozott, ön már magára vállalta ezt a döntést, hogy február 25-én egy kormányülésen utasította a minisztériumokat arra, hogy ha brókercégnél van pénzük, akkor azt azonnal vegyék ki. 12 nap telt el az ön utasítása és aközött, hogy a Külügyminisztérium egyik szervezete ezt a közel négymilliárd forintot kivette, nem tudjuk, hogy ebben a 12 napban mi történt.</seg>
<seg xml:id="AC7_4128.3">Konkrét kérdést szeretnék önnek feltenni: volt-e konkrét információja arról, hogy a minisztériumok tartottak közpénzt brókercégeknél, vagy csak a megérzésére hagyatkozott? Mi történt, ahogy említettem, ebben a 12 napban, a Külügyminisztérium miért nem teljesítette azonnal az utasítását? Mely más minisztériumok rendelkeztek olyan betétekkel, amely a Quaestornál parkoltatta a közpénzeket? Ellenőrizte-e, és ha igen, akkor utána milyen lépéseket tett avégett, hogy az utasítását a minisztérium teljesítette-e? Hogyan fordulhatott az elő, hogy offshore hátterű céggel kötöttek minisztériumok szerződést, szerződéseket? Hiszen a vagyontörvény kifejezetten tiltja az ilyen ügyleteket. 2011-ben fogadták el ezt a szabályozást.</seg>
<seg xml:id="AC7_4128.4">És azt is szeretném megkérdezni, hogy van-e tudomása arról, hogy közbeszerzés vagy pályáztatás útján kerültek ezek a közpénzek a Quaestor brókercéghez. Várom válaszát. Köszönöm szépen</seg>
<kinesic type="applause"><desc>Taps az MSZP soraiból.</desc></kinesic>
</u>
        <u xml:id="ParlaMint-HU_2015-03-30-urgent_question-AC7_4130" who="#BenceTuzson" ana="#regular"><note>TUZSON BENCE (Fidesz):</note>
<seg xml:id="AC7_4130.1">Köszönöm szépen a szót, elnök úr. Tisztelt Országgyűlés! Tisztelt Miniszter Úr! Több mint egy hónapja robbant ki az utóbbi időszak egyik legnagyobb brókerbotrány-sorozata, amelynek első letéteményese a Buda-Cash volt. A Buda-Cash esetében nagyon sok ember, 110 ezer ember vált érintetté, 110 ezer ember, akiknek a nagy többsége banki érintett volt, egy bankcsoport ügyfelei voltak, és ezért óriási kár érte őket. Ők nem a pénzüket kockáztatták egy brókercégben, hanem a bankba vitték be a pénzüket.</seg>
<seg xml:id="AC7_4130.2">Gyors intézkedéssorozat kezdődött ezek után ezeknek az embereknek a kártalanítására, a BEVA és az OBA elkezdte a kártalanítási folyamatot. Az OBA a banki betétesek esetében, a BEVA pedig azok esetében, akik nem banki betétesek voltak, hanem a brókercégben tartották a pénzüket.</seg>
<seg xml:id="AC7_4130.3">Fontos kérdésről kell beszélnünk, hiszen ha visszatekintünk a múltba, akkor volt egy alapvető elvi vagy ideológiai különbség közöttünk és a szocialista kormányok között, mert míg a szocialista kormányok fellazították az ellenőrzés rendszerét, talán egy furcsa liberális megközelítés alapján, addig mi a szigorítás mellett foglaltunk állást, és ennek a szigorításnak a következménye az, hogy ezek az ügyek felszínre kerülhettek. Sikeres volt ennek a pénzügyi rendszernek az átalakítása mind a bankok tekintetében, a bankok elszámoltatása tekintetében, de sikeres volt ez a brókercégek esetében is.</seg>
<seg xml:id="AC7_4130.4">Elkezdődhetett egy olyan folyamat, amikor ellenőriztük ezeket a brókercégeket. A Magyar Nemzeti Bank most már megerősített jogkörében ellenőrzi ezeket a cégeket, és sorra tárja fel a különböző visszaéléseket. De mégis a legfontosabb kérdés, hogy hol van a pénz, hol lehet ezt a pénzt megtalálni, és hogyan halad a kártalanítás folyamata. Köszönöm szépen a szót</seg>
<kinesic type="applause"><desc>Taps a kormánypártok soraiban.</desc></kinesic>
</u>
      </div>
    </body>
  </text>
</TEI>
