<?xml version="1.0"?>
<TEI xmlns="http://www.tei-c.org/ns/1.0" xml:id="ParlaMint-HU_2018-10-24" xml:lang="hu" ana="#parla.sitting #covid">
  <teiHeader>
    <fileDesc>
      <titleStmt>
        <title xml:lang="hu" type="main">A Magyar Országgyűlés Korpusza ParlaMint-HU 2018-10-24 [ParlaMint]</title>
        <title xml:lang="en" type="main">Hungarian parliamentary corpus ParlaMint-HU 2018-10-24 [ParlaMint]</title>
        <title xml:lang="hu" type="sub">A Magyar Országgyűlés ülései, 8. ciklus</title>
        <title xml:lang="en" type="sub">Minutes of the National Assembly of Hungary, Term 8</title>
        <meeting ana="#parla.term" corresp="#OGY" n="8">8. ciklus</meeting>
        <respStmt>
          <persName>Miklós Sebők</persName>
          <persName>Orsolya Ring</persName>
          <resp xml:lang="hu">Parla-CLARIN TEI XML korpusz létrehozása</resp>
          <resp xml:lang="en">Parla-CLARIN TEI XML corpus encoding</resp>
        </respStmt>
        <funder>
          <orgName xml:lang="hu">CLARIN Kutatási Infrastuktúra</orgName>
          <orgName xml:lang="en">The CLARIN research infrastructure</orgName>
        </funder>
        <funder>
          <orgName xml:lang="hu">Társadalomtudományi Kutatóközpont, Eötvös Loránd Kutatási Hálózat</orgName>
          <orgName xml:lang="en">Centre for Social Sciences, Eötvös Loránd Research Network</orgName>
        </funder>
      </titleStmt>
      <editionStmt>
        <edition>2.0</edition>
      </editionStmt>
      <extent>
        <measure xml:lang="hu" quantity="9" unit="speeches">9 beszéd</measure>
        <measure xml:lang="en" quantity="9" unit="speeches">9 speeches</measure>
        <measure xml:lang="hu" quantity="2921" unit="words">2921 szó</measure>
        <measure xml:lang="en" quantity="2921" unit="words">2921 words</measure>
      </extent>
      <publicationStmt>
        <publisher>
          <orgName xml:lang="hu">CLARIN Kutatási Infrastuktúra</orgName>
          <orgName xml:lang="en">CLARIN research infrastructure</orgName>
          <ref target="https://www.clarin.eu/">www.clarin.eu</ref>
        </publisher>
        <idno type="handle">http://hdl.handle.net/11356/1388</idno>
        <pubPlace>
          <ref target="http://hdl.handle.net/11356/1388">http://hdl.handle.net/11356/1388</ref>
        </pubPlace>
        <availability status="free">
          <licence>http://creativecommons.org/licenses/by/4.0/</licence>
          <p xml:lang="hu">
            Ez a munka az alábbi licence alapján használható
            <ref target="http://creativecommons.org/licenses/by/4.0/">Creative Commons Attribution 4.0 International License</ref>
          </p>
          <p xml:lang="en">
            This work is licensed under the
            <ref target="http://creativecommons.org/licenses/by/4.0/">Creative Commons Attribution 4.0 International License</ref>
          </p>
        </availability>
        <date when="2021-03-31">2021. 03. 31.</date>
      </publicationStmt>
      <sourceDesc>
        <bibl>
          <title xml:lang="hu" type="main">A Magyar Országgyűlés ülései</title>
          <title xml:lang="en" type="main">Minutes of the National Assembly of Hungary</title>
          <idno type="URI">https://https://www.parlament.hu/ </idno>
          <date when="2018-10-24">2018. 10. 24.</date>
        </bibl>
      </sourceDesc>
    </fileDesc>
    <encodingDesc>
      <projectDesc>
        <p>
          <ref target="https://www.clarin.eu/content/parlamint">ParlaMint</ref>
        </p>
      </projectDesc>
      <tagsDecl>
        <namespace name="http://www.tei-c.org/ns/1.0">
          <tagUsage gi="text" occurs="1"/>
          <tagUsage gi="body" occurs="1"/>
          <tagUsage gi="div" occurs="1"/>
          <tagUsage gi="u" occurs="9"/>
          <tagUsage gi="seg" occurs="44"/>
          <tagUsage gi="kinesic" occurs="11"/>
        </namespace>
      </tagsDecl>
    </encodingDesc>
    <profileDesc>
      <settingDesc>
        <setting>
          <name type="address">Kossuth Lajos tér 1-3.</name>
          <name type="city">Budapest</name>
          <name type="country" key="HU">Magyarország</name>
          <date ana="#parla.sitting" when="2018-10-24">2018-10-24</date>
        </setting>
      </settingDesc>
    </profileDesc>
  </teiHeader>
  <text xml:lang="hu" ana="#covid">
    <body>
      <div type="debateSection">
        <u xml:id="ParlaMint-HU_2018-10-24-urgent_question-AC8_2943" who="#SándorSzékely" ana="#regular"><note>SZÉKELY SÁNDOR (DK):</note>
<seg xml:id="AC8_2943.1">Köszönöm szépen a szót. Tisztelt Miniszter Úr! Bismarck óta tudjuk, hogy politikusok háborúban vagy választások előtt szokták a legnagyobbat hazudni. Önök már 8 éve háborúban vannak, és folyamatosan hazudnak, gyakorlatilag gyártják a hazugságokat. Az egyik legnagyobb termékük az, hogy a magyar embereknek a bérei szárnyalnak, és az átlagbéreik például 320 ezer forint körül vannak, holott a valóságbolygón mindenki tudja, hogy jó, ha ez a szám 200-220 ezer forint. De a valóságnak a szilánkjai nem tartották vissza önöket, hogy megszavazzák azokat az adótörvényeket, amelyek kivezették a béren kívüli juttatásokat a magyar dolgozóknak a fizetéséből, így aztán önök 4 millió ember zsebében turkálnak, és kivettek onnan nettó 25-30 százalék bevételt. Hogy nevesítsük a dolgot, például az Audiban dolgozó embereknél ez havi 30 ezer forint lesz 2019. január 1-jétől.</seg>
<seg xml:id="AC8_2943.2">De még ez mind semmi, hiszen a megmaradt kafetériát is az emberek nem arra költhetik, amire úgy nagy általánosságban, hanem étteremre, vendégházra, fürdőre, hiszen önök azt gondolják, hogy a magyar dolgozók erre költik a béren kívüli juttatásokat. Persze ez nem igaz: a magyar emberek általában ételt, tanszert és bérleteket vásároltak ezekből a juttatásokból. De hát honnan tudhatnák önök ezt, hiszen önök nem szolidárisak ezzel az országgal.</seg>
<seg xml:id="AC8_2943.3">Mostanában olyan híreket hallunk szakszervezeti vezetőktől, hogy esetleg mégis módosítanak az adótörvényen még idén, és ezért kérdezem a miniszter urat, hogy tervezik-e vagy lehetővé kívánják-e tenni, hogy a béren kívüli juttatás, a kafetéria mégse bérjövedelemként adózzék. Megtisztelő válaszát ezúttal nemcsak én várom, hanem 4 millió másik munkavállaló. Köszönöm szépen</seg>
<kinesic type="applause"><desc>Taps az ellenzék soraiból.</desc></kinesic>
</u>
        <u xml:id="ParlaMint-HU_2018-10-24-urgent_question-AC8_2944" who="#IldikóBangónéBorbély" ana="#regular"><note>BANGÓNÉ BORBÉLY ILDIKÓ (MSZP):</note>
<seg xml:id="AC8_2944.1">Köszönöm szépen, elnök úr. Tisztelt Miniszter Úr! Tisztelt Képviselőtársak! Ma kijelenthetjük, hogy Magyarországon a magas vérnyomás népbetegségnek számít. A felnőtt lakosságnak közel 42 százalékát érinti, a 8,3 millió felnőtt lakosból 3,5 millió emberről beszélünk. Nyáron robbant a hír, hogy 200 ezerre tehető azoknak a betegeknek a száma, akik rákkeltő anyaggal szennyezett gyógyszert szedtek, akár éveken keresztül. Többször tettem fel írásbeli kérdést, hogy kit terhel ezért a felelősség, a kormányzat folyamatosan a gyártó cégre terelte a figyelmet, a mai napig nem kaptam a kérdéseimre választ, viszont a feljelentést én megtettem.</seg>
<seg xml:id="AC8_2944.2">A kormány azt mondta, hogy kivonják a forgalomból ami helyes is ezeket a rákkeltő gyógyszereket, csak képzeljék el, hogy azóta mi történt! Magyarországon több millió emberről beszélünk, aki magasvérnyomás-betegséggel kapcsolatban gyógyszert szed napi szinten. Ma odáig jutottunk, hogy a kivont gyógyszerek kapcsán óriási hiány alakult ki Magyarországon a vérnyomáscsökkentőkből. Folyamatosan mondták, hogy nem lehet azonnal abbahagyni ezeknek a gyógyszereknek a szedését, mivel veszélyessé válhat a betegeknek, ha abbahagyják, csak, tisztelt képviselőtársaim, tisztelt miniszter úr, a patikákban nincs vérnyomáscsökkentő. Az ember elmegy kiváltani a gyógyszerét, és azzal szembesül, hogy nem tudja kiváltani, mert közlik településről településre, bár utána Budapesten is megpróbáltam, és közölték, hogy országos a hiány, és azt mondták, hogy helyettesítő gyógyszert lehet alkalmazni, de azt is csak korlátozott mennyiségben. Választ nem tudtam arra kapni, hogy mikor fog ez a probléma megoldódni.</seg>
<seg xml:id="AC8_2944.3">Tisztelt Miniszter Úr! Arra szeretnék választ kapni, hogy mi fog történni ezzel a több millió magyar szívbeteggel, hogyan fogja a kormány ezt a problémát megoldani. Három hónapra tud gyógyszert kiváltani, aki ma vérnyomáscsökkentőt szed</seg>
<kinesic type="signal"><desc>Az elnök a csengő megkocogtatásával jelzi az időkeret leteltét.</desc></kinesic>
<seg xml:id="AC8_2944.4">Mi fog ezekkel a betegekkel történni?</seg>
<seg xml:id="AC8_2944.5">Várom a megtisztelő válaszát</seg>
<kinesic type="applause"><desc>Taps az MSZP soraiban.</desc></kinesic>
</u>
        <u xml:id="ParlaMint-HU_2018-10-24-urgent_question-AC8_2946" who="#LajosKorózs" ana="#regular"><note>KORÓZS LAJOS (MSZP):</note>
<seg xml:id="AC8_2946.1">Tisztelt Ház! Kedves Képviselőtársaim! A múlt héten három olyan ügy is borzolta a kedélyeket az országban, amely egyértelművé teszi ma már, hogy végérvényesen felbomlik a szolidaritási elv az egészségügyben. Az egyik ilyen hír volt, hogy aki az egészségügyi szolgáltatást jogalap nélkül vette igénybe, az az összeg az egészségbiztosító tudomására jutásától öt éven belül behajtható. Nem kis tételről van szó, hiszen a kórházi ellátásért átlagosan 195 ezret, a szívinfarktus kezeléséért 375 ezret, a szülés levezetéséért 68 ezer forintot kapnak az egészségügyi intézmények, a kórházak.</seg>
<seg xml:id="AC8_2946.2">A másik ilyen hír volt, hogy ellátás nélkül küldenek haza idős embereket. Tudomásom van arról, de aki a Facebookon fent van, pontosan látta, hogy hogy pörgött a hét végén, hogy egy 75 évnél idősebb házaspárnak mondták azt, hogy át kéne már adni a terepet a fiataloknak. A házaspár közül az idős hölgy kezelőorvosa hónapról hónapra dönti el, hogy kaphat-e életben tartó gyógyszert. Hangsúlyozni szeretném, hogy nem halálos beteg emberekről van szó.</seg>
<seg xml:id="AC8_2946.3">A harmadik ilyen hír volt, hogy durván megemelkedtek a bérek az állami egészségügyben Romániában, ezt hozzá kell tenni. Ott a magánszférából mennek az államiba. Nálunk pont fordítva van, az állami szférából szivárognak el az egészségügyi szakdolgozók a magánpraxisokba.</seg>
<seg xml:id="AC8_2946.4">Kérdezem épp ezért a miniszter urat, hogy mikor rendezik a közel 600 ezer úgynevezett problémás tajkártyás viszonyát az egészségügyhöz. Hangsúlyozom, 600 ezer emberről van szó. A másik, hogy kaphatnak-e színvonalas orvosi ellátást az idős emberek, akár 75 éven felüliek is. Harmadszor pedig: hány egészségügyi dolgozó kért munkavállalási engedélyt Romániába az elmúlt években.</seg>
<seg xml:id="AC8_2946.5">Köszönöm szépen.</seg>
</u>
        <u xml:id="ParlaMint-HU_2018-10-24-urgent_question-AC8_2950" who="#AntalCsárdi" ana="#regular"><note>CSÁRDI ANTAL (LMP):</note>
<seg xml:id="AC8_2950.1">Köszönöm szépen a szót. Tisztelt Elnök Úr! Tisztelt Államtitkár Úr! Tisztelt Ház! A múlt héten egészen kivételes eljárás keretében, rekordgyorsasággal fogadta el a fideszes többség a lakás-takarékpénztárak állami támogatásának megszüntetését, ami azt jelenti, hogy ez a fajta megtakarítás teljesen elvesztette azt a tulajdonságát, hogy megérje egy egyszerű magyar választó számára, hogy ilyen szerződést kössön. Ezzel gyakorlatilag önök egy tollvonással szüntettek meg egy olyan eszközt, ami az elmúlt két évtizedben családok százezreinek segített lakáshoz jutni vagy a meglévő otthonát felújítani. Tették mindezt mondvacsinált okokkal, hatástanulmányok, elemzések, társadalmi konzultáció nélkül, fideszes tempóban, az éj leple alatt, 24 óra alatt. A családok évében a kormány, nem először, már megint a családokat támadja, mert a lakástakarék egy tervezhető, valódi segítséget nyújtó eszköz volt, nem kockázatos devizahitel, nem csak a felső középosztály számára elérhető CSOK. A lakástakarék eltörlésének drámai következményei lesznek. A családok százezreit vágja el majd az otthonteremtéstől, lehetetlen helyzetbe hozza a társasházakat, lehetetlenné teszi, hogy korszerűsítsenek, felújítsanak. Ma nem szűkíteni, hanem bővíteni kellene azokat a támogatásokat, ami segíti az otthonhoz jutást, ami segíti az otthon felújítását.</seg>
<seg xml:id="AC8_2950.2">(14.20)</seg>
<seg xml:id="AC8_2950.3">Olyan támogatási rendszerre van szükség, amely nem keveseknek ad sokat, hanem sokaknak ad eleget. Ráadásul ezzel párhuzamosan a Fidesz-KDNP-többség minden alkalommal elutasította az LMP-nek a bérlakásépítésre vonatkozó javaslatait, minden alkalommal elutasított minden olyan javaslatot, amely a CSOK-on kívül bármilyen támogatást bővített volna. Elutasították többek között a lakásfelújítás áfájának a csökkentését is.</seg>
<seg xml:id="AC8_2950.4">Kérdezem, tisztelt államtitkár úr, hogy miért volt ilyen sürgős megszüntetni a magyarok millióinak kedvező helyzetet biztosító támogatási rendszert. Mikor kezd el végre foglalkozni a kormány az országos lakhatási válsággal a családok évében? Várom megtisztelő válaszát</seg>
<kinesic type="applause"><desc>Taps az LMP soraiban.</desc></kinesic>
</u>
        <u xml:id="ParlaMint-HU_2018-10-24-urgent_question-AC8_2951" who="#TimeaSzabó" ana="#regular"><note>SZABÓ TIMEA (Párbeszéd):</note>
<seg xml:id="AC8_2951.1">Köszönöm a szót, elnök úr. Tisztelt Államtitkár Úr! Most októberben van a mellrák elleni küzdelem hónapja. Magyarországon évente körülbelül 7 ezer nőt diagnosztizálnak emlőrákkal, és közülük körülbelül 2 ezren, sőt több mint 2 ezren meghalnak. Ezzel a nőknél ez az első számú daganatos halálozási ok. Élete során minden 10-12. nőnél kialakul ez a betegség. A korai felismerés ennél a daganatos betegségnél is rendkívüli fontosságú, hiszen a korai stádiumban lévő betegek 80 százaléka felépülhet belőle, míg áttét esetén ez csak 15 százalék. A rákos megbetegedésekkel kapcsolatos szűrővizsgálatok száma azonban messze elmarad az elvárttól. Se pénz, se elég szakember nincs a rendszerben, és úgy tűnik, hogy a mellrákszűrés is a korrupció és a fideszes lopás áldozatává vált, nincsenek eszközök.</seg>
<seg xml:id="AC8_2951.2">Júliusra kellett volna elkészülnie annak a tíz darab mammográfiás géppel felszerelt szűrőbusznak összesen 1,7 milliárd forintból, amire önök kiírtak egy pályázatot. A kivitelezéssel megbízott cég összesen egy darabot szállított le azóta a tíz helyett. A közbeszerzést egy, az orvosi eszközök piacán ismeretlen cég nyerte meg, egy bizonyos H1 Systems Mérnöki Szolgáltatások Kft. Ez a cég adatközpontok létesítésével és biztonságtechnikai megoldásokkal foglalkozott korábban, köze nem volt az egészségügyhöz. Azt viszont tudjuk, hogy Pintér Sándor belügyminiszterhez köze volt a kft.-nek. Egészen abszurd, ami ezen a téren történik.</seg>
<seg xml:id="AC8_2951.3">Kérdezem tehát, hogy mi történik ezzel a projekttel. Egyelőre azt látjuk, hogy inkompetens cég, csődbe ment buszgyár, módosított határidők, egyetlen darab busz és 1,7 milliárd forint van itt a tálcán. Arra kérem államtitkár urat, hogy válaszoljon a következő kérdésekre. Miért bízták rá a szűrőbuszok elkészítését egy olyan cégre, amelynek semmi köze nem volt eddig ehhez a területhez? Tettek-e már feljelentést az ügyben, vagy lesz-e bármiféle vizsgálat? Mikor készülnek el a buszok, a maradék kilenc darab busz, elkészülnek-e egyáltalán? S arra kérem államtitkár urat, hogy kíméljen meg az „elmúltnyolcévezéstől”, hiszen kilencedik éve kormányoznak önök, tehát szakmai választ kérek szépen.</seg>
<seg xml:id="AC8_2951.4">Köszönöm</seg>
<kinesic type="applause"><desc>Taps a Párbeszéd és az MSZP soraiban.</desc></kinesic>
</u>
        <u xml:id="ParlaMint-HU_2018-10-24-urgent_question-AC8_2953" who="#TamásPintér" ana="#regular"><note>PINTÉR TAMÁS (Jobbik):</note>
<seg xml:id="AC8_2953.1">Köszönöm szépen a szót, elnök úr. Tisztelt Ház! Engedjék meg, hogy a kérdésemmel kezdjem a felszólalásomat. Mi ez a bolsevik tempó, uraim?! Meddig akarják még telehazudni az országot azokkal az egészen törvénytelen dolgokkal, amiket kitaláltak az elmúlt időszakban? Engedjék meg, hogy Deák Ferencet idézzem: „Ha tőlem függene, a sajtótörvénynek csak egy paragrafusa volna: hazudni nem szabad.”De játsszunk el a gondolattal: mi lenne, ha Deák Ferenc ma is élne, és ezt a mondatát ellenzéki képviselőként mondaná? Mondanának őróla most már bármit önök: azt, hogy sorosista ügynök volt, hogy bevándorláspárti politikus, azt, hogy hitet tett Allah mellett, de még a nemi identitását is megkérdőjeleznék. Így működik az önök sajtógépezete.</seg>
<seg xml:id="AC8_2953.2">Aki az igazságot kimondja, aki szembe mer szállni a hazugságokkal, az önök szerint hazug, és rögtön megtámadják, a legaljasabb eszközökkel járatják le</seg>
<seg xml:id="AC8_2953.3">(Dr. Hoppál Péter: Miért remeg a kezed?)</seg>
<seg xml:id="AC8_2953.4">Számos példát láttunk erre az elmúlt években. Több, mint 150 pert nyertünk meg százötvenet! Csak azokat… ezt azt jelenti, hogy csak azt a pert nem nyertük meg, amit nem indítottunk el. De önök ezekből nem tanulnak, és tovább folytatják. Én például a múlt héten nyertem egy dunaújvárosi portál ellen egy pert, ami szintén egy közpénztemető. Engedje meg akkor tehát, miniszter úr, hogy föltegyem a kérdésemet!</seg>
<seg xml:id="AC8_2953.5">Önök a 2002-es bukásuk után élharcosai voltak annak, hogy az ellenzék is kapjon egy állami tévécsatornát az akkor valóban létező baloldali médiatúlsúly felett. Szeretném tehát akkor megkérdezni még egyszer: mi ez a bolsevik tempó? Hova tűntek az egykori nemes gondolatok a kiegyensúlyozott médiáért, amikor aggódtak? Elfogadhatónak tartják-e önök, hogy egy magát régi vágású, kereszténydemokratának nevező kormányzat csak olyan médiafelületeket támogat állami hirdetésekkel, ahol nyilvánvalóan csak a fake news és a hazugsággyár folyik? Megtisztelő válaszát előre is köszönöm</seg>
<kinesic type="applause"><desc>Taps a Jobbik padsoraiban.</desc></kinesic>
</u>
        <u xml:id="ParlaMint-HU_2018-10-24-urgent_question-AC8_2954" who="#BalázsAnder" ana="#regular"><note>ANDER BALÁZS (Jobbik):</note>
<seg xml:id="AC8_2954.1">Köszönöm a szót, elnök úr. Tisztelt Képviselőtársaim! Kedves Államtitkár Úr! Találkozott ön már olyan esettel, amikor egy kisgyerek arra a kérdésre, hogy mi leszel, ha nagy leszel, azt válaszolja, hogy korrupt politikus, lopós miniszter vagy éppen tolvaj államtitkár lesz</seg>
<seg xml:id="AC8_2954.2">(Dr. Fónagy János: Vagy jobbikos képviselő. Dr. Rétvári Bence: Vagy kizárt jobbikos képviselő.)</seg>
<seg xml:id="AC8_2954.3">Nyilvánvalóan nem. Azért nem, mert az ilyen ovisok vagy éppen kisiskolás gyerekek természetes értékmérő műszere még nagyon jól működik, helyén van a szívük, ezért azt válaszolják, hogy ők tanár nénik, doktor bácsik, katonák, tűzoltók vagy éppen rendőrök szeretnének lenni. A társadalom erkölcsileg megbecsüli ezeket a hivatásokat, ezért a rendőrség bizalmi indexe is magas, viszont tudjuk, hogy a nersevikek a hatalomért és a pénzért mindenre képesek, csakhogy ezért még nem kellene lerombolni a rendőrséget övező, a 2006-os gyurcsányi ámokfutás után mára helyreállt társadalmi bizalmat. Önök 12 éve sunyik és gyávák voltak, amikor a tüntető tömeget ott hagyták és kiszolgáltatták a szemkilövető pribékjeinek, és önök most is gyávák és sunyik, így viselkednek, hiszen csak a rendőri sorfal mögé bújva tudják folytatni, érvényesíteni a nersevizmus lényegét, azt, hogy aki nincsen önökkel, azt úgy tekintik, hogy önök ellen van, az, hogy hazudnak éjjel, hazudnak nappal, hazudnak minden hullámhosszo</seg>
<seg xml:id="AC8_2954.4">(Dr. Rétvári Bence: Ezt Volner mondta a Jobbikról!)</seg>
<seg xml:id="AC8_2954.5">, és nyilvánvalóan idetartozik a lopás is. Teszik egyébként úgy, ezeknek a kisrendőröknek a háta mögé bújva, hogy őket is meglopják, többek között azzal, hogy elvették tőlük a túlórapénzeke</seg>
<seg xml:id="AC8_2954.6">(Szi-lágyi György: Így van!)</seg>
<seg xml:id="AC8_2954.7">, és ezeknek a rendőröknek bizony nem az önök hátát kellene védeniük, hanem ott kell lenni a térképről letörölt járások azon gettófalvaiban, ahol a becsületes lakosság retteg.</seg>
<seg xml:id="AC8_2954.8">Tisztelt Államtitkár Úr! Mennyire érzi egyáltalán normálisnak, helyénvalónak azt a politikát, amit önök folytatnak ebben a tekintetben? Várom megtisztelő válaszát</seg>
<kinesic type="applause"><desc>Taps a Jobbik soraiban.</desc></kinesic>
</u>
        <u xml:id="ParlaMint-HU_2018-10-24-urgent_question-AC8_2956" who="#ImreVejkey" ana="#regular"><note>DR. VEJKEY IMRE (KDNP):</note>
<seg xml:id="AC8_2956.1">Köszönöm a szót, elnök úr. Tisztelt Államtitkár Úr! A fiatalok jövőnk letéteményesei, ezért mindent meg kell tennünk boldogulásuk érdekében. A kormány folyamatosan bővíti azon támogatások, lehetőségek körét, amelyek a fiatalok családalapítását, otthonteremtését, nyelv- vagy továbbtanulását, munkában történő elhelyezkedését segítik. Ha az idei évből emelünk ki néhány támogatást, nem feledkezhetünk meg arról, hogy januártól minden 30 év alatti fiatalnak utólagosan megtéríti a kormány egy sikeres közép- vagy felsőfokú komplex nyelvvizsga díját, július 1-jétől pedig a húsz év alattiak számára adott értékhatárig a KRESZ-tanfolyam és a vizsga árát is.A kormány kiemelt hangsúlyt helyez a fiatalok foglalkoztatásának elősegítésére is. Ennek köszönhetően a hírekből értesültünk róla, hogy átlépte a 100 ezer főt az „Ifjúsági garancia” programban részt vevő fiatalok száma. Tisztelt Államtitkár Úr! Európai szinten is kiemelkedő, hogy a program segítségével, illetve egyéb intézkedéseknek köszönhetően a 2010-es mintegy 30 százalékról mára 10 százalék közelébe sikerült csökkenteni az ifjúsági munkanélküliséget.</seg>
<seg xml:id="AC8_2956.2">(14.50)</seg>
<seg xml:id="AC8_2956.3">Természetesen a kitűzött cél a fiatalok esetében is csak a teljes foglalkoztatottság elérése lehet.</seg>
<seg xml:id="AC8_2956.4">A fentiek alapján éppen ezért kérdezem a tisztelt államtitkár urat, hogy milyen intézkedések segítik a fiatalok foglalkoztatását, munkába állását, milyen eredményt hozott az „Ifjúsági garancia” program a teljes foglalkoztatottság eléréséhez. Várom államtitkár úr megtisztelő válaszát. Köszönöm</seg>
<kinesic type="applause"><desc>Taps a kormánypárti padsorokból.</desc></kinesic>
</u>
        <u xml:id="ParlaMint-HU_2018-10-24-urgent_question-AC8_2957" who="#GyörgyHubay" ana="#regular"><note>HUBAY GYÖRGY (Fidesz):</note>
<seg xml:id="AC8_2957.1">Tisztelt Elnök Úr! Tisztelt Államtitkár Úr! Kedves Képviselőtársaim! Az elmúlt héten a magyar politikatörténet egyik legdurvább kiszivárogtatási botrányának lehettünk tanúi, amikor nem nyilvános, a nemzetbiztonságot is veszélyeztető katonai információk is napvilágra kerültek. Az eset pedig nem máshoz, mint Demeter Mártához, az LMP frakcióvezető-helyetteséhez köthető. Demeter Márta, úgy vélem, teljes mértékben visszaélt képviselői jogaival és lehetőségeivel.A Honvédelmi és rendészeti bizottság alelnöke lehetőséget kapott ugyanis arra, hogy iratbetekintés során nem nyilvános katonai és akár nemzetbiztonsági szempontból is információkat megismerjen. Az ott látottakat azonban nem bírta sokáig magában tartani, és láthatóan pusztán öncélú politikai érdekből kockáztatta egy ENSZ-misszióban részt vevő magyar katona és családja biztonságát. Olyan információkat osztott meg a nyilvánossággal, amivel megszegte képviselői esküjét, és bebizonyította, hogy alkalmatlan egy ilyen komoly szakmai bizottság alelnöki pozíciójának betöltésére.</seg>
<seg xml:id="AC8_2957.2">Demeter Márta felelős politikusként felelőtlenül mások életét kockáztatta. Átgázolt ugyanis a Cipruson szolgálatot teljesítő százados családjának személyiségi jogain, egy kétéves kislány névazonosságát használta fel arra, hogy újabb felháborító álhíreket tudjon gyártani a miniszterelnökről és családjáról. Elképesztő, hogy a bukott ellenzék végső elkeseredésében már bármire képes, és sem a katonák magánélete, sem hazánk nemzetbiztonsága nem fontos számukra</seg>
<kinesic type="noise"><desc>Folyamatos közbeszólások a Jobbik és az LMP soraiból.</desc></kinesic>
<seg xml:id="AC8_2957.3">A Fidesz-KDNP-frakciószövetség felháborítónak tartja, hogy egy választott országgyűlési képviselő egyszerű politikai haszonszerzés céljából nem tartja magát képviselői esküjéhez, és durván átlépi saját hatáskörét. Az ügy kapcsán bebizonyosodott, hogy Demeter Márta viselkedése és így személye nemzetbiztonsági kockázatot jelent, ezért távoznia kell a Honvédelmi és rendészeti bizottságból és az Országgyűlésből is.</seg>
<seg xml:id="AC8_2957.4">Tisztelt Államtitkár Úr! A fentiekre figyelemmel kérdezem, meddig terjednek egy ellenzéki képviselő jogai, és ha ezt a határt Demeter Márta képviselő asszony átlépt</seg>
<kinesic type="noise"><desc>Folyamatos közbeszólások az ellenzéki padsorokból, többek között: Elég legyen ebből! Hazudsz! Lejárt az idő. Az elnök csenget.</desc></kinesic>
<seg xml:id="AC8_2957.5">, akkor milyen lépéseket kíván tenni a kormány annak érdekében, hogy a jövőben ne fordulhasson elő újabb ellenzéki képviselő felelőtlen ámokfutása.</seg>
<seg xml:id="AC8_2957.6">Várom megtisztelő válaszát</seg>
<kinesic type="applause"><desc>Taps a kormánypárti padsorokban.</desc></kinesic>
</u>
      </div>
    </body>
  </text>
</TEI>
