<?xml version="1.0"?>
<TEI xmlns="http://www.tei-c.org/ns/1.0" xml:id="ParlaMint-HU_2017-11-27" xml:lang="hu" ana="#parla.sitting #reference">
  <teiHeader>
    <fileDesc>
      <titleStmt>
        <title xml:lang="hu" type="main">A Magyar Országgyűlés Korpusza ParlaMint-HU 2017-11-27 [ParlaMint]</title>
        <title xml:lang="en" type="main">Hungarian parliamentary corpus ParlaMint-HU 2017-11-27 [ParlaMint]</title>
        <title xml:lang="hu" type="sub">A Magyar Országgyűlés ülései, 7. ciklus</title>
        <title xml:lang="en" type="sub">Minutes of the National Assembly of Hungary, Term 7</title>
        <meeting ana="#parla.term" corresp="#OGY" n="7">7. ciklus</meeting>
        <respStmt>
          <persName>Miklós Sebők</persName>
          <persName>Orsolya Ring</persName>
          <resp xml:lang="hu">Parla-CLARIN TEI XML korpusz létrehozása</resp>
          <resp xml:lang="en">Parla-CLARIN TEI XML corpus encoding</resp>
        </respStmt>
        <funder>
          <orgName xml:lang="hu">CLARIN Kutatási Infrastuktúra</orgName>
          <orgName xml:lang="en">The CLARIN research infrastructure</orgName>
        </funder>
        <funder>
          <orgName xml:lang="hu">Társadalomtudományi Kutatóközpont, Eötvös Loránd Kutatási Hálózat</orgName>
          <orgName xml:lang="en">Centre for Social Sciences, Eötvös Loránd Research Network</orgName>
        </funder>
      </titleStmt>
      <editionStmt>
        <edition>2.0</edition>
      </editionStmt>
      <extent>
        <measure xml:lang="hu" quantity="24" unit="speeches">24 beszéd</measure>
        <measure xml:lang="en" quantity="24" unit="speeches">24 speeches</measure>
        <measure xml:lang="hu" quantity="8571" unit="words">8571 szó</measure>
        <measure xml:lang="en" quantity="8571" unit="words">8571 words</measure>
      </extent>
      <publicationStmt>
        <publisher>
          <orgName xml:lang="hu">CLARIN Kutatási Infrastuktúra</orgName>
          <orgName xml:lang="en">CLARIN research infrastructure</orgName>
          <ref target="https://www.clarin.eu/">www.clarin.eu</ref>
        </publisher>
        <idno type="handle">http://hdl.handle.net/11356/1388</idno>
        <pubPlace>
          <ref target="http://hdl.handle.net/11356/1388">http://hdl.handle.net/11356/1388</ref>
        </pubPlace>
        <availability status="free">
          <licence>http://creativecommons.org/licenses/by/4.0/</licence>
          <p xml:lang="hu">
            Ez a munka az alábbi licence alapján használható
            <ref target="http://creativecommons.org/licenses/by/4.0/">Creative Commons Attribution 4.0 International License</ref>
          </p>
          <p xml:lang="en">
            This work is licensed under the
            <ref target="http://creativecommons.org/licenses/by/4.0/">Creative Commons Attribution 4.0 International License</ref>
          </p>
        </availability>
        <date when="2021-03-31">2021. 03. 31.</date>
      </publicationStmt>
      <sourceDesc>
        <bibl>
          <title xml:lang="hu" type="main">A Magyar Országgyűlés ülései</title>
          <title xml:lang="en" type="main">Minutes of the National Assembly of Hungary</title>
          <idno type="URI">https://https://www.parlament.hu/ </idno>
          <date when="2017-11-27">2017. 11. 27.</date>
        </bibl>
      </sourceDesc>
    </fileDesc>
    <encodingDesc>
      <projectDesc>
        <p>
          <ref target="https://www.clarin.eu/content/parlamint">ParlaMint</ref>
        </p>
      </projectDesc>
      <tagsDecl>
        <namespace name="http://www.tei-c.org/ns/1.0">
          <tagUsage gi="text" occurs="1"/>
          <tagUsage gi="body" occurs="1"/>
          <tagUsage gi="div" occurs="1"/>
          <tagUsage gi="u" occurs="24"/>
          <tagUsage gi="seg" occurs="81"/>
          <tagUsage gi="kinesic" occurs="27"/>
        </namespace>
      </tagsDecl>
    </encodingDesc>
    <profileDesc>
      <settingDesc>
        <setting>
          <name type="address">Kossuth Lajos tér 1-3.</name>
          <name type="city">Budapest</name>
          <name type="country" key="HU">Magyarország</name>
          <date ana="#parla.sitting" when="2017-11-27">2017-11-27</date>
        </setting>
      </settingDesc>
    </profileDesc>
  </teiHeader>
  <text xml:lang="hu" ana="#reference">
    <body>
      <div type="debateSection">
        <u xml:id="ParlaMint-HU_2017-11-27-interpellation-IC7_17801" who="#MónikaDunai" ana="#regular"><note>DUNAI MÓNIKA (Fidesz):</note>
<seg xml:id="IC7_17801.1">Köszönöm szépen a szót. Tisztelt Elnök Úr! Tisztelt Államtitkár Úr! Nekünk a Fidesz-KDNP-ben a gyermek az első, folyamatosan azon dolgozunk, hogy minél több gyermek szülessen Magyarországon. Ehhez szükség van arra, hogy támogassuk a nőket abban, hogy minél könnyebben visszatérhessenek a munka világába a gyermekvállalás után. Ezért országszerte 67 Női Információs és Szolgáltató Központ &#8209; vagyis Nő-Köz-Pont &#8209; jön létre a nők munkaerőpiaci elhelyezkedésének elősegítésére. Ezek a &#8222;Nők a családban és a munkahelyen&#8221; című pályázat eredményeképp megalakuló centrumok helyi szinten, helyi eszközökkel, a helyi igényekre reagálva nyújtanak segítséget a nők rugalmas foglalkoztatásához, a munka és a magánélet összehangolásához, valamint a munkába való visszatéréshez a szülés után. A központokban az érdeklődők tájékozódhatnak a munkaerőpiaci lehetőségekről, kapcsolatba léphetnek a helyi munkaadókkal, továbbá a munkáltatóknak is lehetőségük lesz tájékozódniuk a munkaerőforrásokról. A centrumokban szerveznek majd a munkahelyi előrelépést, az önfoglalkoztatást, a karriertervezést vagy -módosítást segítő képzéseket, a munka és a magánélet összehangolását pedig például gyermekfelügyelet vagy pótnagyiszolgálat megszervezésével fogják támogatni. Kiemelt hangsúlyt kapnak a rugalmas foglalkoztatás eddig kevésbé ismert formái is, például a távmunka és a részmunka mellett a bedolgozás, a munkaerő-kölcsönzés vagy az alkalmi munka.Ez csak egy a számos segítség mellett, amikkel támogatjuk a nők visszatérését a gyermekvállalás után a munkaerőpiacra. Nem szabad elfelejtenünk, hogy ezt szolgálja például a munkahelyvédelmi akcióterv, a bölcsődei rendszer fejlesztése és a részmunkaidős foglalkoztatás támogatása is. Ezeknek is köszönhető, hogy 2010 óta jelentősen javult a nők munkaerőpiaci helyzete.(15.30)A foglalkoztatási rátájuk a hét évvel ezelőtti 50,4 százalékról 2016-ra 61 százalékra emelkedett, a női munkanélküliség pedig 10,7 százalékról 4,8 százalékra csökkent. Tisztelt Államtitkár Úr! Kérdezem, hogy milyen eszközökkel segítjük a nők munkaerőpiaci elhelyezkedését. A most létrejövő centrumok mennyi nőnek tudnak segíteni, hogy könnyebben találják meg a nekik legmegfelelőbb munkát? Várom megtisztelő válaszát</seg>
<kinesic type="applause"><desc>Taps a kormánypártok soraiban.</desc></kinesic>
</u>
        <u xml:id="ParlaMint-HU_2017-11-27-interpellation-IC7_18467" who="#PéterKónya" ana="#regular"><note>KÓNYA PÉTER (független):</note>
<seg xml:id="IC7_18467.1">Köszönöm a szót, elnök úr. Tisztelt Országgyűlés! Tisztelt Államtitkár Úr! Az Európai Parlament strasbourgi plenáris ülésén 2017. október 5-én megszavazta a fideszes magyar képviselők szavazata nélkül a határokon átnyúló korrupciós és családi bűnesetek felgöngyölítését végző európai ügyészség létrehozását. Eddig 20 európai uniós tagállam, köztük a velünk szomszédos Szlovénia, Szlovákia, Románia, Ausztria csatlakozott, illetve jelezte csatlakozását az úgynevezett megerősített együttműködéshez ezen ügyészséggel.(15.10)Az európai ügyészség bizonyos feltételek mellett jogosult lesz nyomozások és vádhatósági eljárások lefolytatására az uniós strukturális alapokat érintő csalások és áfacsalások, valamint az Unió pénzügyeit, érdekeit sértő egyéb bűncselekmények esetében, hozzájárulva ezzel az uniós költségvetés megerősítéséhez és hatékonyabb védelméhez. A csatlakozás a tagállamoknak önkéntes, ugyanakkor több európai uniós vezető politikus, köztük V&#277;ra Jourová, az Európai Bizottság igazságügyi biztosa is arról nyilatkozott, hogy azon tagországok, amelyek nem biztosítják az uniós kohéziós pénzek felhasználásának átláthatóságát, korrupciómentességét, a jog uralmának érvényesülését, a következő költségvetési ciklusban jelentős támogatásoktól eshetnek el. Miután a magyar kormány mind ez idáig nem jelezte Magyarország csatlakozását, illetve csatlakozási szándékát, határozati javaslatot nyújtottam be erről a parlamentnek, amelyet a parlament Európai ügyek bizottsága után 2017. november 14-én kormánypárti többségű szavazatokkal önök tárgysorozatba sem vettek. A tárgysorozatba-vételi vita során kormánypárti képviselőtársaim azzal érveltek és arra hivatkoztak, hogy egy esetleges csatlakozás során sérülhetne Magyarország szuverenitása, és mindez alkotmányos aggályokat vethet fel. Nyilvánvaló, hogy egy ilyen szervezet működése, mint például ahogy egy közös európai hadsereg létrehozása is, amit egyébként az Orbán-kormány is támogatna, felvethet ilyen kérdéseket, ugyanakkor a csatlakozó húsz tagállamot ez egyáltalán nem zavarja. Akkor minket miért is zavarna? Az úgynevezett gránitszilárdságú Alaptörvényt önök már számos alkalommal módosították. A vita során jeleztem, hogy ellenzéki képviselőtársaimmal készek vagyunk biztosítani a kétharmados többséget az Alaptörvény módosításához, ha csak ez lenne az akadálya annak, hogy Magyarország csatlakozzon az európai ügyészséggel való együttműködéshez. Álságos tehát az Alaptörvényre hivatkozva elutasítani azt, hogy egy európai ügyészi szervezet ellenőrizhesse az európai adófizetők által befizetett összegek felhasználását, és visszaélések esetén eljárást indíthasson akkor, ha ezt a magyar ügyészség nem teszi meg. Egy olyan országban, ahol a kormánytagok és a kormánypárti képviselők nem érintettek korrupciós ügyekben, érdekük, hogy ne kerüljön rájuk a csalók szégyenbélyeg</seg>
<kinesic type="signal"><desc>Az elnök csengetéssel jelzi az időkeret leteltét.</desc></kinesic>
<seg xml:id="IC7_18467.2">, ezért nyugodt szívvel engedik, hogy vizsgálódhasson náluk az európai ügyészsé</seg>
<kinesic type="signal"><desc>Az elnök ismét csenget.</desc></kinesic>
<seg xml:id="IC7_18467.3">, hiszen semmi takargatnivalójuk, félnivalójuk nincs.Kérdezem tehát, hogy miért fél az Orbán-kormány az európai ügyészséggel való megerősített együttműködéstől. Várom válaszát, államtitkár úr.</seg>
</u>
        <u xml:id="ParlaMint-HU_2017-11-27-interpellation-IC7_18532" who="#NándorGúr" ana="#regular"><note>GÚR NÁNDOR (MSZP):</note>
<seg xml:id="IC7_18532.1">Köszönöm szépen. Tisztelt Képviselőtársaim! A közfoglalkoztatási és a munkaügyi szervezetrendszer vizsgálata kapcsán Székely László alapjogi biztosként működésbeli és szabályozásbeli rendszerproblémák sokaságát tárta fel. A munkaerőpiacról vagy a munkaerőpiacra történő átjutás nehézségeit nemcsak véli, hanem valóságos alapokra is helyezi, megmutatja, a közfoglalkoztatotti programok tervezhetőségét &#8209; vagy mondhatnám a másik oldalról: a bizonytalanságát &#8209; megmutatja ez a vizsgálat. Nagyon sok kistelepülés van Magyarországon, nyilván ezt önök is tudják, és ezeken a településeken szinte nagyon sok helyen egyetlen foglalkoztatási lehetőségként a közfoglalkoztatás adatik meg az önkormányzatok részéről. Felértékelődik az önkormányzat, illetve a polgármester szerepe, és nemcsak hogy felértékelődik, hanem sokszor félre is értődik, merthogy azzá kívánják tenni ők maguk, akik kiszolgáltatott helyzetbe hozzák sokszor a közfoglalkoztatás keretei között foglalkoztatottakat. A vizsgálat a képzések fontosságára is utal. Arra is utal, hogy valójában az elsődleges munkaerőpiacra való jutás és a képzések szinkronitása mennyire van meg, vagy éppen az aszinkronitás milyen erős e tekintetben, vagy hogyan néz ki a munkaerőpiac elvonása a közfoglalkoztatásban való foglalkoztatás kapcsán az elsődleges munkaerőpiactól. De olyan anomáliákra is fényt mutat, azt is felderíti, hogy a munkaadót terheli a táppénz hozzájárulása; a közfoglalkoztatottnak, a közfoglalkoztatónak kell megfizetnie gyakorlatilag ezt a kiadást, miközben a táppénz idejére sem bérben, sem járulékban semmifajta támogatást nem lehet igényelni, a felelősség, a fizetési kötelem viszont áthárított.Az elsődleges kérdés nyilván a munkaerőpiacra való kijutás, e tekintetben hiányosságok sokaságát lehet említeni. Az egyik az, hogy aktív munkaerőpiaci hálózati eszközrendszer nem működik, ezt lerombolták az elmúlt években, a másik pedig, hogy az átmenet biztonságát az érintettnek és a családoknak nem adják meg, a közfoglalkoztatási képzési tervek pedig a munkaerőpiaci igényeket nem veszik figyelembe, sokszor l&#8217;art pour l&#8217;art alapúak. Hol tartanak &#8209; ez a kérdés valójában &#8209; a működési és a szabályozási rendszerproblémák feltárása tekintetében és annak kiküszöbölése vonatkozásában? Köszönöm szépen</seg>
<kinesic type="applause"><desc>Taps az MSZP soraiban.</desc></kinesic>
</u>
        <u xml:id="ParlaMint-HU_2017-11-27-interpellation-IC7_18568" who="#AlpárGyopáros" ana="#regular"><note>GYOPÁROS ALPÁR (Fidesz):</note>
<seg xml:id="IC7_18568.1">Köszönöm a szót, elnök úr. Tisztelt Államtitkár Úr! A Német-Magyar Ipari és Kereskedelmi Kamara néhány héttel ezelőtt jelentette meg friss felmérését arról, hogy hogyan értékelik a Magyarországon működő német cégek az üzleti környezetet. A vállalatvezetők válaszai szinte valamennyi kérdésben még derűlátóbbak voltak, mint az utolsó áprilisi felmérés során. A megkérdezett mintegy száz vállalat közel 70 százalék</seg>
<kinesic type="noise"><desc>Zaj. &#8209; Az elnök csenget.</desc></kinesic>
<seg xml:id="IC7_18568.2">jónak tekinti a saját gazdasági helyzetét, ami a 2005 óta mért legmagasabb arány. Az igazgatók 52 százaléka mondta azt, hogy a következő 12 hónapban további javulásra számít, aminél magasabb hányadot a kamara még sohasem tapasztalt.A felmérésből az is kiderül, hogy a közeljövőben a magyarországi német vállalatok 56 százaléka tervezi beruházásai növelését, és 61 százalékuk létszámbővítést is tervez; mindkettő példátlan rekord. A német vállalatoknak a magyar nemzetgazdaság állapotáról, illetve a magyarországi üzleti környezetről kialakított képe kulcsfontosságú, hiszen hazánkban több mint 6 ezer ilyen vállalat működik, amelyek összesen mintegy 300 ezer embernek adnak munkát, és a Magyarországon jelen lévő külföldi működőtőke-állomány közel egyharmada Németországból származik. Hogy ezek a cégek bővítést terveznek, azt is jelenti, hogy újabb magyar emberek kapnak majd náluk munkát, újabb magyar cégek erősödnek meg beszállítóikként vagy partnereikként, és együttesen jelentősen hozzájárulnak a magyar export és a magyar gazdaság növekedéséhez. Hogy csak a legfrissebb példát említsem, az Edelmann magyarországi leányvállalata 3,2 milliárd forint beruházással bővíti a zalaegerszegi csomagolóanyag-gyártó üzemének kapacitását, amivel száz új munkahelyet teremt.A Fidesz-KDNP-kormány 2010 óta sokat tett azért, hogy a német vállalatok ilyen optimistán tekinthessenek a jövőbe, de a hangsúly mégsem a német cégeken van, hanem azon, hogy az ő Magyarországba vetett bizalmuk jó hír a magyar gazdaság növekedési pályájának fenntartása szempontjából, ami pedig jó hír minden magyar embernek.Tisztelt Államtitkár Úr! Minek köszönhető ez a kiváló történelmi eredmény, amihez foghatóra még sohasem volt példa? Milyen szerepe volt Magyarország Kormányának és a kormány által meghozott gazdaságélénkítő döntéseknek ezen eredmények eléréséhez? Várom megtisztelő válaszát</seg>
<kinesic type="applause"><desc>Taps a kormánypárti padsorokban.</desc></kinesic>
</u>
        <u xml:id="ParlaMint-HU_2017-11-27-interpellation-IC7_18570" who="#ErzsébetSchmuck" ana="#regular"><note>SCHMUCK ERZSÉBET (LMP):</note>
<seg xml:id="IC7_18570.1">Köszönöm a szót, elnök úr. Tisztelt Államtitkár Úr! Az Orbán-kormány egyik legrosszabb, legkárosabb ötletéről, a paksi bővítésről csak egy dolog tudható biztosan: hogy a legalább 4000 milliárd forintos számla visszafizetése minden magyar családra egymillió forintos terhet ró. Az LMP-nek van egy sokkal okosabb ötlete, úgy is mondhatnánk: találtunk 4000 milliárd forintot a hazai lakásállomány modernizálására. A magyar emberek többsége magas energiaszámlájú, korszerűsítésre szoruló otthonban él, a családi költségvetésbe pedig még a legindokoltabb beruházások is nehezen férnek bele. Az LMP szakértői kiszámolták: ha a teljesen felesleges, orosz érdekű és korrupcióval átitatott paksi bővítésről a magyar állam lemond, akkor minden magyar háztartás számára biztosíthatunk egymillió forintnyi vissza nem térítendő támogatást az otthonok energiahatékonysági korszerűsítésére, hőszigetelésre, a nyílászárók cseréjére, a fűtési rendszer felújítására. Ha megvalósul, ez lehet Magyarország történetének legnagyobb gazdaságfejlesztési programja.Szeretnénk, hogy minden magyar ember, minden magyar család kényelmes és korszerű otthonban élhessen, de ez a program többet ígér. Hazai modellkísérletek bizonyítják, hogy egy komplex energiahatékonysági korszerűsítés után egy átlagos lakás energiafogyasztása 40-50 százalékkal is csökkenhet. Ez tartósan 40-50 százalékkal alacsonyabb energiaszámlát jelent és hatalmas energiamegtakarítást. Azt a 4000 milliárd forintot, amit az Orbán-kormány az oroszoknak akar adni, mi inkább odaadnánk az embereknek, hogy a saját otthonuk korszerűsítésére fordíthassák. Így a szakértőink számításai szerint a lakossági energiaszektorban annyi energiát takarítunk meg, ami kiválthatja Paks II. felépítését. Mindenki jól jár. A magyar családok komfortosabb és értékesebb ingatlanban élhetik az életüket, alacsonyabb rezsivel, a magyar állam pedig megszabadul az atomenergia kockázatától, az atomhulladék kezelésének kiadásaitól és az egyoldalú orosz függéstől. Bónuszként pedig mindenütt munkát kapnak a helyi vállalkozások, élénkül a helyi gazdaság, azokon a településeken is, ahol eddig nem tudtak róla, hogy van helyi gazdaság, ahelyett, hogy a magyar adófizetők pénzéből az orosz gazdaságot élénkítenénk. Ez egy minden elemében végiggondolt, a jövőnek szóló ajánlat, amely új pályára állíthatja az országot. Államtitkár úr, arra szeretnék választ kapni, hogy az Orbán-kormány hajlandó&#8209;e felülvizsgálni a Paks II.-vel kapcsolatos álláspontját, és helyette azt kitűzni, hogy minden magyar háztartás egymilliós támogatásban részesüljön az energiafogyasztás csökkentésére. Így nem tennének minden háztartásra egymilliós terhet a felesleges orosz atomerőmű felépítése érdekében. Várom megtisztelő válaszát</seg>
<kinesic type="applause"><desc>Taps az LMP padsoraiból.</desc></kinesic>
</u>
        <u xml:id="ParlaMint-HU_2017-11-27-interpellation-IC7_18571" who="#ErzsébetSchmuck" ana="#regular"><note>SCHMUCK ERZSÉBET (LMP):</note>
<seg xml:id="IC7_18571.1">Köszönöm a szót, elnök úr. Tisztelt Államtitkár Úr! Sokadszorra fordulok Seszták miniszter úrhoz azzal a kérdéssel, hogy mi lesz a nemzeti éghajlatváltozási stratégia Országgyűlés általi megvitatásával. Idén tavasszal másodszor terjesztette be a kormány az Országgyűlésnek a NÉS-t, mégsem tűztük napirendre. Ön mit gondol ennek az okairól? Az ország egyik környezetbiztonságot érintő stratégiai dokumentuma miért nem került még mindig a tisztelt Ház elé? Az ügy aktualitását pedig indokolni sem kell. Ferenc pápának a globális válság, benne az éghajlatváltozás átfogó okairól és megoldási lehetőségeiről szóló enciklikájának üzenetével e Ház falai között ismerkedhettük meg, többek között a köztársasági elnök úr közreműködésével. A világ több mint 15 ezer vezető tudósa a napokban szembesítette a Föld országainak vezetőit azokkal a környezeti problémákkal, amelyek rövid időn belül a minket éltető természetes ökoszisztémák és vele együtt népek, kultúrák vesztét, de legalábbis sorsuk visszafordíthatatlanul kedvezőtlen változását okozzák</seg>
<seg xml:id="IC7_18571.2">(15.20)Az elmúlt 25 év adatait látva a baj még nagyobb, mint volt. És ez a diagnózis Magyarországra is igaz. A tudomány, a szakmai és civil szervezetek folyamatos figyelmeztetése hallatszik, hogy az éghajlatváltozás veszélyezteti életkilátásainkat. Ennek ellenére a kormány megszüntette a környezet- és természetvédelem kormányzati képviseletét, elszabotálja az éghajlatváltozási stratégia napirendre tűzését, és meg sem hallja az LMP megoldási javaslatait. Ezzel a magyar emberek jövőjét sodorja veszélybe.Államtitkár Úr! 2017 novemberében az ENSZ bonni klímacsúcs-konferenciáján 200 ország tárgyalt a párizsi megállapodás megvalósításának szabályairól. Jó lenne tudni, hogy Magyarország milyen mandátummal ment a tárgyalásokra, mit vállalunk az üvegházhatású gázok kibocsátása és az alkalmazkodás terén. Készítenek&#8209;e értékelést annak tudatában, hogy a klímacsúcson közzétett elemzések szerint Magyarországot az alacsony klímavédelmi teljesítményű országok közé sorolták? Erre vajon választ ad&#8209;e majd a NÉS? Nem gondolja, hogy az elmúlt évek egyes, a fenntarthatósággal és a klímaalkalmazkodással szembemenő, a Fidesz-KDNP-többség által áterőltetett törvénymódosításai &#8209; például erdőtörvény, vízgazdálkodási törvény &#8209; már most aláássák a NÉS céljait?A kormány ne feledje a felelősségét: az éghajlatváltozás várható hatásai tekintetében Magyarország a legsérülékenyebb országok közé tartozik. Várom megtisztelő válaszát.</seg>
</u>
        <u xml:id="ParlaMint-HU_2017-11-27-interpellation-IC7_18572" who="#ErzsébetSchmuck" ana="#regular"><kinesic type="noise"><desc>IKOTITY ISTVÁN (LMP): Köszönöm, elnök úr. Tisztelt Államtitkár Úr! Az ivóvízhez való jog az élethez és az emberi méltósághoz való joghoz kapcsolódik. 2010-ben a víz világnapján az Európai Unió megerősítette, hogy valamennyi államnak kötelessége a biztonságos ivóvízhez való hozzáférés biztosítása, amely víznek rendelkezésre kell állnia, továbbá fizikailag elérhetőnek, megfizethetőnek és elfogadhatónak kell lennie. Magyarország e téren hosszú évtizedekig élenjáró volt, és az állampolgárok ehhez való jogát az Alaptörvény is elismeri, mégis, mintha az utóbbi években az egészségesivóvíz-szolgáltatásban bizonytalanságok és új keletű problémák mutatkoznának, dacára a hangzatos, bár a végrehajtást tekintve folyamatosan halasztott programoknak és a jelentős EU-források bevonásának. Magyarország az emberi fogyasztásra szánt víz minőségéről szóló 98/83/EK irányelv alapján korábban országos ivóvízminőség-javító programot indított. Azóta sok év telt el, a határidők lejártak. A Fidesz immár harmadik ciklusban is felelőse az előrehaladásnak, de az eredetileg kitűzött célt mégsem érték el, a megvalósítás számos sebből vérzik, miközben már tovább kellene haladni az infrastruktúra halaszthatatlan rekonstrukciós feladata irányába. Még ahol nagy nehezen be is fejezték a sok milliárdos korszerűsítéseket, ott sem mindig zajlik minden tökéletesen, gondok vannak az új vízminőség körül akár technológiai, akár biológiai szempontból &#8209; Szeged, Hortobágy, Makó, Szentes vagy akár Baja és környéke. Az NFM tájékoztatása szerint is az ivóvízminőség-javító projektek kapcsán országosan 32 projektnél összesen 46 esetben állapítottak meg szabálytalanságot. Önkormányzati és víziközmű-szakemberek panaszkodnak a megvalósítás, a tenderek, alkalmazott technológiák, a közbeszerzésben kiválasztott cégek és a műszaki átvétel és ellenőrzés nemmegfelelőségéről. A lakosság pedig arról, hogy a fejlesztések végére nem színes, szagos, zavaros, élvezhetetlen vízre vágytak, de azt kapták, és sok helyen a megfelelő szolgáltatás helyett zacskós, lajtos vízzel kell beérniük. Kérdésem: hogyan folyik és hol áll az EU-források által támogatott ivóvízminőség-javító beruházások végrehajtása és ellenőrzése, a hibákat elkövetők számonkérése? Ki és miből fedezi a szükséges korrekciót, pótlólagos fejlesztések költségeit? Megállapították&#8209;e bármely kivitelező felelősségét? Mi a következménye a szabálytalanságoknak? Az EU az ivóvízminőség-javítás támogatásának feltételéül szabta, hogy a kiépített rendszerek 30 éves élettartama alatt a díjak fedezzék a szükséges pótlásokat, fenntartható legyen a rendszer. Ezt a lehetőséget azonban a díjképzés jelenlegi szabályozása és a működtetők gyakori kényszerhelyzete veszélyezteti. Ezzel a feladattal mi lesz? Várom államtitkár úr válaszát.</desc></kinesic>
</u>
        <u xml:id="ParlaMint-HU_2017-11-27-interpellation-IC7_18573" who="#TamásHarangozó" ana="#regular"><note>DR. HARANGOZÓ TAMÁS (MSZP):</note>
<seg xml:id="IC7_18573.1">Köszönöm a szót, elnök úr. Tisztelt Országgyűlés! Választókerületemben, Tolna megyében az emberek hétről hétre kénytelenek szembesülni az önök által kreált központosított hulladékgazdálkodási rendszer teljes csődjével. Szekszárdon és környékén hetek óta akadozik, sőt lényegében leállt a hulladékszállítás, mindezt a források és eszközök hiányában az önkormányzatok kénytelenek tétlenül szemlélni. Mielőtt az államtitkár tagadná a helyzet súlyosságát, szó szerint idézek a helyi szolgáltató honlapján olvasható közleményből: &#8222;Mindent megteszünk annak érdekében, hogy az elmaradt szállítási feladatainkat pótoljuk, és mihamarabb visszaállítsuk az eddigi, megszokott és jogosan elvárt szolgáltatási színvonalat.&#8221; Számtalan alkalommal figyelmeztettük önöket, hogy katasztrofális következményekkel járhat az a rombolás, amit a hulladékgazdálkodásban véghez vittek. Nemcsak mi, ellenzéki politikusok, hanem a települési önkormányzatok vezetői is kétségbeesetten üzentek számtalan alkalommal. Minden érintett szereplő látta, csak valamilyen oknál fogva a kormány nem akarja észrevenni, hogy az államosítás káoszba dönti ezt a közszolgáltatást &#8209; teszem hozzá: is. Amiről beszéltünk, sajnos bekövetkezett: az államosított rendszer összefogására hivatott, az önök szakmai irányítása alatt álló NHKV Zrt. teljes kudarcot vallott, még a díjbeszedésre is alkalmatlannak bizonyult, az egyéb szervezési feladatokról már nem is beszélve. Késve, illetve összevissza számláznak, ez egyfelől rendkívül sok bosszúságot okoz a sokszor több negyedéves összevont számlát kézhez kapó polgároknak, másfelől a hulladékgazdálkodás egész rendszerének finanszírozását aláássa. Nincs elég pénz tankolni és szervizeltetni a szemétszállító autókat sem, nem tudnak időben fizetni a közszolgáltatást ténylegesen nyújtó cégeknek, amelyek mára már a tartalékaikat is felélték, nemegyszer hitelből gazdálkodnak. Önök olyan, érdemi feladatellátásra alkalmatlan, pénznyelő gigaszervezetet hoztak létre, mint az oktatásban a tanárok és szülők által utált KLIK vagy a tűzoltók és kéményseprők esetében az OKF. Kérdezem az államtitkár urat, mikor vetnek végre véget ezeknek az áldatlan állapotoknak. Mikor látják be, hogy az államosítás és az önök által életre hívott gigaszervezet kudarcot vallott? Hajlandóak&#8209;e korrigálni hibás intézkedésüket, megszüntetni a két éve működésképtelen NHKV Zrt.-t, és újraszervezni a hulladékgazdálkodás rendszerét? Mikor állhat végre helyre a szemétszállítás rendje Tolna megyében és az egész országban? Várom a válaszát</seg>
<kinesic type="applause"><desc>Taps az MSZP soraiban.</desc></kinesic>
</u>
        <u xml:id="ParlaMint-HU_2017-11-27-interpellation-IC7_18574" who="#RózsaHoffmann" ana="#regular"><note>DR. HOFFMANN RÓZSA (KDNP):</note>
<seg xml:id="IC7_18574.1">Köszönöm szépen, elnök úr. Tisztelt Államtitkár Úr! 2010 októberében a tisztelt Ház határozatot fogadott el, amelynek értelmében a magyar iskolások legalább egy ízben életükben, iskoláskorukban állami támogatással eljuthatnak határon túli területekre, és cserekapcsolatok keretében minél több külhoni magyar fiatal látogathat el Magyarországra. Ezzel indult útjára a Határtalanul!-program, amelynek köszönhetően 2013 óta már 200 ezer magyar diák utazott külhonba, illetve 12 ezer határon túli magyar diák kereshette fel az országot. A programban 1400 iskola 7. osztályos tanulója látogatta meg a külhoni vidékeket, illetve 9. évfolyamos középiskolás diákok közösen megvalósítható projekt keretében működhetnek együtt hasonló korú magyar társaikkal.(Az elnöki széket Jakab István, az Országgyűlés alelnöke foglalja el.)</seg>
<seg xml:id="IC7_18574.2">A kormány célja ezzel a programmal éppen az, hogy senki ne fejezhesse be iskolai tanulmányait anélkül, hogy életében legalább egyszer állami segítséggel személyesen szerezhessen tapasztalatot határon túli területeken arról, hogy hogyan élnek ott a magyarok, tömbben vagy szórványban, a Felvidéken, Vajdaságban, Erdélyben vagy éppenséggel Kárpátalján. A nemzeti összetartozás, a magyar-magyar személyes kapcsolatok megtapasztalása mellett ezeken a területeken meglátogathatják a magyar történelemből, művelődéstörténetből ismert nevezetes helyszíneket és földrajzot.Mindannyiunk közös érdeke, hogy ezek a kezdeményezések megvalósulhassanak. Magam mint kereszténydemokrata képviselő, úgy látom, hogy a Fidesz-KDNP-kormány és az országgyűlési képviselőink számára fontos, hogy a kettős állampolgárság mellett a személyes élményeken alapuló kapcsolat legyen az összetartozás alapja. A kormány ehhez ad segítséget pályázati támogatás formájában, amelyből elszámolható az utazás, a szállásköltség, az étkezés, a napidíj, a projektvezetők tiszteletdíja vagy éppen a múzeumi belépők költsége.A program céljaival teljes mértékben azonosulva kérdezem, tisztelt államtitkár úr, hogy melyek a programmal és a pályáztatással kapcsolatos eddigi tapasztalatok, és mekkora összeget fordít a kormány ebben az évben ennek a sikeres programnak a folytatására</seg>
<kinesic type="applause"><desc>Taps a kormánypárti padsorokban.</desc></kinesic>
</u>
        <u xml:id="ParlaMint-HU_2017-11-27-interpellation-IC7_18576" who="#ZsoltEgyed" ana="#regular"><note>EGYED ZSOLT (Jobbik):</note>
<seg xml:id="IC7_18576.1">Köszönöm szépen a szót. Tisztelt Elnök Úr! Tisztelt Államtitkár Úr! Az elmúlt években egyre hangosabb a hazai média, és egyre nagyobb figyelmet szentelnek az állatvédelem hiányosságainak, ami dicséretes, de kevés. Az utóbbi időben sorra kerülnek elő olyan ügyek, ahol brutálisan kínoznak, bántalmaznak állatokat, legfőképpen az ember legjobb barátját, a kutyát. Nem kell bemutatnom a deteki esetet szerintem senkinek sem, ahol az alpolgármester fia és annak barátja baseballütővel pusztítottak el egy kutyát, amit videóra is vettek. Mindkét fiú büntetését felfüggesztették egy évre, azaz nem kellett börtönbe vonulniuk. A másik brutális ügy, amelyről értesültem, Miskolc Kilián-lakótelep parkjában történt, ahol elmondások szerint a kihelyezett mérgek szedik a négylábú áldozatokat. Utólag a terület fideszes önkormányzati képviselője jelezte, hogy az ott elszaporodott patkányok miatt a városgazda rágcsálóirtást végzett a parkban, és elvileg a sűrű tuják tövében helyezték el a mérgeket. Erről viszont az ott élő lakosság semmilyen tájékoztatást nem kapott, noha a parkban az állatok mellett gyerekek is játszanak. A pontot az i-re Fülöp kutya elszomorító esete tette fel. Borzalmas körülmények között tartották, még az állatmentőket is megdöbbentette a látvány, amely a helyszínen fogadta őket. A kutya rövid láncra kötve feküdt egy vashordóban, feje a felismerhetetlenségig eltorzult a nyaka köré tekert szoros zsinór miatt. Ennek ellenére a bíróság &#8209; teljes körű bizonyítási eljárás lefolytatása miatt &#8209; szakértő kirendelését látta indokoltnak, így a tárgyalást november 29-én folytatják, mi pedig kíváncsian és bizakodva várjuk az eredményes ítéletet. Ez mind-mind egyenként is borzasztóan felháborító, és megerősít abban a munkámban, hogy még szigorúbb büntetést kell kiróni az állatkínzókra, amit szigorúan be is kell tartani és tartatni. Igaz, ez idáig nem túl sok eredménnyel, hiszen önök teljes mellszélességgel az állatkínzók mellett állnak mindaddig, ameddig nem történik pozitív változás, nem hajlandóak megfogadni a jobbító javaslatainkat. Évről évre nem tesz ugyanis semmit a kormány az állatvédelem ügyében. Látszatintézkedések mennek végbe, és semmitmondó válaszokat kapok, pedig higgyék el, ez nemcsak a Jobbik álláspontja, hanem azoké az embereké is, akik nap mint nap életeket mentenek, nem sajnálva időt, pénzt és energiát, amit befektetnek a bajba jutott állatok mentésére. Tisztelt Államtitkár Úr! Kérdezném, hogy mit tett a kormány az állatkínzás visszaszorítása érdekében. Mikorra várható a Btk. azon részének módosítása, ami az állatkínzás szigorítására vonatkozik? Mikor fogják elismerni és megfelelően segíteni az állatvédelemmel foglalkozók munkáját? És mikor fogják megteremteni a forrásokat ahhoz, hogy ezek az emberek, akik állati életeket mentenek, normális körülmények között tudják végezni a munkájukat? Várom érdemi válaszát</seg>
<kinesic type="applause"><desc>Taps a Jobbik padsoraiból.</desc></kinesic>
</u>
        <u xml:id="ParlaMint-HU_2017-11-27-interpellation-IC7_18577" who="#DánielZ.Kárpát" ana="#regular"><note>Z. KÁRPÁT DÁNIEL (Jobbik):</note>
<seg xml:id="IC7_18577.1">Tisztelt Elnök Úr! Tisztelt Ház! Az utóbbi hónapokban számtalan alkalommal hallgattuk végig, hogy a CSOK kiterjesztése, annak rendszere hány tízezer magyar honfitársunkon segített, és én ezt nem akarom elvitatni, ennek nagyon örülök. Ugyanakkor számtalan alkalommal rávilágítottam arra, hogy a CSOK kiterjesztése jelesül a felső középosztálytól fölfelé tud segíteni érvényesülni. Én nem sajnálom senkitől a segítséget, de egyértelműnek látom, hogy azokat célozták meg vele, akik a legkevésbé szorulnak rá erre a konstrukcióra. Ugyanakkor Magyarországon egyértelmű lakhatási válság dúl, és nagyon sokan a több százezer kivándorolt közül azért választottak másik országban munkahelyet és az ottani relatíve magasabb fizetést, mert úgy érezték hazánkban, hogy az itteni bérszínvonal mellett családi segítség nélkül, önállóan elérhetetlen az önálló otthon. Tehát én most azokért szólalok itt meg, akik több százezren panellakásokban laknak, semmiféle kedvezményes lehetőséget nem kapnak azt illetően, hogy könnyebben szerezzenek otthont, tehát adott esetben bérlakásépítések tömegével, vagy ha felújítanák a lakásukat, ha lehet az ingatlanjukat bővíteni, akkor pedig bővítenék, ehhez kedvezményeket kaphatnának; a Jobbik álláspontja szerint, mondjuk, a CSOK kedvezményes hitelének kiterjesztésével egy olyan irányba, hogyha legalább egy energetikaiszint-ugrással jár az ingatlan tekintetében ez a fejlesztés, akkor az egész kedvezménytömeget kaphassák meg. Ezzel szemben azt látjuk, hogy Magyarországon a kedvezményezettek köre jelesül a gazdagabb társadalmi csoportokra szorítkozik, és nagyon sokan évtizedes távlatban nem látják azt a lehetőséget, hogy hogyan tegyenek szert egy saját ingatlanra. Szeretném kihangsúlyozni, hogy mindennek demográfiai vetülete is van, hiszen a vágyott gyermekek közül nagyon sokan azért nem jönnek, jöhetnek világra, mert egész egyszerűen nincs egy saját ingatlan, nincs egy saját élőhely, ahol a család el tudja kezdeni saját életét. Nálunk szerencsésebb helyzetben lévő nemzetgazdaságokban egy bérlakásprogram erre is tökéletes lehetőséget nyújt. Ugyanakkor azt látjuk, hogy a panelban élő magyar állampolgárok egész egyszerűen kimaradtak a szórásból és ennek a kormánynak a számításaiból, miközben még az amúgy pazarló módon elherdált uniós források egy része is bevonható lett volna a polgárok általi ingatlanfejlesztésekre felújítások céljából. Ugyanakkor ez a kormány volt az, amely meghúzta a vonalat, és pusztán a közintézmények fejlesztésére fordította ezeket az érkező forrásokat. Nem tette tehát lehetővé, hogy a nagyon alacsony bérszínvonal mellett élő magyar állampolgárok önerejükből legalább néminemű fejlesztést hajthassanak végre. Adódik tehát a kérdés: mit üzen ez a kormány a felső középosztálynál most jelen pillanatban lejjebb élő, ranglistán lejjebb található magyar állampolgárok számára? A mi fejünkben nincsen ranglista, de szemmel láthatóan az önök világában, dimenziójában van.A Jobbik bérlakásprogramja mindenkinek kedvez, mindenkinek lehetőséget nyújtana. Adódik a kérdés, hogy a &#8222;többiek&#8221; számára mit üzen a Fidesz-KDNP. Köszönöm a lehetőséget</seg>
<kinesic type="applause"><desc>Taps a Jobbik soraiból.</desc></kinesic>
</u>
        <u xml:id="ParlaMint-HU_2017-11-27-interpellation-IC7_18578" who="#ZoltánMagyar" ana="#regular"><note>MAGYAR ZOLTÁN (Jobbik):</note>
<seg xml:id="IC7_18578.1">Köszönöm a lehetőséget, elnök úr. Tisztelt Ház! Képviselőtársaim! A magyar mezőgazdaság számtalan problémája közül ma azokból szemezgetek, amelyek megoldásához még csak pluszforrás sem kellene, csupán tisztességes, hatékony és életszerű hozzáállás, legfőképpen önöktől. Nézzük, mi a helyzet a mezőgazdasági támogatások kifizetésével! Akit érint, az tudja, hogy a gazdák számára járó támogatások kifizetése évről évre csúszik. Ez visszatérő probléma. Pontosan ugyan nem ismert, hogy ezek a csúszások hány gazdálkodót érintenek, hiszen ez a szám attól függ, hogy éppen melyik minisztériumot kérdezem meg, de mindenesetre konkrét jelzések érkeztek hozzám arra vonatkozóan, hogy még 2016-os ökotámogatásokat sem kaptak meg az érintett gazdálkodók. Ugyancsak sokakat elkerül a támogatási előleg kifizetése. Aki például változásvezetést kér, az biztos lehet benne, hogy komoly csúszásokkal számolhat, január-április között sem valószínű, hogy megkapja a támogatását. Úgy tűnik tehát, hogy önöknél a változásvezetés valamiféle büntetést von maga után. Teljesen érthetetlen a gazdálkodók számára és számomra is, hogy a támogatási összeg 1-2 százalékát jelentő változás miatt miért kell fél évnél is tovább visszatartani a teljes támogatási összeget. Sok panasz érkezik hozzánk a hivatali kommunikáció problémáiról is. A megyei és országos ügyfélszolgálat gyakorlatilag semmiféle hasznos információt nem hajlandó szolgáltatni, ami az ügyintézés valós állapotára vonatkozna. A leggyakoribb válasz az, hogy az ön ügye intézés alatt van, nem tudjuk, mikor lesz eredmény. A döntés és a kifizetés határideje egyébként is semmiféle következménnyel nincs önökre, ha van is határidő, azt rendre és önkényesen meghosszabbíthatják bármikorra. Ráadásul a legfelháborítóbb az, hogy az ügyintéző gyakran jelzi is a panasztevőnek, hogy ugyan tehet panaszt, de annak semmiféle következménye nincs, legfeljebb az, hogy a kellemetlenkedő gazda ügyét még hátrébb sorolják. Aki levelet kap a hivataltól, tapasztalhatja, hogy gyakran tíz-húsz oldalas levelek közül kell kibogarászni azt a 8-12 sort, amire a gazdálkodónak érdemben válaszolnia kellene. A hivatal elektronikus rendszere is rendkívül bonyolult, még a számítógépes használattal rendelkezők is elakadnak rajta, képtelenek, hogy egy-egy mellékletet feltöltsenek vagy bármilyen kérdésre reagáljanak. Hangsúlyozom, hogy ez nem az ő hibájukból fakad. Ráadásul ezek a támogatások a magyar gazdálkodók tízezrei számára a gazdálkodás szerves részét képezik, ebből törlesztik a vállalkozási hitelük tőkéjét, ebből vennének gépeket, és fizetnék partneri számláikat is. Tehát nem arról van szó, hogy valamiféle bónuszt vagy extra kedvezményt kapnának önöktől, ez a gazdálkodás szerves része. Mindezek alapján szerintem joggal tesszük fel a kérdést, hogy mikor tesznek érdemi lépéseket, mikor fejezik be ezt a gazdaellenes magatartást, mikor leszünk a gazdák szempontjából is egy normális európai ország. Várom érdemi válaszát</seg>
<kinesic type="applause"><desc>Taps a Jobbik soraiban.</desc></kinesic>
</u>
        <u xml:id="ParlaMint-HU_2017-11-27-interpellation-IC7_18580" who="#IstvánHiller" ana="#regular"><note>DR. HILLER ISTVÁN (MSZP):</note>
<seg xml:id="IC7_18580.1">Tisztelt Elnök Úr! Képviselő Asszonyok és Képviselő Urak! Tisztelt Államtitkár Úr! Az elmúlt hetekben több olyan összegzés jelent meg, amely a gimnazisták létszámának radikális csökkenését mutatta. Ezek a publikációk arról számolnak be, hogy 2010 óta mintegy 20 százalékkal csökkent az említett középfokú közoktatási intézményeket látogatók száma, hozzávetőlegesen 201 ezerről 181 ezerre. Ezt a csökkenést nem indokolja az egyébként létező és súlyos demográfiai probléma. Meglátásom szerint, tisztelt államtitkár úr, az önök kormányának tudatos és elhibázott koncepciója a valódi magyarázat, amely szerint a gimnáziumi érettségi vagy akár a felsőoktatási diploma kevesebbet ér, mint egy szakképzésben elnyert bizonyítvány, magyarán önök arra ösztönzik a magyar családokat és fiatalokat, hogy gimnázium, egyetem helyett inkább a szakképzésbe menjenek. Interpellációm arra irányul, tisztelt kormánypárti többség, hogy ezt a köztünk lévő alapvető és koncepcionális különbséget bemutassam, illetve kérjem az ön, tisztelt államtitkár úr és a kormány véleményét. Minden tapasztalat, tisztelt hölgyeim és uraim, hazai és külföldi felmérés, munkaerőpiaci kimutatás egyértelműen és kivétel nélkül állítja, hogy a diplomás szerte az Európai Unióban, de különösképpen ezen belül Magyarországon többet keres, jobban érvényesül és biztosabb a munkahelye, mint annak, akinek nincsen diplomája. Egyértelmű, hogy még gazdasági válság idején is könnyebben talál munkahelyet, illetve a már meglévő munkahelyét nehezebben veszíti el az, akinek van diplomája. Ezt a tényt azzal szembeállítani, hogy nincs elég szakmunkás Magyarországon &#8209; ami egyébként önmagában igaz állítás &#8209;, koncepcionális tévedés. Azért nincs elég szakmunkás Magyarországon, mert elmennek külföldre, mert az önök kormányának nem sikerül vonzó és biztos körülményeket teremteni, így aztán Szlovéniától Németországig és Londontól Bécsig dolgoznak azok, akik a magyar munkaerőpiacról hiányoznak. Ez azonban semmilyen módon nem ok arra, hogy szűkítsék a felsőoktatási intézményekbe való bejutás lehetőségeit, és hogy olyan véleményt képviseljenek, amely egyébként csökkenti a jelenlegi magyar tanulóifjúság majdani munkaerőpiaci versenyképességét. Ezért, tisztelt államtitkár úr, kérdezem: ön szerint mégis akkor mi a magyarázat a gimnazisták számának radikális csökkenésére? Miért nem akarják, hogy a magyar fiatalok egyetemre járjanak? Ön szerint pótolhatók&#8209;e azok a szakmunkások, akik külföldre mennek, azokkal, akik egyébként gimnáziumban, felsőoktatási intézményben akarnának tanulni? Köszönöm szépen a válaszát. Köszönöm, elnök úr</seg>
<kinesic type="applause"><desc>Taps az MSZP soraiban.</desc></kinesic>
</u>
        <u xml:id="ParlaMint-HU_2017-11-27-urgent_question-AC7_18163" who="#GyörgySzilágyi" ana="#regular"><note>SZILÁGYI GYÖRGY (Jobbik):</note>
<seg xml:id="AC7_18163.1">Köszönöm szépen a szót. Tisztelt Ház! Ma Magyarország leggazdagabb cége a „Fidesz Zrt.”, amely egy eddig nem ismert formát választott a meggazdagodásra: politikai pártként vannak bejegyezve, de fő tevékenységük gazdasági jellegű, elsősorban a közpénzek megcsapolására szakosodtak. A zrt.-t egy személyben a vezérigazgató irányítja, aki szereti bitorolni a „Magyarország miniszterelnöke” titulust is, vagyis ön, Orbán Viktor. A „Fidesz Zrt.” célja a minél nagyobb mértékű közpénzek megcsapolása, és erre céghálózatot hoztak össze a zárt rendszerbe bekerülő strómanokon keresztül. Andy Vajna, Mészáros Lőrinc, Garancsi István, Habony Árpád, és még sorolhatnám, valamennyien strómanként, különböző területeken tevékenykednek. Ezek a szereplők látszólag különállóan működnek, de a valóságban kizárólag a „Fidesz Zrt.” fennhatósága és irányítása alatt végzik a tevékenységüket; amíg a „Fidesz Zrt.” zárt társaságába tartoznak, addig biztosított számukra, hogy minél több közpénzt tulajdonítsanak el, minél több állami és EU-s forráshoz jussanak hozzá, minél több pályázatot nyerjenek, és túlszámlázásokkal és egyéb trükkökkel minél nagyobb haszonra tegyenek szert Magyarország, a magyar emberek kárára.</seg>
<seg xml:id="AC7_18163.2">Éppen ezért Orbán Viktor, tehát ön ma Magyarország leggazdagabb embere, és nem Csányi Sándor, hiszen ha a strómanok által összeharácsolt vagyont összeadjuk, akkor senki nem versenyezhet önnel. Egy személyben ön rendelkezik e felett a vagyon felett, ön dönt a Balaton, Tokaj-Hegyalja, a média, szállodák, luxusjachtok és luxusingatlanok felvásárlásáról, uralja szinte a teljes médiát, és mint egy keresztapa, emberi sorsokról is ön dönt. Tehát kimondhatjuk: Magyarország miniszterelnöke a „Fidesz Zrt.”-n és strómanok hálózatán keresztü</seg>
<seg xml:id="AC7_18163.3">(Derültség a kormánypártok soraiban.)</seg>
<seg xml:id="AC7_18163.4">kizárólag a saját gyarapodásáért és gazdagodásáért dolgozik, és nem Magyarország felvirágoztatásáért.</seg>
<seg xml:id="AC7_18163.5">Miniszterelnök Úr! Jó ez így, hogy ön a „Fidesz Zrt.”-n keresztül kirabolja Magyarországot</seg>
<kinesic type="noise"><desc>Németh Szilárd István közbeszól. - Az elnök csenget.</desc></kinesic>
<seg xml:id="AC7_18163.6">Várom válaszát</seg>
<kinesic type="applause"><desc>Taps a Jobbik soraiban.</desc></kinesic>
</u>
        <u xml:id="ParlaMint-HU_2017-11-27-urgent_question-AC7_18165" who="#BernadettSzél" ana="#regular"><note>DR. SZÉL BERNADETT (LMP):</note>
<seg xml:id="AC7_18165.1">Köszönöm a szót, elnök úr. Tisztelt Miniszterelnök Úr! Én most az egyszülős családok nevében fordulok önhöz. Bizonyára ön is tudja, hogy minden ötödik magyar család egyszülős család, és azt is tudja, hogy több mint félmillió gyermek egyszülős családokban cseperedik fel, és azt is tudja, hogy 350 ezer magyar család van olyan helyzetben, 95 százalékban az édesanyák, akik egyedül nevelik a gyermekeiket.</seg>
<seg xml:id="AC7_18165.2">Úgy látom, hogy önök, miközben a családokról beszéltek, egyáltalán nem ragadtak meg minden lehetőséget, hogy ezeknek a családoknak segítsenek, és arra szeretném felhívni az ön figyelmét, hogy nincs mire várni. Ugyanis a szegénységi kockázat ezekben a családokban pontosan akkora, mint a sokgyermekes családokban, a nagycsaládokban, és azt gondolom, hogy egyetlenegy magyar miniszterelnök sem válogathat család és család között, mindenkin segíteni kell.</seg>
<seg xml:id="AC7_18165.3">A következő a helyzet: jelenleg ezek a családok 13 700 forintot kapnak családi pótlékként. A Lehet Más a Politika azt javasolta első lépésben, hogy 45 százalékkal, 20 ezer forintra emeljék meg a családi pótlékot ezeknek a családoknak, és én azt is szeretném az ön figyelmébe ajánlani, hogy ez körülbelül nulladik segítség lenne. Volt egy javaslat, ami korábban már a KDNP segítségével - hogy ilyen PC-n fogalmazzak - átment, én azt javasoltam, hogy a bölcsődei várakozási sorban kerüljenek előre az egyszülős családok gyermekei, könnyebben jussanak be bölcsődébe, logikus, hogy miért. A helyzet az, hogy akkor a bizottsági ülésen Harrach Péter azt mondta, hogy nem rossz ötlet, de attól tart, hogy a családok majd papíron jól elválnak azért, hogy a gyermek bejusson bölcsődébe. Na, ezek szerint sikerült meggyőzni Harrach Pétert arról, hogy a magyar családok nem ilyen elvetemültek, ugyanis a KDNP sajátjaként nyújtotta be ezt az LMP-s javaslatot, és most ez törvényjavaslatként működik.</seg>
<seg xml:id="AC7_18165.4">Én most azért fordulok önhöz, mert lehet, hogy önre is hasonló hatással leszek, mint Harrach Péterre, és meg fogja emelni ön - vagy ahogy ön fogalmazni szokott: ön megemeli - azt a 13 700 forintot 20 ezer forintra. Én azt gondolom, hogy ez első lépésben nagyon sokat tudna jelenteni ezeknek a családoknak. Miniszterelnök úr, kérem, foglaljon egyértelműen állást: támogatja-e ezt a növelést vagy nem</seg>
<kinesic type="applause"><desc>Taps az LMP soraiból.</desc></kinesic>
</u>
        <u xml:id="ParlaMint-HU_2017-11-27-urgent_question-AC7_18167" who="#ÁkosHadházy" ana="#regular"><note>DR. HADHÁZY ÁKOS (LMP):</note>
<seg xml:id="AC7_18167.1">Köszönöm szépen. Ha több kérdésre is lenne lehetőségem, akkor arról a manipulációról is kérdezném, amelyet a visszaküldött nemzeti konzultációs ívek számával végeznek az önök részéről. Azonban most egy másik manipulációról, ennél sokkal fontosabb manipulációról szeretném kérdezni, ami emberéleteket is követel, ez pedig a kórházi közbeszerzésekkel folytatott manipuláció. Ezt a múltkori beszélgetést szeretném folytatni. Sajnos, folytatni kell, mert azóta újabb négy esetben kaszálta el a döntőbizottság az Állami Egészségügyi Ellátó Központ közbeszerzését. Az első kérdésem, hogy tud-e ön ezekről az esetekről, tud-e ön arról, hogy most már nem 50 millió forintot kell ennek az ellátó központnak visszafizetni büntetésként, hanem 100 millió forintot.</seg>
<seg xml:id="AC7_18167.2">A második kérdés a módszerről szól. Az új módszer az volt, hogy egybevettek a közbeszerzésnél teljesen különböző dolgokat. Azt szeretném öntől megkérdezni, hogy mi lehet arra a magyarázat, ön szerint miért kellett olyan közbeszerzést kiírni, ahol egyszerre lehetett csak árajánlatot adni kórházi ágyakra, ágyneműkre, takarókra, lepedőkre és defibrillátorokra, illetve infúziós pumpákra. Tehát nem lehetett külön-külön, hanem egyszerre kellett ezekre az eszközökre beadni pályázatot. Ahhoz tudnám ezt hasonlítani, ha nem érti teljesen a kérdést, mintha közbeszerzést írtak volna ki közlekedési eszközökre, de egyszerre lehetett volna csak villanymozdonyra, biciklire, autóra, teherautóra és repülőre is.</seg>
<seg xml:id="AC7_18167.3">Mi lehet ebben, az a kérdés, hogy ön szerint mi magyarázhatta ezt. Azt hiszem, józan ésszel nagyon nehéz ezt megmagyarázni, remélem, hogy önnek lesz józan esze hozzá. Hiszen ezzel csak egyetlenegy dolgot tudunk elérni, hogy egy úgynevezett csomagolócéget hozunk be a képbe, amely megvásárolja az eszközöket, és plusz ráteszi az ő árrését, így nyilvánvalóan drágábban vásárol az állam. A kérdésem tehát, hogy mi ennek az oka.</seg>
<seg xml:id="AC7_18167.4">A másik kérdés, hogy hol tart az a vizsgálat, amit ön a múltkor ellenem indítványozott. Köszönöm szépen.</seg>
</u>
        <u xml:id="ParlaMint-HU_2017-11-27-urgent_question-AC7_18354" who="#GáborVona" ana="#regular"><note>VONA GÁBOR (Jobbik):</note>
<seg xml:id="AC7_18354.1">Tisztelt Miniszterelnök Úr! Talán ez az utolsó alkalom, hogy ebben a ciklusban, ebben a formában kérdezhetem önt. Úgyhogy én úgy döntöttem, hogy most nem fogom kellemetlen kérdésekkel faggatni sem bankszámlákról, sem strómanokról, sem ellopott pénzekről nem fogom kérdezni, hanem csupán egyetlenegy kötelességére szeretném figyelmeztetni a miniszterelnök urat, ez pedig egy olyan dolog, ami minden európai országban természetes és normális. Ez pedig az, hogy az aktuális kormányfő az ellenzék legerősebb pártjának miniszterelnök-jelöltjével a választások előtt tart egy vitát.</seg>
<seg xml:id="AC7_18354.2">Ez minden európai országban normális és természetes, és jelenleg Magyarországon ez azt jelenti, miniszterelnök úr, hogy önnek és nekem kell egy vitát tartanunk a választópolgárok előtt</seg>
<kinesic type="signal"><desc>Derültség a kormánypárti padsorokban. - Egy hang a Fidesz padsoraiból: Micsoda önbizalom! - Az elnök csenget.</desc></kinesic>
<seg xml:id="AC7_18354.3">(16.10)</seg>
<seg xml:id="AC7_18354.4">Ha miniszterelnök úr azért menekül most már jó ideje ez elől a vita elől, mert attól tart, hogy ezen vita során a már említett kellemetlen kérdésekkel kívánom önt sarokba szorítani, akkor szeretném megnyugtatni miniszterelnök urat: miniszterelnök úr, téved, én nem kívánok ezekkel a kérdésekkel foglalkozni, kizárólag Magyarország jelenéről és jövőjéről szeretnék beszélni, megmutatni azt, hogy kinek milyen ajánlata van a magyar emberek számára 2018 után.</seg>
<seg xml:id="AC7_18354.5">Talán ön is emlékszik, miniszterelnök úr, hogy 15 évvel ezelőtt ön meghívott a személyes polgári körébe engem. Én ott töltöttem egy évet, aztán kiléptem ebből a polgári körből, de ott és akkor én egy olyan embert ismertem meg önben, aki nem fut el a kihívások elől, és nem menekül el a viták elől. Most azzal a reménnyel fordulok önhöz, hogy az az Orbán Viktor, akit ott megismertem, az talán még valahol, nagyon mélyen ott szunnyad önben, és ezért kérem, hogy fogadja el ezt a kihívást, mert higgye el, ez a vita nem az én érdekem, miniszterelnök úr, nem is az ön érdeke, ez Magyarország érdeke.</seg>
<seg xml:id="AC7_18354.6">A magyar emberek megérdemlik azt, hogy megismerjék a két esélyes pártnak a programját, és megismerjék a két esélyes miniszterelnök-jelöltnek az ajánlatát a magyar választópolgárok számára döntésük előtt, 2018-ban. Én nyitott vagyok erre a vitára, és tisztelettel kérem, önt, miniszterelnök úr, hogy legyen ön is nyitott rá</seg>
<kinesic type="applause"><desc>Taps a Jobbik soraiból.</desc></kinesic>
</u>
        <u xml:id="ParlaMint-HU_2017-11-27-urgent_question-AC7_18615" who="#IldikóBangónéBorbély" ana="#regular"><note>BANGÓNÉ BORBÉLY ILDIKÓ (MSZP):</note>
<seg xml:id="AC7_18615.1">Köszönöm, elnök úr. Miniszterelnök Úr! Az erőszak, a bántalmazás lehet-e a mindennapjaink része? Lehet-e az egyénnek, a közösségnek, a hatalomnak szemet hunynia az erőszak, a bántalmazás felett? Önök szerint igen.</seg>
<seg xml:id="AC7_18615.2">A családon belüli erőszak maradjon családon, kapun belül. Önök szerint ez így van jól. Az erőszak a hatalom napi szintű alkalmazásáról, érvényesítéséről szól. Azt jelenti, hogy a tulajdonom vagy, azt csinálok veled, amit akarok.</seg>
<seg xml:id="AC7_18615.3">Magyarország 2014 márciusában írta alá az Európai Tanács egyezményét, az isztambuli egyezményt. A magyar jogrendbe emelése, ratifikálása máig nem történt meg. Az elmúlt években már több verziót és időpontot hallhattunk az egyezmény ratifikálására. Önök végig hazudtak.</seg>
<seg xml:id="AC7_18615.4">Két hete a mindentudó Németh Szilárd, a Fidesz alelnöke azt mondta: amíg fideszes többségű parlament működik Magyarországon, addig esélytelen, hogy az egyezmény átmenjen a Házon, soha nem fognak olyan egyezményt támogatni, ami a hagyományos családmodellt támadja.</seg>
<seg xml:id="AC7_18615.5">Nem értjük, hogy az isztambuli egyezményhez hogy jön a hagyományos családmodell, hacsak nem az önök fejében összeköti az, hogy a pénz számolva, az asszony verve jó</seg>
<seg xml:id="AC7_18615.6">(Moraj a kormánypárti padsorokban.)</seg>
<seg xml:id="AC7_18615.7">A gyilkosságok több mint 40 százaléka családban történik. A nők 20 százaléka volt már áldozata szexuális erőszaknak, a nők több mint 20 százaléka ellen kíséreltek meg nemi erőszakot. Az édesanyák ellen elkövetett bántalmazások elszenvedői a családban felnövő gyerekek. Több százezerre tehető a bántalmazott gyermekek száma ma Magyarországon. Évente több mint 20 gyermeket vernek agyon a szülei, legtöbb esetben az édesapja. A megismert adatok alapján, 2014-16 között 314 nő vesztette életét, és több mint 50 gyermek. Minek kell még történnie, miniszterelnök úr?</seg>
<seg xml:id="AC7_18615.8">Miniszterelnök Úr! Világos választ várok. Ön az áldozatok vagy a bűnözők pártján áll</seg>
<kinesic type="signal"><desc>Az elnök a csengő megkocogtatásával jelzi az időkeret leteltét.</desc></kinesic>
<seg xml:id="AC7_18615.9">Várom válaszát</seg>
<kinesic type="applause"><desc>Taps az ellenzéki pártok padsoraiban.</desc></kinesic>
</u>
        <u xml:id="ParlaMint-HU_2017-11-27-urgent_question-AC7_18616" who="#AttilaMesterházy" ana="#regular"><note>MESTERHÁZY ATTILA (MSZP):</note>
<seg xml:id="AC7_18616.1">Nagyon szépen köszönöm. Tisztelt Elnök Úr! Tisztelt Ház! 2009. február 24-én a Fidesz képviselője a következő sajtótájékoztatót tartotta: a Fidesz arra szólítja fel a kormányt, hogy a következő választásokig függessze fel a nagyköveti kinevezéseket, mondta Németh Zsolt, az ellenzéki párt külügyi kabinetvezetője keddi sajtótájékoztatóján. Németh Zsolt szerint mindez felér egy diplomáciai, illetve politikai megszállással a magyar külképviseletek felett. Úgy fogalmazott, hogy a Fidesz szerint ez nem illik, helytelen, és ellentétes a magyar és a nemzetközi szokásjoggal, jelentette ki Németh Zsolt, emlékeztetve arra, hogy 2002-ben a Fidesz-kormány külügyminisztere, Martonyi János felfüggesztette a nagykövetek kinevezését a választások előtt. Hangsúlyozta, hogy a Fidesz szerint van vállalható diplomáciai megoldás ezeknek a posztoknak az esetében, az egyik legkézenfekvőbb lehetőség a jelenlegi nagykövetek mandátumának meghosszabbítása vagy ügyvivők megbízása. Németh Zsolt szerint ez utóbbi komoly anyagi megtakarítást is eredményezne.</seg>
<seg xml:id="AC7_18616.2">Ezért kérdezem miniszter urat, hogy hova ez a nagy sietség. Miben változott a Fidesz álláspontja azóta, hiszen az elmúlt két és fél hónapban ön több mint húsz nagykövetjelöltet jelölt a Külügyi bizottságban meghallgatásra. Tehát miért változott a Fidesz álláspontja? A korábbi kormány idején ez még egy diplomáciai és politikai megszállás volt, most pedig napi gyakorlatává vált a miniszternek, a kormánynak és a miniszterelnöknek. Kérdezem, miniszter úr, hova ez a sietség, mire készül, miért ilyen nagy ütemben hozzák be ide a nagyköveteket a Külügyi bizottság elé. Köszönöm szépen</seg>
<kinesic type="applause"><desc>Taps az MSZP soraiban.</desc></kinesic>
</u>
        <u xml:id="ParlaMint-HU_2017-11-27-urgent_question-AC7_18617" who="#GergelyBárándy" ana="#regular"><note>DR. BÁRÁNDY GERGELY (MSZP):</note>
<seg xml:id="AC7_18617.1">Köszönöm a szót, elnök úr. Tisztelt Miniszterelnök Úr! Budai Gyula, az Igazságügyi bizottság fideszes alelnöke a bizottság ülésén, amelyen az igazságszolgáltatás vezetőit hallgattuk meg, a következő mondatot mondta, nyilván ismeri, de idézem: „Hát, azok a bírók, nem? Komcsi mindegyik.” Azaz lekomcsizta a teljes bírói kart, és az önök részéről senki nem határolódott el tőle azóta sem. Szeretném megkérdezni: ez a Fidesz és a kormány hivatalos és igazi véleménye a bírói karról? Ez az ön személyes véleménye is a bírói karról?</seg>
<seg xml:id="AC7_18617.2">Mondhatnánk, hogy ez csak egy elszólás volt. Akkor sem lenne ez rendben, de mindez nem előzmény nélküli. Miniszterei, Rogán Antal, Lázár János, Navracsics Tibor, de ön is tettek olyan kijelentéseket a bírákról, amelyek miatt a Kúriának, az OBH-nak és a Bírói Egyesületnek tiltakoznia kellett. Meg persze emlékszünk a bírák kényszernyugdíjazására és az igazságügyi reformjukra is, amelyről a Velencei Bizottság azt írta, hogy alapjaiban veszélyezteti az igazságszolgáltatás függetlenségét.</seg>
<seg xml:id="AC7_18617.3">A legutóbbi eset után a Bírói Egyesület közleményben a következőt írta: „A Magyar Bírói Egyesület sajnálattal tapasztalta, hogy az elmúlt napokban a jogállamiság kereteit feszegető, a bírói függetlenséget megkérdőjelező, a bírákat és a bírói kart indokolatlanul sértő kijelentések, illetve vélemények láttak napvilágot mértékadó politikusok nyilatkozataiban. Ezek gyakran megalázó, kirekesztő és elfogult kijelentések, alkalmasak az igazságszolgáltatás függetlenségének csorbítására, a bírói karban félelem keltésére, és sértik az Alaptörvény 26. cikkében deklarált alapelvet.” Szerintem ezek nagyon súlyos szavak.</seg>
<seg xml:id="AC7_18617.4">Egy kérést is megfogalmaztak, miniszterelnök úr: „A Magyar Bírói Egyesület ezért felhívja a törvényhozó és a végrehajtó hatalom meghatározó szereplőit, hogy a jogállamiság védelme érdekében mindenkor határozottan lépjenek fel, és az egyesülettel egyetértve határolódjanak el az igazságszolgáltatás függetlenségét sértő kijelentésektől.” Megteszi ezt most végre, miniszterelnök úr? Elhatárolódik? Köszönöm szépen</seg>
<kinesic type="applause"><desc>Taps az MSZP soraiban.</desc></kinesic>
</u>
        <u xml:id="ParlaMint-HU_2017-11-27-urgent_question-AC7_18618" who="#GyulaBudai" ana="#regular"><note>BUDAI GYULA (Fidesz):</note>
<seg xml:id="AC7_18618.1">Köszönöm szépen. Tisztelt Legfőbb Ügyész Úr! Tisztelt Ház! Az Európai Parlament költségvetési ellenőrző bizottsága a héten tárgyalja az Európai Csalás Elleni Hivatal, az OLAF 4-es metróval kapcsolatos csalássorozatáról szóló jelentését. Az OLAF-jelentés alapján a négyesmetró-beruházás egyharmadát, 166 milliárd forintot elloptak, elcsaltak. Az OLAF által kifogásolt szerződések a 2002-2010 közötti időszakban keletkeztek.</seg>
<seg xml:id="AC7_18618.2">Nem csak az OLAF foglalkozott a 4-es metró ügyével. Az Egyesült Királyság Jelentős Csalások Elleni Hivatala szerint az Alstom-vezetők 2,7 millió euró kenőpénzt juttattak a metróberuházás kapcsán magyarországi baloldali politikusoknak. Ebből a pénzből két részletben 600 ezer eurót, mindössze 180 millió forintot kapott Medgyessy Péter volt miniszterelnök feleségének a cége. A kormány az ügyben feljelentést tett, a metrószerelvények beszerzésével kapcsolatban a Központi Nyomozó Főügyészség folytat nyomozást, amely nyomozás határideje 2017. december 3., míg az alagutak és állomások kialakításával kapcsolatban a Nemzeti Nyomozó Iroda folytat nyomozást.</seg>
<seg xml:id="AC7_18618.3">Tisztelt Legfőbb Ügyész Úr! Melyek azok az eredmények, amelyekről a legfőbb ügyész úr tájékoztatást adhat számunkra? Milyen külföldi hatóságokkal működtek együtt a nyomozás során, és várható-e a nyomozás határidejének meghosszabbítása? Várom megtisztelő válaszát</seg>
<kinesic type="applause"><desc>Taps a kormánypártok soraiból.</desc></kinesic>
</u>
        <u xml:id="ParlaMint-HU_2017-11-27-urgent_question-AC7_18619" who="#ZsoltNémeth" ana="#regular"><note>NÉMETH ZSOLT (Fidesz):</note>
<seg xml:id="AC7_18619.1">Tisztelt Ház! Tisztelt Miniszter Úr! Szeptember 5-én az ukrán törvényhozás elfogadott ez olyan oktatási törvényt, amely a felső tagozattól felfelé gyakorlatilag megnyitja a lehetőségét annak, hogy elukránosítsa a magyar oktatási rendszert. Október hónapban a Magyar Országgyűlésben kialakult egy konszenzus a parlamenti pártok között, hogy milyen módon lépjünk fel a kárpátaljai magyar oktatás védelmében. Mind az Európai Unió, mind az Európa Tanács, mind a kétoldalú kapcsolatok vonatkozásában világos útmutatással szolgált az Országgyűlés a kormány számára, és egy meglehetősen összetett diplomáciai akció vette kezdetét.</seg>
<seg xml:id="AC7_18619.2">(16.50)</seg>
<seg xml:id="AC7_18619.3">Az elmúlt hétvégén pedig a keleti partnerségi csúcstalálkozón vett részt a miniszterelnök, illetve a külügyminiszter úr. Azt hiszem, itt egy nagyon fontos sikert könyvelhetünk el, nevezetesen, hogy a keleti partnerségi csúcs miniszterelnöki és államfői szinten elfogadta azt, hogy a kisebbségi megszerzett jogokat nem lehet elvenni Ukrajna nemzeti kisebbségeitől, sőt a Velencei Bizottság ajánlásával kapcsolatban is egyértelműen megfogalmazta a csúcstalálkozó, hogy azt maradéktalanul végre kell hajtania Ukrajnának.</seg>
<seg xml:id="AC7_18619.4">Ugyanakkor egyidejűleg Ukrajna háborúban áll Oroszországgal, ami nem teszi könnyűvé azt a helyzetet, hiszen egy olyan agressziónak van kitéve Ukrajna, amely mindennap szedi az áldozatait. Azt szeretném kérdezni, miniszter úr, hogy hogyan állunk ebben a küzdelemben, milyen reményekkel számolhatunk az elkövetkezendőt illetően a kárpátaljai magyarok szempontjából</seg>
<kinesic type="applause"><desc>Taps a kormánypárti padsorokban.</desc></kinesic>
</u>
        <u xml:id="ParlaMint-HU_2017-11-27-urgent_question-AC7_18620" who="#DánielZ.Kárpát" ana="#regular"><note>Z. KÁRPÁT DÁNIEL (Jobbik):</note>
<seg xml:id="AC7_18620.1">Tisztelt Elnök Úr! Tisztelt Ház! Miniszterelnök urat szeretném emlékeztetni arra, hogy a devizahitel-károsultak hangját a Jobbik 2010 óta töretlen lelkesedéssel hozza be a Házba. Igen sok mellébeszélés és politikai jellegű kiszólás után, miniszterelnök úr, egyfajta szakmai konszenzust szeretnék elérni önnel a tekintetben, hogy van 140 ezer ember Magyarországon, akin semmilyen úton-módon nem tudtak, nem akartak segíteni az utóbbi években. Akik már olyan elmaradásban vannak, ami 90 napot meghaladó módon, olyan szinten veszélyezteti őket, hogy az a kilakoltatásukhoz vezethet, és bár most a kilakoltatási moratórium látszólag eltolja a problémát…</seg>
<seg xml:id="AC7_18620.2">Miniszterelnök úr, látom, hogy bólogat. Én pont az éjjel váltottam pár üzenetet egy olyan családdal, éjfél előtt pár perccel, akiknek ma volt a tárgyalásuk. A mai tárgyalás döntött az életükről a tekintetben, hogy elzavarják őket a saját tulajdonú ingatlanukból vagy pedig sem. Számukra az a pár hónap levegő nagyon fontos, de végső megoldást semmiképpen sem jelent.</seg>
<seg xml:id="AC7_18620.3">Tehát, miniszterelnök úr, van 140 ezer ember Magyarországon, akin nem segített az árfolyamgát, ami csak eltolja a probléma teljesítését; akin nem segített a végtörlesztés, hiszen 180 forintos szerencsés árfolyamon sem tudott volna törleszteni, akin nem segített az a Nemzeti Eszközkezelő, amelynél még mindig a bank, a bűnös bank engedélye kell ahhoz, hogy Magyarország szerződhessen a károsult családdal, és ha a bank negatívan dönt, nincs fellebbezési lehetőség a kellő mélységben kidolgozva mindezzel szemben.</seg>
<seg xml:id="AC7_18620.4">Azt látjuk tehát, hogy több mint 140 ezer ember tekintetében önök sajnálatos módon semmilyen pozitív elmozdulást nem tudtak elérni. Azt be kell látnia önnek is, hogy a választásokig pár hónap hátravan, de utána nem tehetjük ki sem Magyarországot, sem a nemzetgazdaságot, sem az érintett családokat annak, hogy tömegek kerüljenek, kerülhessenek utcára.</seg>
<seg xml:id="AC7_18620.5">Arra kérem tehát, hogy pártok felett álló módon találjunk közös megoldást ebben a kérdésben; és egyértelműen érdekel a konkrét álláspontja: mit üzen ennek a 140 ezer családnak</seg>
<kinesic type="applause"><desc>Taps a Jobbik soraiban.</desc></kinesic>
</u>
        <u xml:id="ParlaMint-HU_2017-11-27-urgent_question-AC7_18621" who="#GergelyGaal" ana="#regular"><note>GAAL GERGELY (KDNP):</note>
<seg xml:id="AC7_18621.1">Köszönöm a szót, elnök úr. Tisztelt Államtitkár Úr! A baloldal bukott politikusa, Czeglédy Csaba által működtetett bűnszervezet több milliárd forintos kárt okozott a költségvetésnek, és több száz diákot csapott be, akik a mai napig hiába várják az általuk elvégzett munkáért a bérüket. A baloldal kedvenc házi jogásza az általa felépített bűnszervezetet egyre nehezebben tudta tovább működtetni azt követően, hogy tavaly a Fidesz-KDNP által támogatott törvénymódosításnak köszönhetően a felnőttmunkaerő-kölcsönzők és az iskolaszövetkezetek is bekerültek a fordítottáfa-körbe.</seg>
<seg xml:id="AC7_18621.2">A baloldal ezt a módosítást Brüsszelben megtámadta, ezért lett szükség a bukott miniszterelnök, Gyurcsány Ferenc és a felesége, Dobrev Klára segítségére. A nyilvánosságra került dokumentumok alapján az Altus Zrt. háromszor adott kölcsön Czeglédy Csabának rövid lejáratú kölcsönt, 60-90 millió forintot, ahogyan arról Dobrev Klára tanúként való meghallgatásán beszámolt. Dobrev Klára azt is mondta a meghallgatását követő sajtótájékoztatón, hogy másnak is adtak már kölcsön, mert szerinte a gazdagok kötelessége, hogy adjanak, ha hozzájuk fordulnak segítségért.</seg>
<seg xml:id="AC7_18621.3">A Gyurcsány család valójában nem rászorultaknak segített, hanem a cégükön keresztül részt vett egy bűnszervezet további működtetésének finanszírozásában.</seg>
<seg xml:id="AC7_18621.4">Tisztelt Államtitkár Úr! A Demokratikus Koalíció képviselői a csalássorozatot elítélő és a rászorulók kártalanítását szorgalmazó országgyűlési határozati javaslatot nem szavazták meg. Jogosan merül fel ezek után a kérdés: a Gyurcsány család a baloldal csaló jogászát rászorulónak tartja, az általa becsapott diákokat, munkavállalókat viszont nem? A fentiek alapján kérdezem tisztelt államtitkár urat, mikor fogja a Gyurcsány család tisztázni magát a Czeglédy-ügyben. Várom megtisztelő válaszát</seg>
<kinesic type="applause"><desc>Taps a kormánypárti padsorokban.</desc></kinesic>
</u>
      </div>
    </body>
  </text>
</TEI>
