<?xml version="1.0"?>
<TEI xmlns="http://www.tei-c.org/ns/1.0" xml:id="ParlaMint-HU_2016-09-26" xml:lang="hu" ana="#parla.sitting #reference">
  <teiHeader>
    <fileDesc>
      <titleStmt>
        <title xml:lang="hu" type="main">A Magyar Országgyűlés Korpusza ParlaMint-HU 2016-09-26 [ParlaMint]</title>
        <title xml:lang="en" type="main">Hungarian parliamentary corpus ParlaMint-HU 2016-09-26 [ParlaMint]</title>
        <title xml:lang="hu" type="sub">A Magyar Országgyűlés ülései, 7. ciklus</title>
        <title xml:lang="en" type="sub">Minutes of the National Assembly of Hungary, Term 7</title>
        <meeting ana="#parla.term" corresp="#OGY" n="7">7. ciklus</meeting>
        <respStmt>
          <persName>Miklós Sebők</persName>
          <persName>Orsolya Ring</persName>
          <resp xml:lang="hu">Parla-CLARIN TEI XML korpusz létrehozása</resp>
          <resp xml:lang="en">Parla-CLARIN TEI XML corpus encoding</resp>
        </respStmt>
        <funder>
          <orgName xml:lang="hu">CLARIN Kutatási Infrastuktúra</orgName>
          <orgName xml:lang="en">The CLARIN research infrastructure</orgName>
        </funder>
        <funder>
          <orgName xml:lang="hu">Társadalomtudományi Kutatóközpont, Eötvös Loránd Kutatási Hálózat</orgName>
          <orgName xml:lang="en">Centre for Social Sciences, Eötvös Loránd Research Network</orgName>
        </funder>
      </titleStmt>
      <editionStmt>
        <edition>2.0</edition>
      </editionStmt>
      <extent>
        <measure xml:lang="hu" quantity="23" unit="speeches">23 beszéd</measure>
        <measure xml:lang="en" quantity="23" unit="speeches">23 speeches</measure>
        <measure xml:lang="hu" quantity="9748" unit="words">9748 szó</measure>
        <measure xml:lang="en" quantity="9748" unit="words">9748 words</measure>
      </extent>
      <publicationStmt>
        <publisher>
          <orgName xml:lang="hu">CLARIN Kutatási Infrastuktúra</orgName>
          <orgName xml:lang="en">CLARIN research infrastructure</orgName>
          <ref target="https://www.clarin.eu/">www.clarin.eu</ref>
        </publisher>
        <idno type="handle">http://hdl.handle.net/11356/1388</idno>
        <pubPlace>
          <ref target="http://hdl.handle.net/11356/1388">http://hdl.handle.net/11356/1388</ref>
        </pubPlace>
        <availability status="free">
          <licence>http://creativecommons.org/licenses/by/4.0/</licence>
          <p xml:lang="hu">
            Ez a munka az alábbi licence alapján használható
            <ref target="http://creativecommons.org/licenses/by/4.0/">Creative Commons Attribution 4.0 International License</ref>
          </p>
          <p xml:lang="en">
            This work is licensed under the
            <ref target="http://creativecommons.org/licenses/by/4.0/">Creative Commons Attribution 4.0 International License</ref>
          </p>
        </availability>
        <date when="2021-03-31">2021. 03. 31.</date>
      </publicationStmt>
      <sourceDesc>
        <bibl>
          <title xml:lang="hu" type="main">A Magyar Országgyűlés ülései</title>
          <title xml:lang="en" type="main">Minutes of the National Assembly of Hungary</title>
          <idno type="URI">https://https://www.parlament.hu/ </idno>
          <date when="2016-09-26">2016. 09. 26.</date>
        </bibl>
      </sourceDesc>
    </fileDesc>
    <encodingDesc>
      <projectDesc>
        <p>
          <ref target="https://www.clarin.eu/content/parlamint">ParlaMint</ref>
        </p>
      </projectDesc>
      <tagsDecl>
        <namespace name="http://www.tei-c.org/ns/1.0">
          <tagUsage gi="text" occurs="1"/>
          <tagUsage gi="body" occurs="1"/>
          <tagUsage gi="div" occurs="1"/>
          <tagUsage gi="u" occurs="23"/>
          <tagUsage gi="seg" occurs="75"/>
          <tagUsage gi="kinesic" occurs="25"/>
        </namespace>
      </tagsDecl>
    </encodingDesc>
    <profileDesc>
      <settingDesc>
        <setting>
          <name type="address">Kossuth Lajos tér 1-3.</name>
          <name type="city">Budapest</name>
          <name type="country" key="HU">Magyarország</name>
          <date ana="#parla.sitting" when="2016-09-26">2016-09-26</date>
        </setting>
      </settingDesc>
    </profileDesc>
  </teiHeader>
  <text xml:lang="hu" ana="#reference">
    <body>
      <div type="debateSection">
        <u xml:id="ParlaMint-HU_2016-09-26-interpellation-IC7_10938" who="#ZoltánGőgös" ana="#regular"><note>GŐGÖS ZOLTÁN (MSZP):</note>
<seg xml:id="IC7_10938.1">Köszönöm a szót, elnök úr. Tisztelt Államtitkár Úr! Én az utolsó kérdésként felírtam, mert ezt le kell adni előre, hogy &#8222;ugye, nem fut el a válaszolás elől, miniszter úr?&#8221; Hát megint elfutott, úgyhogy így kénytelen vagyok öntől egy-két dolgot megkérdezni</seg>
<seg xml:id="IC7_10938.2">(Dr. Kovács Zoltán: Te hányszor válaszoltál Gráf helyett?)</seg>
<seg xml:id="IC7_10938.3">Persze, ebben olyanok is vannak, amit nyilván jobban szerettem volna őtőle, de talán megbízta, hogy válaszoljon rá.Több írásbeli kérdést is tettem fel a Hortobágy, Kishantos kapcsán, többek között arról, hogy hogyan létezik az, hogy miután a Kúria úgy döntött, hogy törvénytelen az állam és a Mezővidék Bt. között kötött földbérbeadási szerződés, és itt a felperes a Kishantosi Nonprofit Közhasznú Kft. volt, hogy még mindig nem intézkedtek semmit. Erre ahelyett, hogy normális választ adtak volna, engem oktattak, államtitkár úr. Engem nem kell oktatni, én úgy gondolom, időnként oktatásra a minisztériumnak lenne szüksége, mert egyszerűen fogalmam nincsen, hogy milyen alapon húzzák, halogatják ezeket a döntéseket. Ráadásul nincs is értelmes magyarázat arra, hogy hogyan adhattak bérbe építési vállalkozónak olyan területet, ami húsz éve biogazdálkodás alatt volt. Hogyha erre nekem most megpróbál értelmes választ adni, azt nagyon megköszönöm, de azért azon túl, hogy mert lejárt a szerződés, azért ennél egy kicsit komolyabb választ szeretnék várni.A másik: hogyan fordulhatott elő például a hortobágyi földbérbeadásnál, hogy olyan, korábban soha állattenyésztéssel nem foglalkozó kereskedő kapott több száz hektár földet, aki odáig vetemedett, hogy lépfenés húst vitt be a közétkeztetésbe? Majd ez még nem volt elég, akkor még nem vették el tőle a földet, csak másodszor, amikor már nemcsak hogy bevitte, hanem a településre is bekerült a lépfene. Államtitkár úr, a helyiek szerint azért nem vették el, mert a Fidesz kampányát finanszírozta. Azért erre is kell ám majd valami választ adni: tényleg úgy gondolják, hogy ehhez a szakmához mindenki ért és bármit megtehetnek?Azért azon is el kellene gondolkodni, amikor itt több tíz meg száz millió forinthoz, uniós támogatáshoz juttatják a barátokat, hogy nincs utánfutó a koporsó mögött, államtitkár úr. Tehát fölösleges tolni forrásokat olyanokba, akiknek már egyébként is van, és nem szabadna olyanoktól elvenni, akiknek meg nincs, többek között a Hortobágyon, ahol most már a rendőrség is kimondta, hogy bűncselekmény történt, ugyanis fiktív lakcímekkel nyertek nagyon sokan komoly földterületeket, majd ezekkel a földterületekkel jutottak komoly állami támogatáshoz.Azért jó lenne, hogyha most már komolyan vennék a Kehi-jelentést, nyilvánosságra hozta, mindenki megnézheti, az egy vádirat, államtitkár úr. Nem foglalkoznak vele, magyarázgatják a bizonyítványt. Arra lennék kíváncsi, hogy meddig tart ez az állapot. Mikor kártalanítják Kishantost, mikor kezdik el a bérbe adott földek használatának a valós ellenőrzését? Ugyanis három éve nem ellenőriznek semmit a Hortobágyon. Mikor hajtják végre a Kehi-jelentésben foglaltakat, és mikor veszik már vissza az arra alkalmatlan haveroktól az állami földeket?Erre szeretnék határozott választ kérni, államtitkár úr. Köszönöm szépen a figyelmüket</seg>
<kinesic type="applause"><desc>Taps az MSZP soraiban.</desc></kinesic>
</u>
        <u xml:id="ParlaMint-HU_2016-09-26-interpellation-IC7_11878" who="#LorántnéHegedűs" ana="#regular"><note>HEGEDŰS LORÁNTNÉ (Jobbik):</note>
<seg xml:id="IC7_11878.1">Köszönöm szépen a szót. Államtitkár úr, bevezetésképpen egy polgármester leveléből idézek, aki az alábbiakban összegzi a településeink helyzetével kapcsolatos gondolatait. &#8222;A kormányzat a helyi önkormányzatok vonatkozásában egy nagyvárosi központú átszervezési koncepciót hajt végre, 3 ezer település pedig sorvad. El kellene érni - folytatja tovább -, hogy a kormányzat beszüntesse az önkormányzatok gazdálkodásának Kincstár alá rendelését és az önálló önkormányzati hivatalok létesítése létszámkorlátjának 2 ezer fő helyett 5 ezer fő lakosságszámhoz való kötésével a kistelepülések teljes kiüresítését. Alkotmányossági kérdéssé kellene tenni valamennyi közszolga egyenrangúságát és életpályamodelljét.&#8221; Tudjuk, az úgynevezett állami tisztségviselők esetén a béremelés részlegesen már megtörtént, de a közszolgálatban dolgozók körének ez sajnos csak egy vékony rétegét érintette. Továbbra is tízezrek várnak arra, hogy a kormányzat végre hajlandó legyen meghallani panaszukat, és a 2008 óta befagyasztott illetményalapot, valamint a bértáblákat végre korrigálja. Tény, hogy az elmúlt nyolc évben a közszolgák bére 30 százalékot vesztett a reálértékéből, így kimondhatjuk, hogy mind az MSZP-SZDSZ-, mind pedig a Fidesz-kormányzat szolgalelkűen végrehajtotta az IMF-diktátumokat, azaz jelentősen csökkentették a közszolgálatban dolgozók bérét. Jelenleg ott tartunk, hogy 33 évnyi munka után éri el egy középfokú végzettségű tisztviselő keresete a garantált bérminimumot. Most, szeptemberben az MKKSZ már második alkalommal sztrájkolt az általunk is követelt béremelésért. A kérésük teljesen jogos, és nem irreális vagy teljesíthetetlen. A 2016-os, de a 2017-es költségvetési törvényben is van olyan tartalék, átcsoportosítható összeg, amelyből azonnal rendezni lehetne ezt a problémát. Meggyőződésem, hogy az, miszerint a kormány a szakszervezetekkel való egyeztetés nélkül, a költségvetési törvényben rögzítetten 2017 januárjától megadja az önkormányzatoknak azt a jogot, hogy az illetményalap megállapításáról dönthessenek, csak pótcselekvés. Szépségtapasz egy már lassan elüszkösödő sebre. A nagyobb, gazdaságilag erősebb települések eddig is élhettek volna azzal a jogukkal, hogy egyes tisztviselőik számára a bértáblától eltérített fizetést adjanak. Így ez az előbb említett kormányzati kegy valós megoldást semmiképpen sem nyújt. Ugyanakkor a kormányzati szándékot, ami leépíteni és kiüresíteni kívánja a kistelepüléseket, hatásosan szolgálja, hiszen lassanként a falvak közös hivatalaiba már nem lehet munkatársat találni, aki hajlandó éhbérért robotolni. Kérdezem, mikor hajlandóak már végre érdemben rendezni az önkormányzati köztisztviselők bérét. Várom megtisztelő válaszát</seg>
<kinesic type="applause"><desc>Taps a Jobbik soraiban.</desc></kinesic>
<seg xml:id="IC7_11878.2">(15.00)</seg>
</u>
        <u xml:id="ParlaMint-HU_2016-09-26-interpellation-IC7_11968" who="#GergelyKulcsár" ana="#regular"><note>KULCSÁR GERGELY (Jobbik):</note>
<seg xml:id="IC7_11968.1">Köszönöm a szót, elnök úr. Tisztelt Államtitkár Úr! Az átlagember már csak balmazújvárosi fideszes korrupciónak ismeri azt az ügyet, amelynek egyik főszereplője Tiba István, akit Lázár János nevezett ki miniszteri biztosnak tavaly nyáron, aki a híradások szerint nyakig benne van az említett vesztegetési ügyben. Mint köztudott, Veres Margit balmazújvárosi jegyzőként 2012 decemberében négyszemközt átvett 5 millió forint készpénzt egy vállalkozótól, akinek a cége éppen aznap kapott 180 milliót a helyi önkormányzattól. A jegyző másnap kettesben találkozott Tiba Istvánnal, az akkori polgármesterrel, és átadta neki az összeget, azaz a kenőpénz a miniszter úr emberénél kötött ki. Ezen túl Veres Margit kapott egy gépkocsit is ajándékba az említett vállalkozótól.Az ügy már jó ideje bírósági szakban van, amelynek gyanúsítottja a polgármesterré előlépett Veres Margit. Tanúként vallomást tett Tiba István is az ügyben, aki azzal védekezett, hogy a pénzt csak baráti kölcsönbe kapta. Egyébként ez a kölcsön nem szerepel a 2012-es vagyonnyilatkozatában, csak akkor pótolta, amikor vagyonnyilatkozati eljárást kezdeményeztem ellene, mindezt több mint három évvel a vagyonnyilatkozat leadása után. Azt csak zárójelben jegyzem meg, hogy a sorozatos vagyonnyilatkozati botrányok ellenére, amelynek a főszereplői rendre fideszes politikusok, önök nem hajlandóak változtatni a vagyonnyilatkozati rendszeren. Legutóbb a tavaszi ülésszakon söpörték le az asztalról a Jobbik javaslatát, amely szankcionálhatóvá tette volna a hiányos vagy hamis adatokat tartalmazó vagyonnyilatkozatokat. Úgy tűnik, ilyen téren is szeretnek a zavarosban halászni.Visszatérve a Tiba-Veres-ügyhöz, az önök polgármestere, Veres Margit a nyár közepén már sokadjára ült le a vádlottak padjára. Ezen a tárgyaláson felolvasták Lázár János levelét, amelyet az ügyben eljáró bíróságnak írt. Ebben próbálja menteni a menthetetlent annak érdekében, hogy az önök polgármestere enyhébb büntetést kapjon.Tisztelt Államtitkár Úr! Összefoglalva: Lázár János miniszteri tekintélyét és kapcsolatait felhasználva beleavatkozik egy folyamatban lévő bírósági ügybe, és próbálja menteni a korrupcióval gyanúsított polgármesterét, hogy a vesztegetésen és a hivatali visszaélésen túl legalább a megtévesztés vádja ne álljon meg Veressel szemben. A miniszter közbelép. Ön szerint ez helyénvaló? Már a látszatát sem akarják megtartani a hatalmi ágak szétválasztásának? Nem az lenne a tisztességes, ha megszabadulnának a politikusbűnöző strómanjaiktól, mielőtt még nem késő és a választók ítéletet mondanak önök felett? Várom mindenre kiterjedő válaszát. Köszönöm</seg>
<kinesic type="applause"><desc>Taps a Jobbik padsoraiban.</desc></kinesic>
</u>
        <u xml:id="ParlaMint-HU_2016-09-26-interpellation-IC7_12181" who="#NándorGúr" ana="#regular"><note>GÚR NÁNDOR (MSZP):</note>
<seg xml:id="IC7_12181.1">Elnök úr, köszönöm szépen. Államtitkár úr, kicsit érdemes rátekinteni a 2012 óta eltelt folyamatokra. 2012. január 1-je az az időpont, amikor az új munka törvénykönyvét hatályosították, bevezették. Gyakorlatilag a munkavállalói jogvédelemnek a szétzilálásáról vagy éppen annak a lazításáról beszélhetünk. Persze, a törvény alkotásának az időszakában önök beszéltek rugalmasságról és beszéltek biztonságról együttesen. A rugalmasság megvan, mert a munkaadóknak adtak egy sanszot, egy esélyt, hogy még egy bőrt lehúzzanak a munkavállalókról, viszont a biztonság kérdésköre csapdába került; nemhogy a biztonság erősödött volna és nőtt volna, hanem sokkal inkább a munkavállalók kiszolgáltatottabbá váltak.Érdekes példák vannak Európán belül, most mindegy, hogy Franciaország és Magyarország viszonyát vagy más országokkal való összehasonlításokat teszünk. Gyakorlatilag az látható és az állapítható meg, hogy amíg más országokban az átlagos foglalkoztatotti teher, időintervallum kisebb, addig Magyarországon adott esetben már közel majdnem a duplája annak, mint más országokban, a rendkívüli munkavégzés elrendelésének a kérdéskörét is újraszabályozták, nyilván úgy, hogy ne a munkavállalók érdeke szerint történjen mindez.(14.50)A munkavállalók hátrányára gyakorlatilag negatív értelmű megkülönböztetési lehetőségeket is biztosítottak, vagy épp a felmondások, csúnyább szóval élve, az önök szemszögéből rátekintve, a kirúgások lehetőségét megkönnyítették, s egy olyan helyzetet teremtettek a magyar munkaerőpiacon, amit már öt év óta elszenvednek az emberek, és nem véletlenül hagyták el ezt az országot hat év leforgása alatt 600 ezren, akik külföldön dolgoznak, vagy akár több munkával kevesebb pénzhez is hozzá lehet jutni. A munkaügyi ellenőrzések, a munkabiztonság tekintetében látható, hogy a vizsgált munkavállalók esetében nagyjából 70 százalékos arányt mutat a szabálytalanságok feltárása, még a fellazított szabályok rendszerének a betartását sem tudják megtenni, hiszen sokakat ebből a rendszerből, a munkaügyi ellátórendszerből is kirugdostak. Nézze, Nyugat-Európában a munkaadói és a munkavállalói érdekképviseleteknek helyük és súlyuk van, önök meg arra törekszenek, hogy Magyarországon hogyan lehet ezt a folyamatot ellehetetleníteni. Inkább azzal kellene foglalkozni, amit kérdezek is, hogy a munkaerőpiaci gondok, a létező problémák megoldását mikor akarják megtenni. Hogyan, miképpen gondolkodnak a munkavállalói érdekképviseletek jogosítványrendszerének a megerősítéséről? S végül, de nem utolsósorban: mit kívánnak tenni a munkavállalók érdekében azért, hogy ne elhagyják el ezt az országot, hanem itthon vállaljanak munkát? Elnök úr, köszönöm szépen</seg>
<kinesic type="applause"><desc>Taps az MSZP soraiban.</desc></kinesic>
</u>
        <u xml:id="ParlaMint-HU_2016-09-26-interpellation-IC7_12183" who="#AnitaHeringes" ana="#regular"><note>HERINGES ANITA (MSZP):</note>
<seg xml:id="IC7_12183.1">Köszönöm szépen. Tisztelt Államtitkár Úr! Kijelenthetjük, hogy rekordméretű munkaerőhiány sújtja ma Magyarországot. Egyre bővül azon szektorok száma, ahol súlyos nehézségek vannak, nincs elég szakember. Szociális ellátórendszer, egészségügy, műszaki végzettséget igénylő szakmák, kereskedelem, vendéglátás, és ezen területek száma egyre csak bővül. A kivándorlás és a munkaerőhiány egyik fő oka az alacsony bérszínvonal. A kormány a munkaerő-alapú társadalom megteremtésére a közmunkaprogramot látja legnagyobb megoldásnak, de ettől még a fiatalok nem fognak Magyarországon maradni, hiszen - a számok makacs dolgok - a mostani fizetésükből nem tudnak megélni. Nézzünk csak egy példát, egy átlagos vidéki pályakezdő kiadásait, aki Budapestre szeretne jönni dolgozni! Ha egyedül szeretne költözni egy garzonba, akkor 110-130 ezer forintot kell kifizetnie rezsivel együtt. Ha egy két és félszobásba költözik barátaival, akkor körülbelül 75 ezer forintból rezsivel együtt meg tudja úszni. Nézzük a háromszori étkezést! Nyolcvanezer forint, csak 2500 forinttal számoltunk naponta. Telefonszámla mobilinternettel átlag 8000 forint, egy BKV-bérlet 9500. Otthoni internet kábeltévével körülbelül 8000 forint havonta. Vegyi áruk, kozmetikumok vásárlására is kell félretennie pénzt, ezt 10 ezer forintra számoltuk. És akkor az ember még csak félretesz egy kicsit ruhára, cipővásárlásra havi 10 ezer forintot, és rögtön ott vagyunk, hogy ha egyedül szeretne lakni egy lakásban, az 255 ezer forint nettóba kerül. Kétszázötvenötezer forint nettóban! Ha mondjuk, közösen lakik valakivel, akkor 205 ezer forint nettóban.Tudják, ezek a fizetések csak álmok a mai fiatalok nagy részének pályakezdőként. És akkor még nem is beszéltünk arról, hogyha diákhitelt kell fizetnie, ha esetleg autója van, azt is valamiből, ha hobbija, azt is valamiből, ha egy picit szórakozni szeretne, azt is valamiből, és még a szülőjéhez sem tud hazautazni vidékre, mert nem tud ennyit keresni. Az a kérdésem lenne, hogy hat év kormányzás után nem gondolják, hogy szégyen, hogy egy pályakezdő fiatalnak, ha Budapestre költözik, az az egyetlen megoldása, hogy vagy éhen hal, vagy elhagyja ezt az országot. Várom válaszát</seg>
<kinesic type="applause"><desc>Taps az MSZP padsoraiból. - L. Simon László: Ej, ugyan már! - Soltész Miklós: Bravó, bravó! - Folyamatos zaj.</desc></kinesic>
</u>
        <u xml:id="ParlaMint-HU_2016-09-26-interpellation-IC7_12184" who="#LászlóSzakács" ana="#regular"><note>DR. SZAKÁCS LÁSZLÓ (MSZP):K</note>
<seg xml:id="IC7_12184.1">öszönöm a szót, elnök úr. Tisztelt Ház! Tisztelt Államtitkár Úr! Önök lelkesen hirdetik a harcos retorikában, hogy harcban állunk, és ebben a harcban nem is vagyunk egyedül. A legutóbbi pozsonyi informális EU-csúcs után kiderült, hogy Magyarország egyedül maradt, és nem is abban a harcban van, mint amelyikben gondolta, hiszen ez a magyar kormány az ellen harcol, ami nincs, és amit soha senki nem akart, ez a kötelező betelepítési kvóta.A pozsonyi csúcs után még mindig a kormányzati kommunikáció erővel azt mondja, hogy soha ilyen mély nem volt a visegrádi együttműködés. Ehhez képest csak a magyar miniszterelnök volt az, aki azt mondta, hogy sikertelen volt ez a pozsonyi csúcs, nem érte el a célját, minden egyes más résztvevő azonban sikeresnek és előremutatónak élte meg ezt a tanácskozást. Úgy Bohuslav Sobotka cseh kormányfő, mint Robert Fico szlovák kormányfő is elmondta, hogy nincs szó és nincs napirenden már a kvótaügy. De hogyan is gondolkodnak önök a visegrádi együttműködésről? Hogyan veszítjük el a legközelebbi szövetségeseinket, amikor hiába mondja a kormányzati propaganda napról napra, ha kell, hogy a visegrádi együttműködés mélyebb és egységesebb, mint valaha? Még ma reggel is hallottam a miniszterelnököt, amikor azt mondta, hogy véd- és dacszövetségbe kerülünk a visegrádi államokkal. Ehhez képest még a Miniszterelnökség háttéranyagában is benne van, hogy Pozsony nem nagyon akarja elfogadni, illetve vonakodva fogad el nagyon sok magyar, illetve visegrádi kezdeményezést. Lengyelországgal pedig szinte nincs olyan közös pont, ahol például az orosz kérdés ügyében egyet tudunk érteni. Köszönőviszonyban nincsenek az álláspontok egymással.Ebből azt a következtetést lehet levonni, államtitkár úr, hogy önök egy olyan harcban maradtak egyedül, ami nem a menekültpolitikáról, nem az Európai Unió összetartásáról, hanem az Európai Unió szétveréséről szól. Ezért beszélnek az Európai Unióban arról, hogy csak Magyarországnak és Orbán Viktornak van valójában közeli kapcsolata Vlagyimir Putyinnal. Oroszország minden eszközzel azon van, hogy ezt a közösséget, amit Európai Uniónak hívunk, szétzilálja, és az a hír járja, hogy ebben egy eszköz lett Orbán Viktor, aki a nemzetek szuverenitásának zászlaját lobogtatva kiszolgálja ezeket az orosz érdekeket.(14.20)És a közbeszédben látjuk-halljuk, hogy a magyar politika és a magyar gazdaság Moszkva-orientált, Moszkva-barát, ha Paks II.-ről, a 3-as metróról beszélünk, vagy éppen arról, hogy Orbán Viktor volt az egyetlen, aki nem ítélte el az európai vezetők közül az ukrajnai beavatkozását, az oroszországi agressziót, de az első volt, aki az Oroszországot sújtó szankciók feloldása érdekében szót emelt. Ezek alapján érthető ez a hozzáállás. Azt szeretném megkérdezni, államtitkár úr, ki adott erre a magyar miniszterelnöknek felhatalmazást. Várom megtisztelő válaszát</seg>
<kinesic type="applause"><desc>Közbeszólás az MSZP soraiból: Bravó! - Taps ugyanott.</desc></kinesic>
</u>
        <u xml:id="ParlaMint-HU_2016-09-26-interpellation-IC7_12185" who="#ErzsébetSchmuck" ana="#regular"><note>SCHMUCK ERZSÉBET (LMP):</note>
<seg xml:id="IC7_12185.1">Köszönöm a szót, elnök úr. Tisztelt Államtitkár Úr! A múlt héten kiderült, hogy az Európai Unió több száz milliárd forintot visszatart még az előző ciklusból az úgynevezett aszfaltkeverőügy miatt, legalább 220 milliárd forint van veszélyben. Ennek oka, hogy a kormány az útépítéseknél trükkök százait használja fel, hogy a közbeszerzésnek csúfolt eljárásokon a saját aktuális oligarcháit juttassa elképesztően túlárazott megbízásokhoz. Ebben az esetben aszfaltszállításra vonatkozó, környezetvédelminek álcázott szabályokat alkalmaztak szelektíven, ám ez átlátszó: a kavics, a homok és más, szintén káros kibocsátásokat okozó építőanyag szállítását nem vették figyelembe. Szó sincs tehát környezetvédelmi szempontról, oligarchavédelmi szempontról van szó. Így fordulhat elő, hogy a 10,4 milliárdos útépítési ajánlattal szemben a 14,8 milliárdos nyer 42,3 százalékos túlárazással. Így fordulhat elő, hogy a kétszer egysávos út kilométerenként 3 milliárdért épül, ami még autópályának is drága. Az M4-es autópálya Berettyóújfalu és országhatár közötti szakaszát a kegyvesztett oligarcha 25 milliárd forinttal olcsóbban építené, mint az aktuális; korrupciós felár 43 százalék, jutalom a holdudvarnak 25 milliárd forint.A magyar kormány tehát, folytatva az MSZP-SZDSZ-kormány hasonló tevékenységét, az útépítéseket egyszerűen pénzszivattyúnak tekinti, még az sem nagyon érdekli őket, hogy ami végül épül, az használható-e valamire. Most ez a korrupciós modell bukott meg Brüsszelben, az a modell, ahol néhány kiválasztott barát kapja az üzletet, majd érdemi munkát nem végezve, ám a jó nagy sápot leszedve kiszervezi alvállalkozóknak, azok pedig tovább, és a sor végén azok, akik a valódi munkát végzik, csak éhbért kapnak. Ezzel szemben áll egy másik modell, államtitkár úr, ahol az autópályát eleve nem 83 milliárdért, hanem 50 százalékkal olcsóbban építik, a munkáért valódi verseny van, így az adott összegből a legtöbb út megújulhat. Ma Magyarországon az alsóbbrendű utak nagy része borzalmas állapotban van, pedig ezek határozzák meg a vidék életlehetőségeit. Ezért bűn ellopni azt a pénzt, ami sok ezer kilométer megyei út felújítására is mehetne, a több kisebb útépítés pedig több megbízást jelentene valódi magyar kisvállalkozásoknak, több munkahelyet és magasabb béreket a valóban dolgozóknak.Államtitkár Úr! Mikor állnak át az ország és a dolgozók érdekét szolgáló második modellre, és mikor számoltatják el a nyilvánvaló lopások felelőseit? Várom megtisztelő válaszát.</seg>
</u>
        <u xml:id="ParlaMint-HU_2016-09-26-interpellation-IC7_12191" who="#MátyásFirtl" ana="#regular"><note>FIRTL MÁTYÁS (KDNP):</note>
<seg xml:id="IC7_12191.1">Köszönöm a szót. Tisztelt Elnök Úr! Tisztelt Államtitkár Úr! A 2014. szeptemberi walesi NATO-csúcs fő témája a megváltozott európai biztonsági környezet kihívásaira adandó hatékony válaszlépések keresése volt. A találkozó zárásaként kiadott deklarációban a nemzetek megerősítették határozott szándékukat a szövetség területi integritásának és a tagállamok biztonságának szavatolására. Ezt a célt szolgálja a készenléti akcióterv, illetve a készenléti akcióterv részeként az ezen időszak feladatainak összehangolása, támogatása érdekében hozták létre az úgynevezett NATO-erőket integráló elemeket, a NATO Force Integration Unitsot - a későbbiekben NFIU-t -, amelyek az első hullámban Bulgária, Észtország, Lengyelország, Lettország, Litvánia és Románia területén kerültek felállításra.A 2015. februári NATO védelmi miniszterek találkozóján Magyarország honvédelmi minisztere és a szlovák védelmi miniszter együtt jelentették be, hogy a két országban kérik az NFIU felállítását. Az Észak-atlanti Tanácshoz delegált állandó képviselők 2015. február 17-én közös levélben erősítették meg az NFIU felállítását célzó indítványt. A 2015. októberi NATO védelmi miniszterek tanácskozásán a szövetség védelmi miniszterei döntöttek arról, hogy a Baltikumban, Lengyelországban, Romániában és Bulgáriában már létrehozott, kisméretű NATO-parancsnoksághoz hasonlóan Magyarországon és Szlovákiában is létrejön egy előretolt, mintegy 40 fős vezetésirányítási elem.2015 novemberében meghatározásra kerültek az NFIU felállításához szükséges elsődleges feladatok. 2016. január 15-ével kijelölésre került az NFIU parancsnoka, és előzetes válogatásokat követően 2016. február 1-től megkezdődött az NFIU személyi állománnyal történő feltöltése. A Székesfehérváron ideiglenesen az Alba Regia laktanyába települő NATO-parancsnokság megalapításának legfontosabb dátumai: 2016. július 1. a nemzeti készenlét elérése, 2016. szeptember 1. az NFIU aktivizálása, 2017. január 1. a NATO kezdeti készenlét elérése, 2017. július 1. pedig a NATO teljes készenlét elérése.Tisztelt Államtitkár Úr! A fentiekhez kapcsolódóan kérdezem államtitkár urat, megtörtént-e az NFIU szeptember 1-jei aktivizálása, illetve mik az első tapasztalatok. A későbbi határidők tarthatók-e, és mi a jelentősége Magyarország számára az NFIU-hoz való csatlakozásnak? Várom államtitkár úr megtisztelő válaszát</seg>
<kinesic type="applause"><desc>Taps a kormánypárti padsorokban.</desc></kinesic>
<seg xml:id="IC7_12191.2">(15.10)</seg>
</u>
        <u xml:id="ParlaMint-HU_2016-09-26-interpellation-IC7_12192" who="#IstvánIkotity" ana="#regular"><kinesic type="noise"><desc>IKOTITY ISTVÁN (LMP): Köszönöm, elnök úr. Tisztelt Ház! Tisztelt Államtitkár Úr! Két éve indult egy nagyszabású diákkísérlet. Több mint 1500 iskola és több mint százezer diák részvételével az OFI, vagyis az Oktatáskutató és Fejlesztő Intézet milliárdos költségen fejlesztett ki kísérleti tankönyveket. Az LMP már a kezdet kezdetén, amikor ez elindult, jelezte, hogy itt valószínűleg gondok lesznek egy ekkora diákkísérlettel, és sajnos igazunk lett. Az iskolák visszajelzései alapján nagyon komoly problémák vannak ezekkel a tankönyvekkel. Egyrészt jelentősrészt zavaros és kusza szerkezetűek ezek a kiadványok, ráadásul hemzsegnek a hibáktól és pontatlanságoktól. Látszik, hogy rohamtempóban fejlesztették ki őket. Az LMP felderítette azt is, hogy az OFI-könyvek semmiféle engedélyezési eljáráson vagy minősítési folyamaton nem mentek át. A kormány a korábbi tankönyvekre kötelező eljárást megkerülte, és úgy erőltette rá ezeket a selejtes könyveket az iskolákra. Harmadrészt kiderült az OFI saját kutatásából, hogy a tanárok négyötöde nem szívesen tanít ezekből a könyvekből. Nemrég arra is fény derült, hogy az OFI 800 millió forintból fogja kijavíttatni ezeket a rossz minőségű kísérleti tankönyveket, ez azt jelenti, hogy tankönyvenként több millió forintba kerül a javítás. Az LMP szerint ez nonszensz és teljesen felháborító. Ha valaki hibás terméket árul, az a minimum, hogy ingyen javítja ki a hibákat. Hol van ilyenkor a fogyasztóvédelem? Valamit kötelező használni, kifizetünk érte milliárdokat, és utána a hibák javítását is mi fizessük ki? Az a legkevesebb, hogy az OFI, ha már selejtes tankönyveket készített, akkor ingyenesen javítsa ki a hibákat. De a legjobb mégis az lenne, ha a kormány leállítaná ezt az egész diákkísérletet végre, a kísérlet megbukott, a selejtes tankönyveket ki kell vonni a forgalomból, és a legjobb megoldásnak az tűnik, hogy a korábban bevált kedvelt tankönyveket visszahozzák. Itt lenne az ideje annak is, hogy megnevezzék a felelősét ennek a folyamatnak, ami rengeteg szakmai hibát tartalmaz, és elpazarolt milliárdokat, amelynek nyilván felelőse kellene hogy legyen. Vagy önök szerint teljesen rendben van az, hogy folyamatosan milliárdokat dobunk ki az ablakon teljesen használhatatlan fejlesztésekre? Tisztelt Államtitkár Úr! Belátja-e végre a kormány, hogy megbukott ez a nagyszabású diákkísérlet? Kivonják-e végre a forgalomból a selejtes kísérleti tankönyveket? Visszateszik-e a tankönyvlistára a korábban jól bevált és mindenki által kedvelt tankönyveket? Illetve, ha valaki hibáktól hemzsegő kiadványokat hozott forgalomba, miért fizetnek neki még újabb 800 milliót, hogy kijavítsa a hibákat? Válaszát előre is köszönöm.</desc></kinesic>
</u>
        <u xml:id="ParlaMint-HU_2016-09-26-interpellation-IC7_12193" who="#ÁkosHadházy" ana="#regular"><note>DR. HADHÁZY ÁKOS (LMP):</note>
<seg xml:id="IC7_12193.1">Köszönöm szépen, elnök úr. Tisztelt Államtitkár Úr! 2015 decemberében a Nemzetgazdasági Minisztérium 837 millió forintos támogatást fizetett ki uniós forrásból egy bátonyterenyei logisztikai központra, egy vasútállomásra. 837 millió forinttal támogatták meg azt a beruházást, amely érdemben munkahelyeket alig teremtett, eleve négy munkahelyet vállalt ez a vállalkozás, tehát 200 millió forinttal szerették volna ezt támogatni. A minisztérium elfogadta a teljesítést, és 2016 májusában ez hivatalosan meg is valósult. A pályázat nyertesével szerződött tervező cég időközben bejelentést tett, mert az Ökogroup cég nem fizette ki őket, és a tervező szerint több körülmény arra utalt, hogy nem is akarta. A tavalyi év végén arra is felhívta a minisztérium figyelmét, hogy a kérdéses területen az égadta világon semmi, de semmi nem épül. A minisztérium mégis lefolytatott egy szabálytalansági eljárást, viszont mégis mindent rendben talált. Bicskén 2014-ben, az országgyűlési választási kampány idején jelentették be, hogy tápszergyár, egy mikrobiológiai labor fog épülni 400-600 közötti új munkahelyet teremtve. A pályázatot a Q Pharma nevezetű cég nyerte el, majd hamarosan átadta az Ökogroup Kft.-nek. Erre a projektre 496 millió forintos uniós forrás jutott, az utolsó részletet ez év májusában fizette ki a Nemzetgazdasági Minisztérium, amely szerint ezúttal is zökkenőmentesen valósult meg a pályázat. Egymástól függetlenül több lakossági jelzést kaptam, miszerint ezeken a helyeken az égadta világon semmi nem történt. Nem akartam elhinni, személyesen lementem, Bicske itt van fél órára innen, ez könnyebb volt, Bátonyterenye körülbelül egy órára, és nincs ott valóban semmi. Azt nem tudom, hogy miért nem vette a fáradságot a minisztériumban az égadta világon senki, hogy lefárad, vagy szólnak esetleg, Kovács elvtárs, nézze már meg Bicskén, van-e valami, kifizethetünk-e félmillió forintot. Hogy történt itt a kifizetés? Birtokunkban van egy olyan levél, amelyet Lázár miniszter úr írt, és abban leírta, hogy csak úgy lehet bármit is kifizetni, csak olyan beruházásért, ami megvalósult 2015. december 31-ig, ami nem valósult meg, azt nem lehet kifizetni, ha nem állt ott semmi, nincsen számla, nem lehet kifizetni. Hogyan lehetséges az, hogy ennek ellenére egyetlen tégla lerakása nélkül is kifizettek ennyi pénzt nem létező beruházásokra?Történt-e belső vizsgálat ebben az ügyben? Ha igen, akkor önök szerint ki a felelős ezért a fejetlenségért, ahol több mint egymilliárd forint a semmibe elrepült? Történt-e felelősségre vonás, és tesznek-e Önök is feljelentést, mint ahogy én már megtettem?</seg>
</u>
        <u xml:id="ParlaMint-HU_2016-09-26-interpellation-IC7_12194" who="#MihályWitzmann" ana="#regular"><note>WITZMANN MIHÁLY (Fidesz):</note>
<seg xml:id="IC7_12194.1">Köszönöm szépen a szót, elnök úr. Tisztelt Államtitkár Úr! Magyarország Kormánya hat esztendővel ezelőtt indította el a Magyarországot talpra állító, a pénzügyi stabilitást és a gazdasági növekedést generáló programjait. Ennek megfelelően sikerült az ország pénzügyeit helyreállítani. Visszafizettük a szocialista kormányok által felvett gigantikus összegű IMF-hitelt, és bekövetkezett végre a gazdasági fellendülés is.Mindezek után ma már ott tartunk, hogy lassan valamennyi rangos nemzetközi hitelminősítőnek kedvező a megítélése hazánk gazdasági teljesítményével kapcsolatban. Néhány nappal ezelőtt, egész pontosan szeptember 16-án a Standard &amp; Poor&#8217;s hitelminősítő intézet egy régóta várt és teljesen jogosnak mondható döntésével a befektetési kategóriába sorolta a magyar államkötvényeket.A kedvező értékelés egyértelműen jelzi, hogy a magyar gazdaság teljesítményét már a legszigorúbb minősítő intézetek is elismerik. Ennek a történelmi lépésnek azért is van különleges jelentősége, mert 2011 végén pontosan az a Standard &amp; Poor&#8217;s volt a második olyan hitelminősítő, amely az úgynevezett bóvli kategóriába minősítette hazánkat, Magyarországot. Ezzel a döntéssel pedig jelentős problémát indított el, ugyanis elvágta a magyar állampapírpiacot azoktól a befektetőktől, amelyek üzletpolitikája nem engedte, illetőleg nem engedi az ilyen típusú állampapírokba történő befektetéseket. A felminősítésnek természetesen nagyon örülünk, de az igazság mégiscsak az, hogy a magyar gazdaság kedvező, növekedést ösztönző tendenciáit a piac már évek óta beárazta. Ennek egyértelmű igazolása az is, hogy a magyar államkötvények aukciói rendkívül nagy kereslet és alacsony hozamok mellett kerülnek bonyolításra. A hitelminősítő intézet a felminősítésről szóló döntés meghozatala mellett azt is hangsúlyozta jelentésében, hogy a 2016 és 2019 közötti időszakban Magyarország GDP-je a korábbi 2 százalék helyett átlagosan mintegy 2,5 százalékkal növekedhet majd. Közzétett jelentésükben többek között azt is elismerték, hogy a pozitív fizetési mérleg az államadósság devizaarányának határozott csökkenése, valamint az önfinanszírozási program révén jelentősen mérséklődött az ország és a hazai pénzügyi szektor sérülékenysége egyaránt. Várakozásaik szerint a jelenlegi folyamatok mellett az államadósság GDP-arányos mértéke, összhangban egyébként a nemzetgazdasági tárca várakozásaival, 2019-re akár a 70 százalék alatti értékre is csökkenhet. Tisztelt Államtitkár Úr! A felminősítés világosan bizonyítja és meg is erősíti azt, hogy Magyarország valóban jó úton halad, és az ország pénzügyi stabilitása, valamint a növekedési mutatók láttán mind az Európai Unió, mind a nemzetközi pénzügyi szervezetek is bizakodóan tekintenek hazánk pénzügyi és gazdasági helyzetének további alakulására. Ezen tények ismeretében tisztelettel kérdezem államtitkár urat, hogy mit is jelent a felminősítés az ország gazdasága szempontjából. Várom megtisztelő válaszát</seg>
<kinesic type="applause"><desc>Taps a kormánypárti padsorokban.</desc></kinesic>
</u>
        <u xml:id="ParlaMint-HU_2016-09-26-interpellation-IC7_12196" who="#MártaDemeter" ana="#regular"><note>DEMETER MÁRTA (MSZP):</note>
<seg xml:id="IC7_12196.1">Köszönöm, elnök úr. Államtitkár Úr! A magyar letelepedésikötvény-programot egyes közvetítő cégek már úgy reklámozzák, hogy a kötvény megvásárlásával hamarosan magyar állampolgárságot is lehet szerezni. Ezekben a filmekben nagyon hosszasan ecsetelik, hogy az állampolgárság megszerzése tekintetében milyen kedvezményeket kapnak hamarosan a kötvényvásárlók. Többek között magyar nyelvből sem kell majd vizsgát tenniük. Miközben önök az egész politikájukat a félelem- és gyűlöletkeltésre alapozzák, a Fideszhez kötődő körök gazdag migránsok Magyarországra telepítéséből szakítanak milliárdokat.(16.00)Ráadásul úgy, hogy végül még a magyar emberek fizetnek a bevándorlóknak, ugyanis aki megveszi a kötvényt, kölcsönt ad Orbán Viktor kormányának, és azonnal élethosszig tartó letelepedési engedélyt kap Magyarországon, majd öt évvel később a pénzét kamatostul visszakapja, ráadásul a magyar emberek pénzéből kifizetett kamat jóval magasabb a piaci hozamoknál. A kötvényforgalmazáshoz kötődő milliárdos haszon pedig fideszes haverokhoz vándorol a letelepedési államkötvények értékesítésére beiktatott offshore cégeken keresztül. Ezzel a konstrukcióval mára 16 ezer, azaz egy kisvárosnyi embert, köztük sajnos bűnözőket is hoztak Magyarországra</seg>
<kinesic type="noise"><desc>Közbeszólások a Fidesz soraiból: Nem igaz! Neveket kell mondani!</desc></kinesic>
<seg xml:id="IC7_12196.2">A mohóságuk, úgy tűnik, azonban nem ismer határokat. Láthatjuk, hogy most már a magyar állampolgárság kiárusítását is tervezik. Biztosan ennek benyújtására is lesz majd a Fidesz soraiban önként jelentkező, hiszen legutóbb Rogán Antal frakcióvezetőként sem szégyellte bevállalni a letelepedési biznisz képviseletét.Államtitkár úr, a Belügyminisztérium felelősségi körébe tartozik a bevándorlást és állampolgárságot szabályozó törvények kidolgozása. Az önök felelőssége is lesz, ha a letelepedési joggal csencselők holnap már a magyar állampolgárságot is eladhatják. Mivel a Belügyminisztérium nem tette meg, az MSZP benyújtotta a letelepedési üzlet felszámolásáról, a haverok offshore cégei által bezsebelt extraprofit visszafizetéséről szóló törvényjavaslatot.Kérdezem tehát államtitkár urat: csakúgy, mint a letelepedésikötvény-üzlet, az állampolgárság kiárusítása is a Belügyminisztérium asszisztálásával valósul majd meg, vagy a kormány ezúttal esetleg hajlandó lesz megálljt parancsolni a fideszes haveroknak és támogatni a letelepedési biznisz megszüntetéséről szóló MSZP-s javaslatot? Továbbra is kérdésem az is, hogy Orbán Viktor vajon mennyit kap ebből a kötvénybizniszből. Várom válaszát</seg>
<kinesic type="applause"><desc>Taps az MSZP soraiból.</desc></kinesic>
</u>
        <u xml:id="ParlaMint-HU_2016-09-26-interpellation-IC7_12197" who="#ZoltánMagyar" ana="#regular"><kinesic type="noise"><desc>FARKAS GERGELY (Jobbik): Köszönöm a szót. Tisztelt Ház! Tisztelt Államtitkár Úr! Minden évben visszatérő probléma a hazai szőlészek tarthatatlan helyzete országosan is, és főleg egy olyan választókerületben, ami az enyém, ahol fokozott szerepet tölt be a mezőgazdaság. A szőlőtermelés önköltségét sem fedező felvásárlási árak miatt kilogrammonként sok esetben 30-40 forint közötti összeget veszítenek rajta a szőlősgazdák. Ráadásul idén tetézi a bajt, hogy hasonlóan a többi gyümölcságazathoz, itt is komoly munkaerőhiány jelentkezik. Miközben a kormány a magyar bor visszatérő sikeréről beszél, addig azok, akik egész évi kemény munkával előállítják a bor alapanyagát, a megélhetésükért küzdenek. A Jobbik azzal együtt, hogy természetesen minden hazai és nemzetközi szinten elért boros sikert üdvözöl, emellett felhívja a figyelmet a szőlészek felháborító helyzetére.A gyakran ismeretlen eredetű silány olasz bor és a borhamisítvány tovább ront a helyzeten, hiszen jelentős mértékben ez nyomja le a felvásárlási árakat. Hiába tüntettek több alkalommal is a szőlészek, hiába a szakma figyelmeztető hangja, önök nem akarnak vagy nem tudnak segíteni rajtuk. De nemcsak a szőlőágazatban maradt el az ígért kormányzati lépéssorozat. Minden évben halljuk az alma, a meggy, a málna, a dinnye vagy számos más gyümölcs termelőjének jogos panaszait. A felvásárlási árakkal kartellszerűen visszaélő, maffiahálózatként üzemelő felvásárlók és a multiláncok embertelen üzletpolitikája sok magyar családot tett tönkre eddig is. A gyakran áfával trükköző importdömpinget pedig a szektorban nem tudták visszaszorítani. Nem csoda tehát, hogy egyre kevesebben foglalkoznak a gyümölcstermesztéssel. Visszatérve a szőlőnél kialakult helyzetre, a Hegyközségek Nemzeti Tanácsa is érzi a problémát. Nem véletlen, hogy igyekeztek egy országos átlag felvásárlási árszintet meghúzni 91-97 forint között. Ez mellesleg még így is a tavalyi felvásárlási ár alatt van 3 forinttal. Azonban még így is jobb, mint ami a gyakorlatban zajlik, azaz ami jelenleg több esetben 60-70 forintot jelent - ennyiért vásárolják fel a szőlő kilóját a nagykereskedők. A termelők régóta követelik az importtermékek minőségét és forgalmi adóját illetően a jelenleginél fokozottabb NAV- és Nébih-ellenőrzéseket. Hiszen ne mondja azt senki, hogy egy külföldön előállított bármilyen gyümölcsöt annyival kisebb bekerülési áron tudják forgalomba hozni, szállítással együtt Magyarországon, hogy az jóval a hazai termékek árszintje alatt van!Tisztelt Államtitkár Úr! Mindezek alapján kérdezem, hogy milyen változások várhatóak a hazai gyümölcstermelők védelmét illetően. Megfogadják-e a Hegyközségek Nemzeti Tanácsa javaslatait annak érdekében, hogy több ezer tisztességesen dolgozó szőlészcsalád ne menjen tönkre? Várom érdemi válaszát</desc></kinesic>
<kinesic type="applause"><desc>Taps a Jobbik soraiból.</desc></kinesic>
</u>
        <u xml:id="ParlaMint-HU_2016-09-26-interpellation-IC7_12199" who="#LászlóGyörgyLukács" ana="#regular"><note>DR. LUKÁCS LÁSZLÓ GYÖRGY (Jobbik):</note>
<seg xml:id="IC7_12199.1">Tisztelt Képviselőtársaim! Tisztelt Államtitkár Úr! Méltatlan helyzetben va</seg>
<kinesic type="noise"><desc>Zaj. - Az elnök csenget.</desc></kinesic>
<seg xml:id="IC7_12199.2">a mai, modernnek nevezett egészségügy, ugyanis egy hálapénznek nevezett jelenség falja fel a betegek és az egészségügyi dolgozók közötti bizalmi viszonyokat, mérgezi mindennapi működését. A hálapénz annyira a mai ellátórendszer része, hogy vannak olyan újságírók, akik tesztelik, hogy hogy lehet túlélni egy műtétet kórházi tartózkodás nélkül. De vannak fórumok, ahol betegek arra keresik a választ, hogy melyik orvosnak melyik kórházban mennyit illik, illetve éppen kötelező-e adni, mert sajnos ilyen is van: kötelező, sőt elvárt, előre tarifaként is megszabják. Sőt, kialakultak komoly üzletágak is a hálapénzre, amikor egyes orvosok úgy, hogy nem az intézmény dolgozói, csak azért mennek be dolgozni, műtéteket elvégezni, szüleszteni, hogy éppen megkaphassák saját hálapénzüket a beavatkozást követően vagy előre. Álláspontom szerint - és ezt is ki kell mondani - a hálapénznek már semmi köze a segítségért cserébe érzett hálához, sokkal inkább a félelem bére. A jelenlegi jogi szabályozás a hálapénzt legálisnak tartja abban az esetben, ha az intézményvezető megengedi, és ezt nem előre, hanem a beavatkozás után kéri. Ez a szabályozás persze nemcsak legalizálja egy részét a hálapénznek, hanem kiskapukkal utat nyit az illegális hálapénznek is, amit tarifaként alkalmaznak. Azonban, amikor az állam engedélyezi a hálapénzt, éppen csak annyit felejt el, hogy a legális hálapénzelfogadó-helyeket nyilvántartsa. Legnagyobb megdöbbenésemre, amikor megkerestem az Állami Egészségügyi Ellátó Központot, írásbeli kérdésemre azt nyilatkozták, nem tartják számon, forduljak egyenesen az intézményekhez. A kapott válasz és az a tény, hogy az állami fenntartónak fogalma sincs, hogy mi történik a kórházakban, jól mutatja: a rendszer jelenleg teljesen átláthatatlan. Ha az államnak semmilyen adata nincs arra, hogy hol adnak, fogadnak el hálapénzt legálisan, akkor azt is feltételezni lehet, hogy arról sincs információja, hogy hol adják illegálisan. Azaz vagy nem érdekli, vagy tudatosan szemet huny az egészségügy mindennapi korrupciója felett, jóváhagyva a törvénysértéseket. Államtitkár úr, bátran kijelenthető, hogy a jelenlegi kormány nemcsak intézményesítette, hanem meg is erősítette a hálapénzre épülő magyar egészségügyet, arra kényszerítve a betegeket és a hozzátartozóikat, hogy méltatlan és anyagilag megterhelő helyzetbe hozzák magukat a gyógyulásuk érdekében. Jelenleg ott tartunk, hogy a hálapénz a magyar egészségügy különös ismertetőjegye. Tisztelt Államtitkár Úr! Úgy gondolom, ideje már a történelem szemétdombjára helyezni a hálapénz néven elhíresült félelemtarifát, és véget vetni a beteget és a dolgozót is egyaránt teherrel sújtó mindennapos egészségügyi korrupciónak. Mindezekre tekintettel várom tisztelt államtitkár úr válaszát a következő kérdésekben. Miért nem lép fel erélyesebben a kormány a hálapénz megszüntetése érdekében? Miért nem tudja az állami intézményfenntartó, hogy hol adható és hol nem a korrupció előszobáját jelentő hálapénz? És mikor szorítja vissza azon eseteket, amikor illegálisan kérnek tarifát, hálapénzt az orvosok akár csak úgy, hogy nincs is munkaviszonyuk az adott kórházban? Várom megtisztelő válaszát</seg>
<kinesic type="applause"><desc>Taps a Jobbik soraiból.</desc></kinesic>
</u>
        <u xml:id="ParlaMint-HU_2016-09-26-interpellation-IC7_12202" who="#AlpárGyopáros" ana="#regular"><note>GYOPÁROS ALPÁR (Fidesz):</note>
<seg xml:id="IC7_12202.1">Köszönöm a szót, elnök úr. Tisztelt Államtitkár Úr! Magyarország ezen a héten kvótanépszavazásra készül. A népszavazásra azért van szükség, mert a brüsszeli Bizottság egy felső határ nélküli, automatikus bevándorlószétosztási mechanizmust akar rákényszeríteni a tagállamokra, amely szerint a bevándorlók széttelepítéséről az Unió intézményei döntenek egy matematikai képlet alapján. A magyar emberek arra készülnek, hogy nemet mondjanak erre, és egyértelműen kinyilvánítsák: csak ők dönthetik el, hogy kivel akarnak együtt élni, és ezt senki nem mondhatja meg helyettük.Vasárnap nem csak Magyarországon lesz népszavazás. Allex egy festői szépségű, 2500 lelkes békés kis település Dél-Franciaországban, de félő, hogy már nem sokáig. A francia kormány ugyanis bejelentette, hogy a köznyelvben dzsungelnek hívott calais-i migráns-sátortáborból 12 ezer bevándorlót kíván széttelepíteni az országban, közülük 50-et Allex-be. Allex lakói pedig nem akarják, hogy migránstelepet létesítsenek náluk, és erre minden okuk megvan. A bevándorlásnak ugyanis súlyos biztonsági kockázatai vannak. Franciaországban az elmúlt másfél évben 238-an vesztették életüket terrortámadásokban, amelyeket első- vagy másodgenerációs bevándorlók követtek el. A francia belügyminiszter kijelentette: szinte nincsen olyan nap, hogy a biztonsági erők ne hiúsítanának meg újabb merényleteket. Allex pedig védekezik: polgármestere abban a pillanatban kezdeményezte a referendum kiírását, hogy a központi kormány terve napvilágra került.Tisztelt Államtitkár Úr! Tisztelt Képviselőtársaim! Ne legyenek illúzióink: minden országban, ahová nagy számban érkeztek migránsok, széttelepítették őket. A népszavazás gáncsolói is nagyon jól tudták ezt, de hallgattak róla, akik be akarják engedni a migránsokat, azok ugyanis szét is akarják telepíteni őket: a széttelepítés a beengedés egyenes következménye. A baloldali vezetésű városok Martin Schulz egy nyilatkozata alapján arra készülhetnek, hogy Brüsszellel titokban megegyezve, a polgárokat kicselezve telepítsenek be migránsokat</seg>
<seg xml:id="IC7_12202.2">(Gőgös Zoltán: Miért hazudsz már megint? Brüsszellel hogy állapodhatna már meg?!)</seg>
<seg xml:id="IC7_12202.3">Csakhogy erről szerencsére nem a baloldali városvezetők fognak dönteni, hanem a polgárok, akik most vasárnap a népszavazáson nemet mondhatnak a kényszerbetelepítésre.Tisztelt Államtitkár Úr! Segítsen megfejteni nekünk: vajon hova akarja a baloldal széttelepíteni a migránsokat</seg>
<kinesic type="noise"><desc>Közbeszólás a Fidesz soraiból: Szegedre.</desc></kinesic>
<seg xml:id="IC7_12202.4">És vajon milyen kockázatai lehetnek az egyes településeken az adott településre érkező kényszerbetelepítésnek? Várom megtisztelő válaszát</seg>
<kinesic type="applause"><desc>Taps a kormánypártok soraiban.</desc></kinesic>
</u>
        <u xml:id="ParlaMint-HU_2016-09-26-urgent_question-AC7_12239" who="#DánielZ.Kárpát" ana="#regular"><note>Z. KÁRPÁT DÁNIEL (Jobbik):</note>
<seg xml:id="AC7_12239.1">Tisztelt Elnök Úr! Tisztelt Ház! Miközben a Magyar Nemzeti Bank és vezetősége a kormánnyal együttműködve számos pompás lépést foganatosíthatott volna, mondjuk, a devizahitel-károsultak helyzetének rendezése érdekében, az utóbbi időszakban azonban azt tapasztaljuk, hogy a közpénzekkel kapcsolatos jegybanki filozófia egy sajátos tündérmesét alakított ki Magyarországon, amibe belefér az ingatlan-portfólió közgazdasági alapelvekkel szemben történő bővítése, 120 millióért vett újabb festményekről szóló sajtóhírek, vagy az a sajtóhír, ami arról szól, hogy az MNB a Magyar Bankszövetséget támogatta mintegy 30 millió forinttal a pénzügyi ismeretek fejlesztése érdekében indított átfogó program kapcsán, ami közröhej.</seg>
<seg xml:id="AC7_12239.2">És lássuk be, hogy a devizahiteles-átváltásból származó 100 milliárdos nagyságrendű összeg, ami a devizahitel-károsultak pénze, kerül eltapsolásra a Magyar Nemzeti Bank alapítványai által; azon összegek, amelyek egészen biztosan jobb helyen lennének a hitelkárosultak helyzetének rendezése kapcsán kimunkált programpontoknál, csakhogy ilyenek nincsenek. A kilakoltatások rekordszintet vernek, Magyarország jelenlegi kormánya hagyja, hogy többször annyi embert lakoltassanak ki, mint akár egy, akár három, akár öt évvel ezelőtt. Hagyják kibontakozni azt a szociális katasztrófát, ami megelőzhető lenne, csillapítható lenne, ha Magyarország Kormánya odahatna az MNB vezetését és vezetőjét illetően, kézbe venné legalább azokat a dolgokat, amelyeket egy függetlennek mondott szerv esetében kézbe lehet venni.</seg>
<seg xml:id="AC7_12239.3">És el kell mondjuk azt is, ha létrehoznának egy olyan kártérítési alapot, amiből a hitelkárosultak helyzete rendezhetővé válna, adott esetben ezen 100 milliárdos többlet kárára, egészen biztos, hogy nemcsak attól lenne hangos a sajtó, hogy milyen rokonok, üzleti partnerek és ismerősök kapnak busás szerződéseket a Magyar Nemzeti Banknál, lehet, hogy nem mindig törvénysértő, de az biztos, hogy arcpirító módon.</seg>
<seg xml:id="AC7_12239.4">Éppen ezért kérdésem lényege tehát, mikor hat oda végre Magyarország Kormánya, egyrészt a devizásoktól elrabolt pénzek visszaszerzése érdekében, másrészt azért, hogy ez a botrányos helyzet megszűnjön</seg>
<kinesic type="applause"><desc>Taps a Jobbik soraiban.</desc></kinesic>
</u>
        <u xml:id="ParlaMint-HU_2016-09-26-urgent_question-AC7_12240" who="#LászlóGyörgyLukács" ana="#regular"><note>DR. LUKÁCS LÁSZLÓ GYÖRGY (Jobbik):</note>
<seg xml:id="AC7_12240.1">Köszönöm szépen. Tisztelt Miniszter Úr! Nagyon örülök neki, hogy önnel vitathatom meg azt az egyébként szomorú esetet, ami a napokban a szemünk előtt játszódik le. A volt CBA franchise partner Palóc Nagykereskedelmi Kft. ugyanis hosszú, 25 évnyi működés után, úgy tűnik, csődvédelembe menekül, és magára húzta a rolót. Ez csak azért is fontos, mert bár Nógrád megye legnagyobb foglalkoztatója volt, de csődje, illetve a csődvédelembe való menekülése 1300 embert, illetve 1300 embernek a családját fogja érinteni.</seg>
<seg xml:id="AC7_12240.2">(Dr. Szűcs Lajost a jegyzői székben dr. Tiba István váltja fel.)</seg>
<seg xml:id="AC7_12240.3">Nehéz lehet persze belelátni, hogy mi is okozhatta a csődöt, minden bizonnyal lehetett rá egyébként a kormány eddigi tevékenységének is hatása, hiszen hogyha megnézzük a multik kiszorítását, illetve megregulázását célzó intézkedéseket, tisztán láthatjuk, hogy mind a dohánytermékek forgalmának kiesése, a vasárnapi zárva tartás vagy például a tranzakciós illetékeknek a bevezetése, a reklámadó, az útdíj bevezetése, ezek mind olyan nehezen érintették a céget, hogy az egyébként a 2000-es évektől felfelé ívelő és 2011-2012-ben még pozitív, stabil mérleget produkáló gazdasági társaság megrogyott, és most már az egymás utáni két évben, úgy tűnik, negatív eredményt ért el. A lényeg tehát, hogy egy olyan hazai gazdasági környezet is közrejátszhatott, amely egy 25 éve jól működő, 27 milliárd forintos árbevételt produkáló cégnek a csődjét jelenti.</seg>
<seg xml:id="AC7_12240.4">Most ott tartunk, tisztelt miniszter úr, és talán önnek is ismerősök lehetnek ezek a boltok, hogy például Nógrád megyében vagy a Heves megyei Poroszlónál, ahol egyébként szerintem már meg is állhatott hasonló boltban, vagy az abádszalóki, vagy például a karcagi boltban, ami ismerős lehet, a dolgozók nem tudják a „hogyan tovább”-ot. Nem tudják, hogy bérüket megkaphatják-e, meg fogják-e kapni az augusztusit, egyáltalán azt sem tudják, hogy hogyan tovább. Jellemzően ezek a családok, akiknek már nincs hová nyúlniuk, nincsenek tartalékaik.</seg>
<seg xml:id="AC7_12240.5">Mindenképpen az is említésre méltó, hogy tekintettel arra, hogy CBA franchise-ról van szó, a kormánynak talán látnia is kellett, hogy közelít a baj. Éppen ezért tisztelettel kérdezem miniszter urat, mit tegyen ezen 1300 ember és családja, akinek fogalma sincs, hogy mi lesz velük. Látta-e előre a kormány, hogy ilyen komoly baj közelít? Ha igen, akkor miért nem cselekedett? És mit kíván tenni, mit tudnak remélni a nógrádi, hevesi, Szolnok megyei családok, akik a Palóc Nagykereskedelmi Kft. munkáiból éltek</seg>
<kinesic type="applause"><desc>Taps a Jobbik soraiban.</desc></kinesic>
</u>
        <u xml:id="ParlaMint-HU_2016-09-26-urgent_question-AC7_12243" who="#JózsefAttilaMóring" ana="#regular"><note>MÓRING JÓZSEF ATTILA (KDNP):</note>
<seg xml:id="AC7_12243.1">Köszönöm a szót. Tisztelt Elnök Úr! Tisztelt Államtitkár Úr! A magyar diótermelés a tavalyi évben kiemelkedő volt. A magyar dió minősége jobb, mint az olasz és az amerikai dióé, feltehetően ennek köszönhető, hogy rendkívül jó a piaca is.</seg>
<seg xml:id="AC7_12243.2">A hazai diófajták nagy előnye, hogy többségük korai érésű, így a külföldi konkurenciát megelőzve, szeptemberben megjelenhetnek a nemzetközi piacokon is.</seg>
<seg xml:id="AC7_12243.3">A dió, mint tudjuk, hosszú távú befektetés. Az elmúlt években több termelő érdeklődését is felkeltette, így a korábbi ültetvénytelepítéseknek köszönhetően néhány éven belül akár a duplájára is emelkedhet a Magyarországon megtermelt dió mennyisége.</seg>
<seg xml:id="AC7_12243.4">(17.10)</seg>
<seg xml:id="AC7_12243.5">Az Agrárgazdasági Kutató Intézet jelentése szerint a dió az egyetlen héjas termésű gyümölcs, amelynek a külkereskedelmi egyenlege pozitív. Héjas dióból tavaly több mint 2 ezer tonnát sikerült eladni a külpiacokon, ami ugyan 3 százalékos csökkenést jelent, a kiviteli értéke 1 milliárd 840 millió forintot tett ki. Az árak emelkedtek, a hazai dió termelői ára 2015-ben 13 százalékkal volt magasabb, mint egy évvel korábban, a kilónkénti ár így megközelítette a 3 ezer forintot. Dióbélből tavaly mintegy 2200 tonnát értékesítettek a termelők. Ez utóbbi kategóriából főként a francia és a német piacra szállítanak, de jelentős az Egyesült Királyságba irányuló kivitel is.</seg>
<seg xml:id="AC7_12243.6">A szántóföldi termesztésben a KSH adatai alapján mintegy 4551 hektáron termesztenek Magyarországon diót, amelyből átlagosan 1-1,5 tonna termésátlagot, 2015-ben 6717 tonnát tudtak a gazdálkodók begyűjteni.</seg>
<seg xml:id="AC7_12243.7">Tisztelt Államtitkár Úr! A termelés növekedése és az export további bővülése érdekében milyen eszköztára van a kormányzatnak? Miben tudja segíteni a hazai gazdákat e célok elérése tekintetében? Várom a tisztelt államtitkár úr válaszát</seg>
<kinesic type="applause"><desc>Taps a kormánypártok soraiban.</desc></kinesic>
</u>
        <u xml:id="ParlaMint-HU_2016-09-26-urgent_question-AC7_12244" who="#IstvánIkotity" ana="#regular"><note>IKOTITY ISTVÁN (LMP):</note>
<seg xml:id="AC7_12244.1">Köszönöm szépen, elnök úr. Tisztelt Miniszter Úr! A Magyar Kereskedelmi és Iparkamara, valamint vezetője, Parragh László fontos partnere a kormánynak. Eddig számos kérdésben hallgattak rá. Tudomásom szerint az ő javaslatára csökkentették például négy évre a szakiskolai képzést. Ő javasolta, ő diktálta a duális képzés bevezetését is. Ő adta le a megrendelést a kormánynak, hogy idén szeptembertől csökkenteni kell a szakközépiskolákban a természettudományos tárgyak oktatását.</seg>
<seg xml:id="AC7_12244.2">Nemrég azonban Parragh László egy nagyon izgalmas kijelentést tett. Kecskeméten, az 54. közgazdász-vándorgyűlésen arról beszélt, idézem: „Magyarországon ma nincs felnőttképzés. Itt gyakorlatilag csak pénzmosásról van szó nálunk ezen címszó alatt.” - itt az idézet vége. Innen a parlamentből kívánunk jó reggelt Parragh Lászlónak. Mi már évek óta pontosan erről beszélünk: politikai kapcsolatokkal rendelkező cégcsoportokról és képzőkről, akik a munkaügyi központokkal összefonódva a saját zsebükre játszanak; vagy arról, hogy Magyarországon az uniós átlagtól jóval elmarad a felnőttképzésben részt vevők aránya, illetve arról, hogyan nyúlják le az uniós forrásokat ezen a téren is.</seg>
<seg xml:id="AC7_12244.3">Az LMP reméli egyébként, hogy Parragh László valódi reformokat vár a felnőttképzésben, nem pedig azon kesereg, hogy a mai felnőttképzés egy pénzmosás, mert erre a területre még nem terjesztette ki a befolyását az oligarcháival együtt.</seg>
<seg xml:id="AC7_12244.4">Tisztelt Miniszter Úr! Lehet, hogy Parragh László egy szűk gazdasági oligarchacsoport képviselője, de végre bátran kimondott egy problémát. Megfogadják-e a szavait, nekikezdenek-e a felsőoktatás átalakításának? Felszámolják-e a pénzmosást? Tiszta viszonyokat teremtenek-e ezen a területen? Helyrerakják-e a dolgokat, hogy a hazai felnőttképzés a hazai munkavállalókat szolgálja, ne pedig szűk lobbicsoportok meggazdagodását? Várom válaszát</seg>
<kinesic type="applause"><desc>Taps a Jobbik padsoraiból.</desc></kinesic>
</u>
        <u xml:id="ParlaMint-HU_2016-09-26-urgent_question-AC7_12245" who="#ÁkosHadházy" ana="#regular"><note>DR. HADHÁZY ÁKOS (LMP):</note>
<seg xml:id="AC7_12245.1">Köszönöm szépen. Tisztelt Elnök Úr! Tisztelt Államtitkár Úr! A GOP 1.1.1-11 piacorientált kutatás-fejlesztés fantázianevű programjában rákkutatásra kapott egy üzleti tanácsadó cég összesen 300 millió forint támogatást. Ebből ő 55 millió forintot csippentett ki, de nem is ez ebben a legkínosabb, hanem az, hogy volt neki két konzorciumi társa</seg>
<kinesic type="signal"><desc>Dr. Rétvári Bence Móring József Attilával beszélget. - Az elnök csenget.</desc></kinesic>
<seg xml:id="AC7_12245.2">Az egyik egy Avidin Kft. nevezetű, valóban kutatással foglalkozó cég, ő 108 millió forintot költött anyagköltségre és 36 milliót személyi költségre. Viszont a másik konzorciumi tag a Szegedi Tudományegyetem volt, ő 37 millió forintot költött anyagköltségre és 141 millió forintot személyi költségre, ami egészen hihetetlen.</seg>
<seg xml:id="AC7_12245.3">Ez egy egyéves kutatás volt, egy év alatt ezt lefolytatták. Ebből a pénzből 12 professzor bérét lehetett volna fizetni. Egészen elképesztő, ez egy viszonylag egyszerű kutatás, vírussal fertőztek sejttenyészetet, és itt citopatogén hatást, génexpressziókat figyeltek. Nyilvánvalóan néhány laboránssal, néhány doktorandusszal egy professzor irányítása alatt ezt meg lehet csinálni. Egészen hihetetlen: 12 professzor bérét vették le!</seg>
<seg xml:id="AC7_12245.4">Az a baj, úgy tűnik, hogy ez nem egyedi eset. A GINOP 2.3.2-15 programban elő is írják, hogy minimum 30 százalékát a kutatási projekteknek személyi költségre kell venni. Egy egymilliárdos projekt esetében évente hét és fél professzor dolgozna ezeken a projekteken, azonban az a tapasztalat, hogy vannak olyan projektek, ahol 70 százalékát személyi költségre állították be. Az a kérdés, hogy ezt hogyan merik megtenni, hiszen ez egészen hihetetlen, illetve önök támogatják-e ezt a gyakorlatot, hogy a kutatási projektek 70 százaléka személyi költség. Köszönöm.</seg>
</u>
        <u xml:id="ParlaMint-HU_2016-09-26-urgent_question-AC7_12247" who="#CsabaTóth" ana="#regular"><note>TÓTH CSABA (MSZP):</note>
<seg xml:id="AC7_12247.1">Köszönöm szépen, elnök úr. Tisztelt Államtitkár Úr! Zugló a főváros egyik legnépesebb kerülete, hisz több mint 120 ezer ember él itt. A zuglóiak már tíz éve várnak arra, hogy felépüljön az új városközpont a Bosnyák piac mellett, amely a főváros egyik legnagyobb ilyen létesítménye. Egy új városközpontra várnak, új közigazgatási központtal, rendőrséggel, orvosi rendelővel, üzletközponttal.</seg>
<seg xml:id="AC7_12247.2">Korábban hosszú évekre visszavetette a projekt megvalósítását, hogy az M4-es, eredeti nevén Dél-Buda-Rákospalota metróvonal Keleti pályaudvar és Bosnyák tér közötti szakaszának megépítését évekkel ezelőtt elnapolták, majd később végleg levették a napirendről. Ezzel a kerület szempontjából rendkívül fontos fejlesztés is megakadt, hiszen egy ilyen léptékű beruházás elengedhetetlen feltétele a jó tömegközlekedési kapcsolat.</seg>
<seg xml:id="AC7_12247.3">Évekkel ezelőtt felmerült annak a lehetősége, hogy a metró második szakaszának megépítése helyett a Thököly úton gyorsvillamosvonal kiépítésével kellene megoldani a Keleti pályaudvar és a Bosnyák tér kapcsolatát. Az elmúlt évben úgy tűnt, hogy ez valósággá is válhat. A gyorsvillamos megépítésének tervét korábban Fónagy államtitkár úr is megerősítette kérdésemre válaszolva. Sőt, azt is kiemelte akkori válaszában, hogy a projektnek jelentős szerepe lesz a már megépült 4-es metrószakasz megtérülésének és fenntarthatóságának biztosításában, hiszen ráhordja majd az utasokat.</seg>
<seg xml:id="AC7_12247.4">A gyorsvillamos terve újra előtérbe hozta a projekt megvalósítását, hiszen a befektető még mindig jogerős építési engedéllyel rendelkezik. Most úgy tűnik azonban, hogy a metró után gyorsvillamos sem lesz, pedig korábban minden az ilyen irányú kötöttpályás közlekedésfejlesztés mellett szólt. Ezzel együtt Zugló a legnagyobb fejlesztésétől eshet el.</seg>
<seg xml:id="AC7_12247.5">Mindezekre tekintettel kérdezem államtitkár urat, megépül-e végre a tervezett gyorsvillamos, és ha igen, mikorra várható. Köszönöm szépen</seg>
<kinesic type="applause"><desc>Taps az MSZP soraiban.</desc></kinesic>
</u>
        <u xml:id="ParlaMint-HU_2016-09-26-urgent_question-AC7_12248" who="#GáborIstvánHarangozó" ana="#regular"><note>HARANGOZÓ GÁBOR ISTVÁN (MSZP):</note>
<seg xml:id="AC7_12248.1">Köszönöm szépen, elnök úr. Úgy is fogalmazhattam volna, tisztelt képviselőtársak, államtitkár úr, a kérdést, hogy: tudta, hogy Somogy megyében látványos szakaszához érkezett az egészségügy összeomlása?</seg>
<seg xml:id="AC7_12248.2">Államtitkár úr, az egészségügy átalakítása jegyében a marcali kórházat integrálták a kaposvári kórházba. Magas minőségű, magas színvonalú, azonos hozzáférésű és esélyű betegellátást ígértek. Hivatkoztak a humánerőforrás-problémára is az integrációkor, ön azt állította, hogy így most a szakorvosok biztosítása Marcali és környéke lakossága számára sokkal inkább megoldott. Azóta a marcali kórházból jelentős számú orvos távozott. Súlyos munkaerő-problémákkal küszködik a kaposvári kórház is, a probléma olyan súlyos, hogy a folyamatosan leépülő, megszűnő egészségügyi szolgáltatások sorában most - egy orvos halála miatt kialakult kezelhetetlen létszámhiányra hivatkozva -, 2016. szeptember 20-ától bezárják a szülészet-nőgyógyászati osztályt is.</seg>
<seg xml:id="AC7_12248.3">Államtitkár úr, azt ígérték, hogy jobb színvonal lesz. Nem lett, pedig a többmilliárdos fejlesztések után elkeserítően építenek le mindent. Önök egyenlőbb hozzáférést ígértek, nem lett, hiszen a Marcali és környékén élőknek másfél órás oda-vissza buszutazást, háromórás utazást vesz igénybe, hogy ugyanazokhoz a szolgáltatásokhoz hozzáférjenek. Államtitkár úr, mikor veszik már észre, hogy hiába állnak ki a marcaliak egy emberként a kórházért, ha nincs az infrastruktúrának valós gazdája, ha nincsenek források, kiszámítható működési mechanizmus, ez az erőfeszítés semmit sem ér? Ha tényleg fontos lenne önöknek, hogy több gyerek szülessen, akkor nem bezárnák ezt az osztályt, hanem mindent elkövetnének, hogy megmentsék.</seg>
<seg xml:id="AC7_12248.4">Államtitkár úr, mikor fogják már belátni, hogy ez az átalakítás hiba volt, hogy önök az egészségügy átalakításában rossz úton járnak? Tisztelt Államtitkár Úr! Miért akarnak elfekvőt csinálni a marcali kórházból többmilliárdnyi befektetés után</seg>
<kinesic type="applause"><desc>Taps az MSZP soraiból.</desc></kinesic>
</u>
        <u xml:id="ParlaMint-HU_2016-09-26-urgent_question-AC7_12251" who="#MónikaBartos" ana="#regular"><note>BARTOS MÓNIKA (Fidesz):</note>
<seg xml:id="AC7_12251.1">Köszönöm a szót, elnök úr. Tisztelt Államtitkár Asszony! Nekünk, magyar állampolgároknak vasárnap, október 2-án lehetőségünk lesz arra, hogy véleményt formáljunk az Európai Unió bevándorláspolitikájáról. Lehetőséget kapunk arra, hogy megválaszoljuk, egyetértünk-e azzal, hogy a brüsszeli bürokrácia a tagállamokat és azok állampolgárait, így minket is megkerülve döntsön arról, hogy embereket telepítsenek be hozzánk.</seg>
<seg xml:id="AC7_12251.2">A kényszerbetelepítésről szóló jogtalan döntésre most a népszavazás adhat egy politikailag és közjogilag egyaránt sikeres, demokratikus választ. Azonban a migránskérdéssel kapcsolatban, főleg az esetek egyre szaporodó számát is figyelembe véve, nagyon kevés szó esik a nőket érő hatásokról és a veszélyekről, hiszen a kényszerbetelepítésnek súlyos gazdasági, kulturális és biztonsági kockázatai is vannak. A bevándorlási hullám felelőtlen kezelése az Európai Unióban jelentős társadalmi feszültségeket okozott és okoz, és ez komoly gondot jelent, veszélyt jelent a nőkre, a hölgyekre nézve.</seg>
<seg xml:id="AC7_12251.3">A bevándorlókat fogadó, korábban békés uniós országokban sajnos az elmúlt két évben jelentősen megnövekedett a bevándorlók által elkövetett szexuális zaklatások és erőszakos bűncselekmények száma. Én szomorúan azt tapasztalom, hogy a nemzetközi és hazai jogvédő szervezetek többsége nem emelt szót a migránsok által a nőket és kiskorúakat érő szexuális bűncselekmények, zaklatások ellen, sőt csak a szolidaritást hangsúlyozzák. Nem veszik észre, hogy a szolidaritást félreértelmező magatartásukkal az európai állampolgárok, az európai rend, a nők, sőt a rászoruló menekültek érdekeit is sértik.</seg>
<seg xml:id="AC7_12251.4">Tisztelt Államtitkár Asszony! Kérdezem, ön hogy látja, a nemzetközi és hazai jogvédő szervezetek mennyire állnak k</seg>
<kinesic type="signal"><desc>Az elnök a csengő megkocogtatásával jelzi az időkeret lejártát.</desc></kinesic>
<seg xml:id="AC7_12251.5">a nők jogai mellett. Köszönöm szépen.</seg>
</u>
      </div>
    </body>
  </text>
</TEI>
