<?xml version="1.0"?>
<TEI xmlns="http://www.tei-c.org/ns/1.0" xml:id="ParlaMint-HU_2018-09-17" xml:lang="hu" ana="#parla.sitting #covid">
  <teiHeader>
    <fileDesc>
      <titleStmt>
        <title xml:lang="hu" type="main">A Magyar Országgyűlés Korpusza ParlaMint-HU 2018-09-17 [ParlaMint]</title>
        <title xml:lang="en" type="main">Hungarian parliamentary corpus ParlaMint-HU 2018-09-17 [ParlaMint]</title>
        <title xml:lang="hu" type="sub">A Magyar Országgyűlés ülései, 8. ciklus</title>
        <title xml:lang="en" type="sub">Minutes of the National Assembly of Hungary, Term 8</title>
        <meeting ana="#parla.term" corresp="#OGY" n="8">8. ciklus</meeting>
        <respStmt>
          <persName>Miklós Sebők</persName>
          <persName>Orsolya Ring</persName>
          <resp xml:lang="hu">Parla-CLARIN TEI XML korpusz létrehozása</resp>
          <resp xml:lang="en">Parla-CLARIN TEI XML corpus encoding</resp>
        </respStmt>
        <funder>
          <orgName xml:lang="hu">CLARIN Kutatási Infrastuktúra</orgName>
          <orgName xml:lang="en">The CLARIN research infrastructure</orgName>
        </funder>
        <funder>
          <orgName xml:lang="hu">Társadalomtudományi Kutatóközpont, Eötvös Loránd Kutatási Hálózat</orgName>
          <orgName xml:lang="en">Centre for Social Sciences, Eötvös Loránd Research Network</orgName>
        </funder>
      </titleStmt>
      <editionStmt>
        <edition>2.0</edition>
      </editionStmt>
      <extent>
        <measure xml:lang="hu" quantity="21" unit="speeches">21 beszéd</measure>
        <measure xml:lang="en" quantity="21" unit="speeches">21 speeches</measure>
        <measure xml:lang="hu" quantity="7968" unit="words">7968 szó</measure>
        <measure xml:lang="en" quantity="7968" unit="words">7968 words</measure>
      </extent>
      <publicationStmt>
        <publisher>
          <orgName xml:lang="hu">CLARIN Kutatási Infrastuktúra</orgName>
          <orgName xml:lang="en">CLARIN research infrastructure</orgName>
          <ref target="https://www.clarin.eu/">www.clarin.eu</ref>
        </publisher>
        <idno type="handle">http://hdl.handle.net/11356/1388</idno>
        <pubPlace>
          <ref target="http://hdl.handle.net/11356/1388">http://hdl.handle.net/11356/1388</ref>
        </pubPlace>
        <availability status="free">
          <licence>http://creativecommons.org/licenses/by/4.0/</licence>
          <p xml:lang="hu">
            Ez a munka az alábbi licence alapján használható
            <ref target="http://creativecommons.org/licenses/by/4.0/">Creative Commons Attribution 4.0 International License</ref>
          </p>
          <p xml:lang="en">
            This work is licensed under the
            <ref target="http://creativecommons.org/licenses/by/4.0/">Creative Commons Attribution 4.0 International License</ref>
          </p>
        </availability>
        <date when="2021-03-31">2021. 03. 31.</date>
      </publicationStmt>
      <sourceDesc>
        <bibl>
          <title xml:lang="hu" type="main">A Magyar Országgyűlés ülései</title>
          <title xml:lang="en" type="main">Minutes of the National Assembly of Hungary</title>
          <idno type="URI">https://https://www.parlament.hu/ </idno>
          <date when="2018-09-17">2018. 09. 17.</date>
        </bibl>
      </sourceDesc>
    </fileDesc>
    <encodingDesc>
      <projectDesc>
        <p>
          <ref target="https://www.clarin.eu/content/parlamint">ParlaMint</ref>
        </p>
      </projectDesc>
      <tagsDecl>
        <namespace name="http://www.tei-c.org/ns/1.0">
          <tagUsage gi="text" occurs="1"/>
          <tagUsage gi="body" occurs="1"/>
          <tagUsage gi="div" occurs="1"/>
          <tagUsage gi="u" occurs="21"/>
          <tagUsage gi="seg" occurs="113"/>
          <tagUsage gi="kinesic" occurs="27"/>
        </namespace>
      </tagsDecl>
    </encodingDesc>
    <profileDesc>
      <settingDesc>
        <setting>
          <name type="address">Kossuth Lajos tér 1-3.</name>
          <name type="city">Budapest</name>
          <name type="country" key="HU">Magyarország</name>
          <date ana="#parla.sitting" when="2018-09-17">2018-09-17</date>
        </setting>
      </settingDesc>
    </profileDesc>
  </teiHeader>
  <text xml:lang="hu" ana="#covid">
    <body>
      <div type="debateSection">
        <u xml:id="ParlaMint-HU_2018-09-17-interpellation-IC8_1346" who="#LászlóGyörgyLukács" ana="#regular"><note>DR. LUKÁCS LÁSZLÓ GYÖRGY (Jobbik):</note>
<seg xml:id="IC8_1346.1">Folyamatosan megtisztel minket azzal, hogy távollétében van, és nem válaszol olyan fontos kérdésekre, ami, bár minden kormánynak jár a 100 napos, úgymond türelmi időszak a kormányzása elején, de ez messze letelt az egészségügyi minisztérium és az új, egészségügyért is felelős miniszter vonatkozásában. Mondhatnánk nyugodtan, hogy ez alatt a 100 nap alatt nem lenne gond például, hogy nincs a helyzet magaslatán, és az orvosok béremelése helyett a saját videósának a bérét emeli, vagy mondhatnánk azt is, hogy a kórházakban dolgozók felmondása körül kialakult krízist egyszerűen csak nem veszi észre. De ez a miniszter az egészségügyből jött, és ott tartunk jelenleg, hogy a 100 nap letelt, és úgy tűnik, hogy nem veszi észre azokat a történéseket, amelyek az elmúlt időszakban például a Honvédkórházban is végbementek. Ugyanis semmi más nem történt a Honvédkórházban, mint Budapestnek a sürgősségi ellátás egyik bástyájában olyan orvoshiány, olyan krízis alakult ki, és egyébként egy olyan jó nevű sürgész mondott fel, akit Magyarországon szerintem bárki felismerne, ha álmából is felébresztik. De mondhatjuk az ajkai problémát, rögtön utána pattant ki. Az intenzív osztály gyakorlatilag nem tudott rendesen működni, azért, mert az ott dolgozók megelégelték azt a fajta munkakörülményt, azt a fajta munkaterhet, amivel szembe kellett nézniük. Ha úgy tetszik, arra szavaztak és arról döntöttek, hogy ők már nem fogják tovább bírni az önök által létrehozott egészségügyben. És önök mit mondanak erről az egészségügyről? Azt mondják, hogy a magyar egészségügy európai színvonalú, sőt világszínvonalú. Tisztelt Államtitkár Asszony! Ez lenne az az európai szintű, európai színvonalú egészségügy?</seg>
<seg xml:id="IC8_1346.2">De van másik válság is az egészségügyben, ez egy pénzügyi válság, erről kevesebbet beszélünk mostanában. Közel 50 milliárd forint az a pénzügyi krízisteher az egészségügyben, ami most a kórházakat érinti, és valójában ez áll például a sürgősségi ellátás krízise mögött, hogy nem tudják rendesen finanszírozni az ellátást, nem tudják rendesen odaadni a fizetést, a gépekre a pénzt, és nem tudják ellátni ezáltal a betegeket.</seg>
<seg xml:id="IC8_1346.3">Mondhatjuk azt is, hogy a háziorvosi praxisok is krízisben vannak. Önök trükköznek a számokkal. Most úgy áll a dolog, hogy önök szerint 6,5 százalék a betöltetlen, de valójában a praxisok megszüntetése és összevonása miatt most már 850 ezer embernek nem jut háziorvos a saját lakóhelyén, ez 8,5 százaléka a praxisoknak.</seg>
<seg xml:id="IC8_1346.4">Tisztelt Államtitkár Asszony! A helyzet komoly, és a magyar emberek aggodalommal figyelik, hogy mi is folyik 2018-ban, az önök kormányzásának most már 8., de lassan 9. megkezdett évében. Nagyon jó lenne, ha az államtitkárok helyett maga a miniszter tudna válaszolni, de mégis öntől kell kérdeznem, hogy van-e egyáltalán a kormánynak terve arra, hogy a sürgősségi ellátást valahogy megmentse. Miért növekszik általában és folyamatosan a betöltetlen praxisok száma</seg>
<kinesic type="signal"><desc>Az elnök a csengő megkocogtatásával jelzi az időkeret leteltét.</desc></kinesic>
<seg xml:id="IC8_1346.5">Árulja el, államtitkár asszony, hogy biztonságban vannak-e a dolgozók és a betegek a magyar kórházakban. Várom érdemi válaszát</seg>
<kinesic type="applause"><desc>Taps a Jobbik soraiban.</desc></kinesic>
</u>
        <u xml:id="ParlaMint-HU_2018-09-17-interpellation-IC8_1350" who="#DánielZ.Kárpát" ana="#regular"><note>Z. KÁRPÁT DÁNIEL (Jobbik):</note>
<seg xml:id="IC8_1350.1">Tisztelt Elnök Úr! Tisztelt Ház! Nem először és ígérem önöknek, nem utoljára fog szó esni a Házban a kilakoltatásokról. Miniszterelnök úrral egy rövid anekdotázásra már kitértünk ez ügyben. Államtitkár úrhoz fordulok a tekintetben, hogy mennyiben tartja emberileg elfogadhatónak azt, hogy több mint 1300 családot május óta kilakoltattak az otthonából, és a moratórium meghirdetése híján a következő hetekben folytatódnak ezek a jelenségek. És azt kell hogy mondjam, a végrehajtói visszaélések összes verziója előfordul egy nagyon széles skálán. Azt kell mondjam, hogy a közjegyzők esetében is sokszor tetten érhető, hogy egészen egyszerűen nem látták el törvényben vállalt feladatukat, már térült követeléseket igyekeznek behajtani.</seg>
<seg xml:id="IC8_1350.2">És egy nagyon sajátságos történet alakult ki: a civil jogvédők, a károsultak, jogászok, aktivisták és alternatív médiamunkások ellenzéki képviselőkkel jellemzően jobbikos képviselőkkel - együtt megjelennek ezeken az eseményeken, természetesen csak ellenőrizvén a folyamatok jogszerűségét.</seg>
<seg xml:id="IC8_1350.3">De már ezen ellenőrzés során is szakjogászaink annyi problémát találtak, hogy amelyekkel szembesítve a végrehajtót rögtön elérhetővé vált az a helyzet, hogy a végrehajtás foganatosítása, a kilakoltatás elmaradt. Állítom tehát, államtitkár úr, ha önök egy minimális fáradságot szentelnének ennek, és ugyanígy megvizsgálnák akár a törvényhozás szintjén ezen folyamatok jogszerűségét, több ezer magyar családot lehetne megóvni a kilakoltatástól. És gondoljon csak arra, államtitkár úr, hogy mi történik egy ilyen családdal az otthon, az élőhely elvesztése után. Nagyon sokan jellemzően nem tudnak hova menni, ez esetekben szétszakad a család, ha a gyámügy elviszi a gyermeket, akkor pedig a visszarendeződés esélye minimális.</seg>
<seg xml:id="IC8_1350.4">Engem elsősorban az érdekelne, hogy morálisan hogyan tud elszámolni több mint 1300 család kilakoltatásával. Amellett, hogy értem én a gazdasági állítólagos sikerekről folytatott propagandájukat, de itt mégiscsak magyar emberek elvitathatatlanul nehéz sorsáról van szó.</seg>
<seg xml:id="IC8_1350.5">Várom érdemi válaszát</seg>
<kinesic type="applause"><desc>Taps a Jobbik soraiból.</desc></kinesic>
</u>
        <u xml:id="ParlaMint-HU_2018-09-17-interpellation-IC8_1361" who="#MártonGyöngyösi" ana="#regular"><note>GYÖNGYÖSI MÁRTON (Jobbik):</note>
<seg xml:id="IC8_1361.1">Köszönöm a szót. Tisztelt Elnök Úr! Államtitkár Úr! Az elmúlt hónapokban biztossá vált, hogy az egykor óriási innovációként beharangozott és a keleti és déli nyitás szimbólumának tekintett Magyar Nemzeti Kereskedőház lehúzza a rolót, és a jelenlegi formában nem működik tovább. Kipukkadt egy újabb kommunikációs lufi, legyinthetnénk a jellemző módon teljesen koncepciótlanul és dilettáns módon megszervezett hálózat megszüntetésére, ha az ügy háttere nem volna még furcsább, mint a felszín. Először azonban tekintsük át a kereskedőház tevékenységének pár jeles epizódját! A 2012-ben létrehozott cég az első három évben 9,5 milliárdos veszteséget produkált, majd 2016-ban 9,1 milliárd forint ráfordításból már 5,6 milliárdnyi bevételt is termelt, miközben irodáinak fenntartása nagyjából 600 millió forint közpénzt emésztett fel. Sajnos, mindezért kevés üzleti lehetőség járt.</seg>
<seg xml:id="IC8_1361.2">A türk világban üzemeltetendő kirendeltségekre kiírt 3,3 milliárd forintos pályázatot megkapó Adnan Polat török milliárdos tulajdonában álló és Tiborcz Istvánnal is összefüggésbe hozható ALX Magyar-Török Kft. 2013-2016 között például egyetlen üzletet sem tudott lebonyolítani. Azt kell mondanunk, hogy a legköltségesebb kereskedőházakba ölt befektetések enyhén szólva sem térültek meg a magyar adófizetőknek. Lehet persze, hogy a kifizetési listán lévő, azóta börtönbe készülő Kuna Tibor, a híres migrációszakértő Nógrádi György vagy épp a Ghaith Pharaonnal üzletelő Zaid Naffa másképp látja mindezt.</seg>
<seg xml:id="IC8_1361.3">Még rejtélyesebb a moszkvai kereskedőház ügye, amelyet Szijjártó miniszter úr is a magyar-orosz kapcsolatok fontos pillérének nevezett, majd a Quaestor-botrány után hirtelen kiderült, hogy olyan kirendeltsége a Nemzeti Kereskedőháznak nem is volt. Sajnálatos, hogy a Jobbik által egykor racionális elképzelésként szorgalmazott, nemzeti érdekeken alapuló keleti nyitásban a kormány csak egy újabb pénzcsapot látott, és mindezzel nemhogy nem építette keleti és déli kapcsolatainkat, de még le is járatta országunkat.</seg>
<seg xml:id="IC8_1361.4">Mindennek azonban még most sincs vége, hiszen az újságok arról írnak, hogy a megszűnő Magyar Nemzeti Kereskedőház Zrt. a milliárdokért létrehozott kirendeltségek lezárása után, leányvállalatával összeolvadva HEPA Magyar Exportfejlesztési Ügynökség néven folytatja tevékenységét. Ezt pedig az a Ligetfalvi Gábor vezeti majd, aki a Mészáros Lőrinchez kötődő MKB Kockázati Tőkealap-kezelő Zrt.-nek vezetője is egyben.</seg>
<seg xml:id="IC8_1361.5">Tisztelt Államtitkár Úr! várható-e az átszervezés után a dilettáns pénzszórás és a haveri körök kifizetésének folytatása? Szakmai érvek vagy a Fidesz-holdudvar belharcai állnak a mostani változtatás mögött? A HEPA is tervezi, hogy nemzetbiztonsági kockázatot jelentő személyekkel üzletel? A Mészáros Lőrinchez kötődő új vezetőt tekinthetjük-e garanciának arra nézve, hogy a kisebb hálózatból még több pénzt sikerül majd kiszivattyúzniuk?</seg>
<seg xml:id="IC8_1361.6">Várom érdemi válaszát</seg>
<kinesic type="applause"><desc>Taps a Jobbik soraiból.</desc></kinesic>
</u>
        <u xml:id="ParlaMint-HU_2018-09-17-interpellation-IC8_1362" who="#LászlóVarju" ana="#regular"><note>VARJU LÁSZLÓ (DK):</note>
<seg xml:id="IC8_1362.1">(A felszólaló és a környezetében több képviselő fehér pólót visel, amelyen a felirat: „Az otthonápolás MUNKA! Lépjünk, hogy léphessenek!”)</seg>
<seg xml:id="IC8_1362.2">Köszönöm szépen. Tisztelt Elnök Úr! Tisztelt Államtitkár Úr! Ma már sokadszorra hallhatja azt, hogy az otthonápolás munka. Ezt az üzenetet hoztuk itt ma már sokan önöknek, hogy végre vegyék észre azt, hogy több mint 50 ezer család várja, hogy azonnal ismerjék el azt, hogy az ő tevékenységük olyan munka, amit meg kell fizetni, amit honorálni kell. Mondom ezt azért is, mert önök itt az elmúlt hónapokban többször ígérték már meg, hogy végre tenni fognak valamit, bizottsági ülésen, nyilvános üléseken; itt az ideje végre, hogy feltűrjék az ingujjat, és végre csináljanak valamit.</seg>
<seg xml:id="IC8_1362.3">(17.40)</seg>
<seg xml:id="IC8_1362.4">Kedves Államtitkár Úr! Önöknek azt kellene elvégezni, amit egyébként éveken át nem tettek. Itt van az a levél, amiben megígérté</seg>
<seg xml:id="IC8_1362.5">(Felmutat egy iratot.)</seg>
<seg xml:id="IC8_1362.6">a Költségvetési bizottság elnökének írva, hogy önök végre a bizottságok tagjait meghívják egyeztetésre, és azokat az érintetteket, akik ebben közreműködtek, és nyár óta vissza-visszatérő téma, hogy az otthonápolás díjazását önök felülvizsgálják.</seg>
<seg xml:id="IC8_1362.7">Az otthonápolás heti 7 napon át napi 24 órát jelentő munka. Tudja-e ön, tisztelt államtitkár úr, hogy ha valaki a piacon ezt a munkát meg akarja fizetni, akkor az mennyibe kerül? Én elárulom önnek: 24 ezer forintba kerül, ennyit kérnek ma azok a szolgáltatók naponta, hogy egyébként ezt végezzék, ennyi pénzbe kerül. Ha viszont valaki maga végzi el ezt a munkát, akkor önök 53 ezer forinttal igyekeznek azt honorálni. Ez az oka annak, hogy itt hétről hétre szólunk azok érdekében, akik ezt a munkát végzik.</seg>
<seg xml:id="IC8_1362.8">Tisztelt Államtitkár Úr! Ma itt voltak az érintettek, azok, akikkel önök nem voltak hajlandók találkozni</seg>
<seg xml:id="IC8_1362.9">(Dr. Rétvári Bence: Ki az? Hogy hívják?)</seg>
<seg xml:id="IC8_1362.10">Nem voltak hajlandók átvenni az egyesület képviselőinek a levelét. Ezt hoztam el önöknek, önnek újra és újra, át fogom adni önnek. Itt az ideje annak, hogy foglalkozzanak ezzel, mert Csehországban 180 ezer, Horvátországban 140 ezer, Szlovákiában 138 ezer forint az a munkadíj, amit ezért fizetnek. Éppen ezért önöknek nincs más teendőjük, mint hogy végre cselekedjenek, fogjanak munkához, és ne pedig letagadják magukat akkor, amikor erről szóló téma van.</seg>
<seg xml:id="IC8_1362.11">Tisztelt Államtitkár Úr! Kérem, tegyenek valamit! Köszönöm szépen a figyelmüket</seg>
<kinesic type="applause"><desc>Taps a DK és az MSZP soraiban.</desc></kinesic>
</u>
        <u xml:id="ParlaMint-HU_2018-09-17-interpellation-IC8_1366" who="#LőrincNacsa" ana="#regular"><note>NACSA LŐRINC (KDNP):</note>
<seg xml:id="IC8_1366.1">Köszönöm a szót. Tisztelt Elnök Úr! Tisztelt Képviselőtársaim! Tisztelt Államtitkár Úr! A technológiai fejlődés nem áll meg. Beléptünk a negyedik ipari forradalom korszakába, a gőz, az elektromosság és az elektronika után az Ipar 4.0 lehetőséget teremt arra, hogy az innováció segítségével Magyarország Európa öt legélhetőbb országa közé kerüljön 2030-ra.Az Ipar 4.0 az információs technológia és az automatizált berendezések egyre szorosabb összefonódását, illetve a gyártási módszerek alapvető megváltozását hozza el, magyarán: a termelés egyre gyorsabb és önműködőbb lesz. Intelligens gépek szervezik és optimalizálják munkafolyamataikat, a termelési döntések pedig többé nem személyi megfontolások, hanem inkább az egyes munkafolyamatok legrelevánsabb, okosgépek által precízen rögzített adatai alapján történnek. A gépek munkafolyamatainak optimalizálásához szükséges folyamatos tanulás nem korlátozódik lokációra.</seg>
<seg xml:id="IC8_1366.2">Ehhez persze nem elég a kormányzati akarat, tudatos kutatás-fejlesztési stratégiára van szükség, aminek része a bruttó hazai termék, a kutatás-fejlesztésre fordítandó összeg emelése, az infrastruktúra folyamatos fejlesztése, a XXI. századi kihívásokra hatékonyan reagáló szakképzési rendszer kialakítása, a magyar tulajdonú vállalatok erősítése, hogy magasabb hozzáadott értéket állítsanak elő, növekedjen az exportképességük és termelékenységük.</seg>
<seg xml:id="IC8_1366.3">Tisztelt Államtitkár Úr! Számos további kapcsolódó területen is elengedhetetlen az átfogó stratégia és a fejlesztés, mint például az energia- és klímapolitika a megbízható atomerőművi termelésre alapozva, szükséges az energiaszektor klímabarát átalakítása, többek között a hazai megújulóenergia- és szénhidrogénforrások növekvő felhasználásával.</seg>
<seg xml:id="IC8_1366.4">De ugyanilyen fontos a gyorsvasúti és gyorsforgalmi utak fejlesztése, hogy a XXI. századi magyar vállalkozások XXI. századi logisztikai lehetőségekkel vehessék fel a versenyt a külföldi versenytársakkal. A digitalizáció a mindennapunk részévé vált, az ország versenyképességének megőrzéséhez gondolkodásmódunk vezérlő eleme is ez kell hogy legyen.</seg>
<seg xml:id="IC8_1366.5">Éppen ezért kérdezem tisztelt államtitkár urat, hogy milyen intézkedésekkel fogja Magyarország megőrizni és tovább növelni a versenyképességét. Mit tesz a kormány a kutatás-fejlesztés fellendítése érdekében?</seg>
<seg xml:id="IC8_1366.6">Várom államtitkár úr megtisztelő válaszát</seg>
<kinesic type="applause"><desc>Taps a kormánypárti padsorokban.</desc></kinesic>
</u>
        <u xml:id="ParlaMint-HU_2018-09-17-interpellation-IC8_1367" who="#LajosKorózs" ana="#regular"><note>KORÓZS LAJOS (MSZP):</note>
<seg xml:id="IC8_1367.1">Köszönöm szépen. Tisztelt Ház! Tisztelt Képviselőtársaim! Az előző egészségügyi államtitkár, Ónodi-Szűcs Zoltán még 2016-ban egyfajta egészségügyi reformot hirdetett meg, és azt mondta, azt állította, hogy át fogják tekinteni a kórházi minimumfeltételek rendszerét, és ezek után meghozzák a szükséges intézkedéseket. A közelmúltban kiderült, hogy az ellátó szervezetek, a kórházak 25 százaléka sem tudja biztosítani a teljes minimumfeltételeket az ellátottak számára. Ebből kiderült: nemhogy felmérés nincs, nem csinálták meg a minimumfeltételek rendszerét, hanem semmiféle érdemi intézkedést nem hoztak ezen a területen.Szeretném emlékeztetni a tisztelt Házat, hogy két héttel ezelőtt a Honvédkórház sürgősségi osztálya majdnem összeomlott, hiszen 112 olyan orvos nyilatkozott, akik nem hajlandók az önkéntes túlórát vállalni, tekintettel arra, hogy az intézmény az addig elvégzett túlórákat nem volt hajlandó kifizetni</seg>
<seg xml:id="IC8_1367.2">(Németh Szilárd István: Nem igaz!)</seg>
<seg xml:id="IC8_1367.3">De ez igaz, képviselőtársam</seg>
<seg xml:id="IC8_1367.4">(Németh Szilárd István: Hazudsz, mint mindig!)</seg>
<seg xml:id="IC8_1367.5">Ezen túlmenően pedig megfenyegették ezeket az orvosoka</seg>
<seg xml:id="IC8_1367.6">(Dr. Vadai Ágnes: Így van!)</seg>
<seg xml:id="IC8_1367.7">, hogy ha ennek ellenére elmennek az intézményből, akkor gondoskodni fognak arról, hogy semmilyen más egészségügyi intézmény ne alkalmazza őket és nem fognak állásokat kapni.</seg>
<seg xml:id="IC8_1367.8">Szeretném arra is emlékeztetni a tisztelt Házat, hogy 2012-től államosították a teljes egészségügyi ellátórendszert, vagy legalábbis a kórházak állami kézbe kerültek, és egyéb intézmények is állami működtetés alatt állnak. De ehhez képest érdemi változást nem láttunk ezen a területen sem, már ami a reformokat illetné, azon túlmenően, hogy minden felelősség innentől kezdve az államé, hiszen minden feladatot és hatáskört is az állam magához vont.</seg>
<seg xml:id="IC8_1367.9">Ugyanilyen problémás ügy volt a közelmúltban a kórházi fertőzések ügye. Azért hozom szóba, mert többször interpelláltunk itt is az előző ciklusban és a tavaszi ülésszakon is, szinten minden parlamenti frakció a Fideszen kívül megszólalt ebben a kérdésben. Az új miniszter, Kásler miniszter úr az egyik legfőbb problémának tartotta, ugyanakkor a területet irányító egészségügyi államtitkár azt mondja, ő nem is érti, hogy miért kell ezzel foglalkozni, legjobb az lenne, ha a parlament tudomást sem szerezne a kórházi fertőzésekről, nem beszélve arról, hogy semmiféle összefoglaló adat nem áll rendelkezésére egyetlenegy szakembernek sem.</seg>
<seg xml:id="IC8_1367.10">Éppen ebből adódóan kérdezem, tisztelt állam-titkár úr, hogy mikor teszik rendbe a sürgősségi ellátást, mikorra ígéri leghamarabb, hogy egy átfogó, részletes és közérthető jelentés készül a kórházi fertőzések elmúlt nyolc évéről. Szeretném megkérdezni a továbbiakban arról, hogy az egyetemes egészségügyi hozzáférést, beleértve a költségteher elleni védelmet, hiszen a fenntartható fejlődésről szóló Agenda 2030-ra ezt tűzte ki célul, a gyógyszereket, védőoltásokat és a biztonságos, hatásos, megfizethető minőségi gyógyszereket mikor fogják tudni biztosítani.</seg>
<seg xml:id="IC8_1367.11">Köszönöm szépen a türelmüket</seg>
<kinesic type="applause"><desc>Taps az MSZP padsoraiból.</desc></kinesic>
</u>
        <u xml:id="ParlaMint-HU_2018-09-17-interpellation-IC8_1368" who="#IldikóBangónéBorbély" ana="#regular"><note>BANGÓNÉ BORBÉLY ILDIKÓ (MSZP):</note>
<seg xml:id="IC8_1368.1">Köszönöm, elnök úr. Tisztelt Államtitkár Asszony! Az egészségügyi ellátáshoz való jog alapvető emberi jog. Ahhoz, hogy ez a jog érvényesüljön, hasonlóan bármely más alapvető emberi joghoz, az szükséges, hogy a jogalanyok élhessenek is vele. Ez azonban több akadályba is ütközik Magyarországon.A visegrádi országok közül Magyarország volt az egyetlen ország, ahol a nettó gyógyszerközkiadás mértéke a 2010-es állapotokhoz képest csökkent, aminek következtében a magyaroknak többet kell költeniük ma saját zsebből gyógyszerre, mint 2010 előtt.</seg>
<seg xml:id="IC8_1368.2">A másik jelentős akadály a különböző szolgáltatások fizikai hozzáférhetőségében, vagyis megközelíthetőségében jelentkezik. Amikor a járási hivatalok az egészségügyi szolgáltatóknak kiadják az engedélyt, akkor nem veszik figyelembe a tömegközlekedéssel való közvetlen megközelíthetőséget. Ez önmagában nem lenne probléma, azonban a járási hivatalok területi ellátási kötelezettséggel rendelkező szolgáltatók esetén is hasonló módon járnak el. Egy egészségügyi szolgáltatáshoz történő eljutás, vagyis elmenni egy ügyeletre akár több órával is meghosszabbodhat egyes területeken az eddig megszokottakhoz képest.</seg>
<seg xml:id="IC8_1368.3">A harmadik akadály, államtitkár asszony, amiről már előttem is többen szóltak, hogy rengeteg orvos és ápoló hiányzik az alapellátásból, amely hiány megszüntetésére 2010 óta nem láttunk sikeres kísérleteket, sőt önök fokozták ezt a problémát. Jelenleg 248 tartósan betöltetlen fogorvosi és 334 tartósan betöltetlen háziorvosi körzet található Magyarországon, vagyis olyan körzetek, amelyekben több mint 6 hónapja nincs megfelelő szakember. Ezek a körzetek 85 százalékban a maguk egészségügyi politikája miatt üresedtek meg; ezek az orvosok és ápolók főként maguk miatt mentek el, a maguk egészségügyi politikájával nem értettek egyet. A kormánynak és Orbán Viktornak közvetlen és személyes felelőssége van abban, hogy fogorvosból, háziorvosból, védőnőből, orvosból, ápolóból ugyanolyan hiány van Izsákon, Ózdon, Marcaliban vagy éppen Pakson. Önöknek ebben nagyon nagy a felelőssége.</seg>
<seg xml:id="IC8_1368.4">Államtitkár Asszony! Én nem várom ugyanazt a választ, amit a Jobbiknak adott, én szeretném megkérdezni: mikor változik az eddigi gyógyszerpolitikájuk? Mikor fognak az emberek kevesebbet fizetni a gyógyszerért, mint 2010-ben? Tervezik-e átalakítani a mostani engedélyezési rendszert, hogy ne kelljen órákat utazni azért, hogy az ügyeletes szolgáltatóhoz eljussanak a betegek?</seg>
<seg xml:id="IC8_1368.5">Egyetért-e azzal, hogy amennyiben Magyarországon rövid távon nem javul az alapellátás lefedettsége, vagyis nem kerülnek új orvosok és ápolók az elüresedő praxisokba, akkor a magyar ellátórendszer nem lesz képes a továbbiakban biztosítani az egészségügyi ellátáshoz való jogot</seg>
<kinesic type="signal"><desc>Az elnök a csengő megkocogtatásával jelzi az időkeret lejártát.</desc></kinesic>
<seg xml:id="IC8_1368.6">Tehát katasztrófába fulladhat Magyarországon az egészségügyi ellátórendszer. Várom megtisztelő válaszát</seg>
<kinesic type="applause"><desc>Taps az MSZP és a DK padsoraiból.</desc></kinesic>
</u>
        <u xml:id="ParlaMint-HU_2018-09-17-interpellation-IC8_1372" who="#SzabolcsSzabó" ana="#regular"><note>DR. SZÉL BERNADETT (LMP):</note>
<seg xml:id="IC8_1372.1">Köszönöm a szót, elnök úr. Tisztelt Országgyűlés! Az a helyzet, hogy ha Orbán Viktor a magyar emberekkel foglalkozna, például azokkal a családokkal, akik szeretteiket otthon ápolják, és nem nemzetközi botrányhősi karrierbe kezdene, akkor nem kellene ma egész nap azzal foglalkoznunk, hogy Magyarországon milyen áldatlan helyzetben vannak azok, akik a szeretteiket otthon ápolják. Azért van rajtunk itt ellenzékben ez a póló, tisztelt államtitkár urak, mert önök nem végzik el a kötelezettségüket. Akárhány tárgyalásuk is volt, eredményt még nem értek el vele. Tetteket várunk és nem szavakat, tisztelt államtitkár úr, és egész addig az ellenzék ki fog állni ezért az ügyért, amíg önök nem lépnek, ha tetszik, ha nem.</seg>
<seg xml:id="IC8_1372.2">Országgyűlési képviselőként múlt héten Szabó Szabolcs kollégámmal ellátogattunk a tranzitzónába. Látni akartunk mindent, ami ott zajlik, és beszélni akartunk az érintettekkel. Aki a tranzitzónába bekerül és várja a döntést a saját sorsáról, az az ember jogosult arra, hogy a napi étkezését ott biztosítsák a számára.</seg>
<seg xml:id="IC8_1372.3">(17.50)</seg>
<seg xml:id="IC8_1372.4">Nem bonyolult dolgok ezek egyébként, ahogy Iványi Gábor fogalmazott, az emberiséggel és a civilizációval egyidős parancsok. Ráadásul előírások is vannak, tisztelt államtitkár urak, nemzetközi szabályok is vannak. Ezek alapján, ha valaki fiatalabb gyermek, akkor napi ötszöri étkezés, ha pedig felnőttkorú, akkor napi háromszori étkezés jár az ott váró embereknek. Én személyesen találkoztam a kollégámmal együtt olyan asszonyokkal, akik a tranzitzónában három, illetve négy napig nem kaptak enni, éheztették őket.</seg>
<seg xml:id="IC8_1372.5">Külön szeretném kiemelni a zónában élő gyermekek ügyét. 61 ember volt a röszkei tranzitzónában, ebből 25 gyermek volt. Szeretném kiemelni, hogy ezek a gyermekek sokszor hónapokon keresztül, volt, aki fél éven keresztül ott van a tranzitzónában. Egy kicsiny baba éppen akkor született meg, ott álltunk vele és az édesanyjával. Szeretném hangsúlyozni, hogy egy fél kosárlabda-pályányi terület van, mindenhol lezárva szögesdrótokkal és pengés drótokkal, és ezek a gyerekek onnan nem tehetik ki a lábukat hónapokon keresztül, csak abban az esetben, ha orvoshoz mennek.</seg>
<seg xml:id="IC8_1372.6">Különféle borzalmas történeteket hallottunk. Súlyosan traumatizált gyermekek vannak ott, voltak, akik rendőri brutalitásnak estek áldozatul más országokban. Nem láttuk, hogy kellő pszichológiai segítséget kaptak volna. És azt is látjuk, hogy az édesanyák azt kérték, hogy ők maradnak bent a tranzitzónában, nekik nem probléma, de legalább a gyermekeket vigyék ki néha sétálni, hogy ne töltsenek az életükből fél éveket a magyar tranzitzónában.</seg>
<seg xml:id="IC8_1372.7">Tisztelt Államtitkár Urak! Én egyszer s mindenkorra tisztázni szeretném, hogy az ilyen elbánás nem elfogadható a magyar tranzitzónákban. Kérdezni szeretném önöket arról, mit tesz a magyar kormány azért, hogy ártatlan, teljesen ártatlan gyermekek ne szenvedjenek traumát, és ne traumatizálódjanak egy életre a magyar zónákban. S mit tesz a magyar kormány azért, hogy önök el tudják mondani, hogy Magyarország ugyan nem támogatja a korlátlan bevándorlást, de az ideérkezőkkel szemben emberséges elbánást tanúsítunk, és mindenkinek tiszteletben tartjuk az emberi méltóságát? A válaszukat várom és köszönöm</seg>
<kinesic type="applause"><desc>Taps az LMP és a DK soraiban.</desc></kinesic>
</u>
        <u xml:id="ParlaMint-HU_2018-09-17-interpellation-IC8_1373" who="#LászlóSalacz" ana="#regular"><note>DR. SALACZ LÁSZLÓ (Fidesz):</note>
<seg xml:id="IC8_1373.1">Köszönöm a szót, elnök úr. Tisztelt Államtitkár Úr! Az Európai Parlament újabb koncepciós eljárás keretében kívánja Magyarországot a vádlottak padjára ültetni. A 2013-ban elkészült, a magyar baloldali EP-képviselők által is támogatott Tavares-jelentés sem szólt másról, mint a bankárok és a multinacionális cégek által támogatott pártok és képviselőik bosszújáról, amelyet a rezsicsökkentést és a bankok megadóztatása váltott ki. A jelentésben írt vádakról kiderült, hogy teljesen alaptalanok voltak, és kizárólag politikai és gazdasági haszonszerzést céloztak.Most, öt év után ismét a szélsőségesen liberális zöldpárt soraiból került ki a Magyarországról jelentést készítő képviselő. Természetesen ebben az esetben is a jogállamiság miatti aggódás köntösébe bújtatott bosszúhadjáratról van szó. A dokumentum kizárólag azzal a szándékkal íródott, hogy megtörje Magyarország önálló, szuverén bevándorláspolitikáját. A jelentésben szereplő kérdések jelentős részét Magyarország már a különböző nemzetközi szervezetek előtt korábban megvédte, és azok a kölcsönös együttműködés alapján lezárásra kerültek.</seg>
<seg xml:id="IC8_1373.2">A dokumentum továbbá olyan területeket vizsgál, amelyek nem tartoznak az Európai Unió hatáskörébe, tehát nem is képezhetnék a vizsgálat tárgyát. Ezzel Sargentini képviselő asszony durván megsérti a tagállami szuverenitás alapértékét. Nem elég, hogy a jelentés már korábban lezárt, valamint uniós hatáskört nem érintő kérdésekkel foglalkozik, de ezeket jelentős ténybeli tévedések kíséretében teszi meg. Hamisan állítja, hogy Magyarországon veszélyben vannak a civil szervezetek, hogy az új szabályozás aránytalan és szükségtelen beavatkozást jelent az egyesülési szabadságba, a szólásszabadságba és a megkülönböztetés tilalmába ütközik. Továbbá hamisan állítja, hogy jelentős mértékben csökkent az Alkotmánybíróság jogköre.</seg>
<seg xml:id="IC8_1373.3">Az előbbiekből mindenki számára világosan kitűnik, hogy a cél kizárólag Magyarország és a magyar emberek akaratának megtörése a bevándorlás elősegítése érdekében. Mindezek alapján tisztelettel kérdezem államtitkár urat, hogy milyen módon védheti meg a kormány a magyar emberek akaratát a tisztességtelen eljárással elérni kívánt céllal szemben. Várom államtitkár úr megtisztelő válaszát</seg>
<kinesic type="applause"><desc>Taps a kormánypárti padsorokban.</desc></kinesic>
<seg xml:id="IC8_1373.4">(18.10)</seg>
</u>
        <u xml:id="ParlaMint-HU_2018-09-17-interpellation-IC8_1374" who="#BenceTordai" ana="#regular"><note>TORDAI BENCE (Párbeszéd):</note>
<seg xml:id="IC8_1374.1">Köszönöm a szót. Tisztelt Államtitkár Úr! Kívülről tudja már, hogy Magyarországon több mint 45 ezer ember ápolja otthon a gyermekét, idős hozzátartozóját napi 24 órában az év 365 napján, szabadság és szünet nélkül. A gazdasági teljesítményére oly büszke Orbán-kormány ezért a munkáért 52 ezer forintot tud juttatni. Szlovákiában 120, Romániában 130, Horvátországban 140 ezer forint az ápolási díj, és ott munkaviszonyként ismerik el ezt a munkát, merthogy az otthonápolás munka. Az egyre erősebb társadalmi mozgalom és az ellenzéki pártok, köztük a Párbeszéd, továbbra is azt követelik, hogy 50 ezer forinttal emeljék meg a havi támogatási összeget minden kategóriában. A pénzügyi lehetőség adott erre, innentől kezdve nem tárgyalásokról kell bullshitelni, hanem cselekedni kell, kellett volna támogatni a Párbeszéd és más pártok költségvetési módosítóját, de még most sem késő.</seg>
<seg xml:id="IC8_1374.2">A Párbeszéd a maga részéről a végsőkig elkötelezett amellett, hogy mérsékelni kell az igazságtalanságokat a magyar társadalomban, csökkenteni kell az egyre növekvő társadalmi egyenlőtlenségeket. A legsürgetőbb a kiszolgáltatottságban, mélyszegénységben élő vagy betegséggel, fogyatékossággal küzdő honfitársaink megsegítése, de ugyanilyen fontos az alulfizetett dolgozók bérének vagy az alacsony nyugdíjaknak az emelése.</seg>
<seg xml:id="IC8_1374.3">(18.00)</seg>
<seg xml:id="IC8_1374.4">Elutasítjuk azt a jobboldali fideszes politikát, ami a felső 1 százaléknak kedvez. Meggyőződésünk és a szociális demokrácia programjának alapja, hogy a 99 százalék érdekében kell dolgozni, a 99 százalék érdekét képviselve kell politizálnunk. Ezért sürgetjük az alapjövedelem bevezetését és ezzel az átlag alatti jövedelmek emelését, az óriáscégek profitjának valódi megadóztatását vagy a milliárdosokra, a fideszes oligarchákra kivetett vagyonadót.</seg>
<seg xml:id="IC8_1374.5">De nemcsak a baloldali értékek, hanem a józan ész is azt diktálja, hogy emberséges és gazdaságos megoldásokat találjunk a társadalmi problémákra. Ma a halmozottan sérült emberek intézményi elhelyezése annyiba kerül, mint a minimálbér nettója. Minden tekintetben kedvezőbb, ha ezt az összeget a betegek otthoni ellátásának biztosítására költi az állam. A környező országokban nem jelenti a háztartás, a család ellehetetlenülését anyagilag, ha tartós beteg él velük. Magyarországon viszont végzetes, ha egy szülő magára marad súlyosan beteg gyermekével.</seg>
<seg xml:id="IC8_1374.6">Anyagi és társadalmi megbecsülést követelünk az otthonápolást végző embereknek, a szeretetteljes törődés lehetőségét az ellátottaknak. Ennek alapvető feltétele az ápolás megfelelő anyagi hátterének biztosítása az állam részéről. Éppen ezért kérem, hogy most már konkrétan válaszoljon a következő kérdésekre: mikor és mennyivel emelik majd az ápolási díjat, és mikor ismerik el munkaviszonyként az otthonápolást? Köszönöm válaszát</seg>
<kinesic type="applause"><desc>Szórványos taps a DK soraiban.</desc></kinesic>
</u>
        <u xml:id="ParlaMint-HU_2018-09-17-interpellation-IC8_1375" who="#PéterÁgh" ana="#regular"><note>ÁGH PÉTER (Fidesz):</note>
<seg xml:id="IC8_1375.1">Köszönöm a szót. Tisztelt Elnök Úr! Tisztelt Államtitkár Úr! Magyarország hosszú évek óta igen komoly erőfeszítéseket tesz annak érdekében, hogy megvédje hazánk és egyben a schengeni övezet határait. Ezen kemény és kitartó munka eredményeit senki sem tudja elvitatni tőlünk, hiszen Európa számos más országával ellentétben nekünk, magyaroknak sikerült megvédenünk országunk határait, és sikerült megfékeznünk a balkáni útvonalat megcélzó illegális bevándorlók újabb százezres tömegének a behatolását. Sikereinknek azonban nem mindenki tudott örülni. A Soros-birodalom tagjai már kezdetektől fogva mindent elkövettek annak érdekében, hogy az élet valamennyi területén ne megállítsák, hanem inkább elősegítsék az illegális bevándorlást. Tájékoztató kisfüzetek, mobilalkalmazások, fórumok, térképek, mentőhajók és magukat idézőjelben civilnek nevező önkéntesek, emberek ezrei dolgoztak azon, hogy Soros György migránsbarát politikája hatékonyan tudjon érvényesülni.</seg>
<seg xml:id="IC8_1375.2">Tisztelt Államtitkár Úr! Ezen Európa- és keresztényellenes eszme hirdetésének egyik újabb jeles pillanata a Sargentini-jelentés, amely minden fronton, akár színtiszta hazugságok árán is megpróbálja lejáratni hazánkat. A nyíltan bevándorláspárti brüsszeli politikusok és a Soros György-féle civil szervezetek azt komponálták meg a jelentésükben, hogy egyfajta bosszúállást tudjanak kifejteni hazánk ellen amiatt, mert mi, magyarok nem voltunk hajlandóak behódolni a Soros-hálózat eszmerendszerének.</seg>
<seg xml:id="IC8_1375.3">Az egyik említésre méltó, egészen abszurd része Judith Sargentini jelentésének a rendőrökre támadó és társait erőszakos cselekmények elkövetésére buzdító, nem mellesleg terrorcselekmény miatt elítélt Ahmed H. ügye. A jelentés olyan képet fest le a nevezett illegális bevándorlóról, mintha Ahmed H. békésen a családjával, okmányainak birtokában megpróbált volna átkelni az államhatáron. Ezzel szemben mindannyiunk számára ismert, hogy mi történt valójában 2015 szeptemberében azon a bizonyos röszkei napon.</seg>
<seg xml:id="IC8_1375.4">Tisztelt Államtitkár Úr! Mi ez, ha nem nyílt és egyértelmű támadás Magyarország és a magyar emberek ellen? Hogyan fordulhat az elő, hogy az Európai Unió asztalára kerül egy hazugságokon és szándékos félrevezetéseken alapuló jelentés, amely nem mellesleg megkérdőjelezi Magyarország bíróságának függetlenségét, és rossz fényben tünteti fel azon emberek küzdelmes munkáját is, akik a saját testi épségük árán is megvédték Magyarország államhatárát? Egyáltalán miért véd egy elítélt bevándorlót a jelentés? Várom megtisztelő válaszát</seg>
<kinesic type="applause"><desc>Taps a kormánypártok soraiban.</desc></kinesic>
</u>
        <u xml:id="ParlaMint-HU_2018-09-17-interpellation-IC8_646" who="#IstvánSzávay" ana="#regular"><note>SZÁVAY ISTVÁN (Jobbik):</note>
<seg xml:id="IC8_646.1">Köszönöm a szót, elnök úr. Tisztelt Ház! Tisztelt Államtitkár Úr! A vajdasági parlament június 19-ei ülésén született döntés arról, hogy november 25-e, Délvidék elszakításának és az ezer éve ősei földjén élő magyar közösség kisebbségbe szorításának évfordulója ünnepnap lesz a tartományban. Sőt, ugyanez a parlamenti döntés még egyet rúgott a magyarságba: december 1-jét, Erdély elszakításának napját is vajdasági ünneppé tette a szerbiai románok kérésére.</seg>
<seg xml:id="IC8_646.2">A szerb-román magyarellenes összefogáson talán meg sem lepődünk, az azonban egészen mélyen felháborít, hogy a legújabb kori kisantant döntését büszkén helyeselte a magát a magyar közösség első számú, sőt egyedüli képviselőjének tartó Vajdasági Magyar Szövetség, a Fidesz helyi fiókszervezete is; igen, büszkén, hiszen Pásztor István pártelnök már a szavazást megelőzően bejelentette a magyarságot porig alázó döntés támogatását.</seg>
<seg xml:id="IC8_646.3">Szijjártó Péter miniszter úr több alkalommal elmondta, hogy ha a délvidéki magyarságot valamilyen jogsérelem éri, akkor azt majd a VMSZ önöknek jelzi. Remélem, ez után a gyalázatos döntés után már az önök számára is világos, hogy délvidéki hűbéresük nemhogy nem jelez, de még partner is a magyarellenes döntések meghozatalában. Ennek fényében nyilván érthető, hogy a VMSZ miért nem tájékoztatta önöket arról sem, aminek kapcsán egyébként a Vajdasági Magyarok Demokratikus Közössége, valamint a Magyar Mozgalom már számos alkalommal és idejében szót emelt: a Magyar Nemzeti Tanács jogköreinek súlyos szűkítésére készül a szerb hatalom.</seg>
<seg xml:id="IC8_646.4">A nyár elején egyébként el is fogadott törvény szerint az MNT-t minden területen megfosztották egyetértési jogától, de még a megmaradt véleményezési jogkörök is bizonyos területekre szűkültek, korlátozták a nyelvhasználati jogokat, valamint azon szervezetek körét is, amelyekkel a nemzeti tanácsok együttműködést alakíthatnak ki, a magyar kulturális autonómia felszámolását pedig a VMSZ belgrádi képviselői megszavazták. De a Fidesz helyi vazallusai szerint a fentiek alapján nyilván az sem probléma, hogy ezrével folyik koszovói, muszlim vallású, albánul beszélő cigányok betelepítése a délvidéki magyarlakta településekre, többek között Martonosra, Kishegyesre és a bánsági szórvány falvaiba. De az etnikai viszonyok erőszakos megváltoztatásával szemben az európai szintű bevándorlásellenes propagandát folytató magyar kormánynak mindeddig egy árva szava sem volt.</seg>
<seg xml:id="IC8_646.5">A fentiek alapján kérdezem az államtitkár urat, hogy mi a kormány véleménye a VMSZ és a szerb hatalom újabb gyalázatos döntéséről, Délvidék elszakításának ünnepnappá tételéről. Budapesti sugallatra döntött-e a VMSZ az igen mellett, mint ahogyan azt sokan sejtik és sejtetik? Miért nem tiltakozott a kormány már akkor, amikor a szerb hatalom a nemzeti tanácsok jogköreinek szűkítését tervbe vette? Miért nem tiltakoztak a vonatkozó törvény elfogadása ellen sem? Végül pedig miért nem tiltakozik a kormány a délvidéki magyar falvakba történő koszovóicigány-betelepítések ellen, ezzel pedig az etnikai viszonyok erőszakos megváltoztatásával szemben? Kérem, államtitkár úr, hogy az előzőekkel szemben a kérdéseimre válaszoljon, Szotyori-Lázár Zoltán sztoriját meg már hallottuk egypárszor. Köszönöm szépen</seg>
<kinesic type="applause"><desc>Taps a Jobbik soraiban.</desc></kinesic>
</u>
        <u xml:id="ParlaMint-HU_2018-09-17-interpellation-IC8_723" who="#ImreLászló" ana="#regular"><kinesic type="noise"><desc>DR. LÁSZLÓ IMRE (DK): Köszönöm, elnök úr. Tisztelt Ház! Tisztelt Képviselőtársaim! Államtitkár Asszony! Az innovatív gyógyszerkészítmények befogadási eljárása Csehországban és Szlovákiában - visegrádi négyek - 160-180 nap, míg Magyarországon átlagban 690 nap, de ismert több évre, 3-4 évre elhúzódó eset is ilyen eljárásoknál. Kis túlzással azt is mondhatjuk, hogy a magyar egészségügy így spórol, mert mire ez a befogadási eljárás lezajlik, a készítmény generikussá válik, és mint ilyen, lényegesen olcsóbban beszerezhető. Azonban komolyra fordítva a szót, az időveszteséget az okozza, hogy a befogadási eljárás azt is jelenti, hogy pozitív döntés esetén például a kórházak számára hozzáférhetővé kell tenni ezeknek a készítményeknek az alkalmazását. Ez azonban az innovatív készítmények magas ára miatt tovább növelné a szemérmesen csak kórházinak csúfolt adósságtömeget. Az innovatív készítmények hosszadalmas befogadási eljárásának oka ugyanaz, mint a kórházi adósságoké, nevezetesen, a költségvetés gyakorlatilag a kórházakat és az egészségügyet mélyen alulfinanszírozza.</desc></kinesic>
<seg xml:id="IC8_723.1">Az egészségügyi kiadásokat a költségvetés egyre inkább áthárítja a betegekre, ami jól látható a KSH 2010-15 közötti adataiból is, amely szerint a kormányzati egészségügyi kiadások 19 százalékával szemben a háztartásoké 27 százalékkal növekedett. Itt is érvényesül azonban „a szegény ember drágán vásárol” szindróma. Nincs pénz a drágább gyógyszerekre, használjuk tehát az olcsóbbat, ami ugyan sokkal kevésbé hatásos. A beteg ezért hosszabb idő alatt gyógyul, esetleg nem is gyógyul, vagy a gyors gyógyulás helyett akár élete végéig kell szedni ezeket a készítményeket. Az innovatív készítmények befogadásának fölgyorsítása tehát olyan befektetés lenne a költségvetés részéről, ami nemcsak a gyógyulás irányába indítaná el a betegeket, de hosszabb távon megtakarítást is jelenthetne.</seg>
<seg xml:id="IC8_723.2">Kérdezem az államtitkár asszonytól: mekkora költséget jelentene évente az innovatív készítmények befogadási eljárásának 150-200 napra történő leszorítása? Miért nem éri meg a magyar költségvetésnek ez a befektetés? Miért érdemesebb hagyni a beteget esetleg évekre, pláne élete végéig kiesni a munkából, ahelyett, hogy viszonylag rövid idő alatt újra munkaképessé tennék? Minek kell még történnie ahhoz, hogy a magyar költségvetés készítői tudomásul vegyék, az egészségügy közszolgáltatás, amit közkiadásként kell finanszírozni? Várom a válaszát.</seg>
<seg xml:id="IC8_723.3">Köszönöm szépen</seg>
<kinesic type="applause"><desc>Taps az MSZP és a DK soraiban.</desc></kinesic>
</u>
        <u xml:id="ParlaMint-HU_2018-9-17-urgent_question-AC8_1462" who="#LászlóHajdu" ana="#regular"><kinesic type="noise"><desc>HAJDU LÁSZLÓ (DK): Tisztelt Államtitkár Úr! Tisztelt Ház! Miniszterelnök Úr! Folytatni szeretném az előttem elhangzott azonnali kérdésnek a másik lábát. Tanévnyitó volt szeptember 3-án ebben az országban, így a XV. kerületben is, s az ott történtekről szeretnék elmesélni önöknek egy kis történetet. Mint tudják, a XV. kerületben, Újpalotán, Rákospalotán, Pestújhelyen szeptember 30-án időközi polgármester-választás lesz, és az ellenzéki összefogás jelöltje Németh Angéla. Önök egy visszaeső, törvénysértéssel megfogott jelöltet indítanak László Tamás személyében. A DK úgy véli, ezt a törvénysértést elkövette a jelölt, hiszen a tanévnyitót ötszáz gyerek jelenlétében, a pedagógusok jelenlétében kampánynyitónak használta föl; az eredeti forgatókönyvben nem is szerepelt, hogy hozzá fog szólni. Jelölt volt a kampány közepén, a tanévnyitó beszédét - amire menet közben, nem tudjuk, hogy utasítást vagy mit kapott - elmondta, és ez a tanévnyitó a következőképpen zajlott. Ma, úgy gondolom, nem kell a politikának bemenni az iskolába, nem kell a politikának oktatni a pici, kiskorú gyerekeket, de ezen a tanévnyitón ez történt.</desc></kinesic>
<seg xml:id="AC8_1462.1">Úgy gondolom, ez olyan típusú visszaélés azzal a lehetőséggel, hogy a KLIK az államosított iskola, amelyet elvettek az önkormányzatoktól, és most lényegét tekintve a Klebelsberg Kunó Intézményfenntartó vagy kap utasítást, vagy a Klebelsberg Intézményfenntartó maga önhatalmúlag kijelöl olyan politikaibeszéd-írókat vagy -beszédmondókat erre a tanévnyitóra, amely méltatlan volt ahhoz</seg>
<kinesic type="signal"><desc>Az elnök a csengő megkocogtatásával jelzi az időkeret leteltét.</desc></kinesic>
<seg xml:id="AC8_1462.2">Tisztelt államtitkár úr, kérdezem: miért történhet ez meg egy tanévnyitón?</seg>
<seg xml:id="AC8_1462.3">Köszönöm</seg>
<kinesic type="applause"><desc>Taps a DK soraiban.</desc></kinesic>
</u>
        <u xml:id="ParlaMint-HU_2018-9-17-urgent_question-AC8_1465" who="#ÁgnesKunhalmi" ana="#regular"><note>KUNHALMI ÁGNES (MSZP):</note>
<seg xml:id="AC8_1465.1">Tisztelt Államtitkár Úr! Sajátos szokása ennek a kormánynak, hogy nyilvánvaló, szabad szemmel is mindenki által jól látott tényeket tagad le. Ilyenkor nem pusztán csúsztatnak, máshogy rendezik össze éppen a tényeket, hanem konkrétan hazudnak. Ez történik akkor is, amikor azt vitatja a magyar kormány, hogy hiányoznak-e tanárok vagy sem Magyarországon.</seg>
<seg xml:id="AC8_1465.2">Létezik Magyarországon egy önök által bevezetett elektronikus nyilvántartási rendszer, a köznevelési regisztrációs és tanulmányi alaprendszer, az úgynevezett KRÉTA. A KRÉTA-t épp azért hozták létre, hogy a fenntartónak valós és naprakész adatai legyenek az iskolákról, többek között a munkaerő-ellátottságról és a betöltetlen álláshelyekről. Mivel ez az eszköz pénzügyi tervezést és a konkrét kifizetéseket, az iskolai folyamatokat is hivatott támogatni, adatai nem kozmetikázottak - még -, innen tudjuk, hogy még a legjobban álló tankerületben, Debrecenben is a tanárok 17 százaléka hiányzik. De 130 kilométerrel arrébb, a Borsod megyei kazincbarcikai körzetben ez már 45 százalékos, azaz minden második pedagógusállás betöltetlen, államtitkár úr.</seg>
<seg xml:id="AC8_1465.3">Önök azt mondták, azért központosítanak, hogy minden településen legyen rendes szakos ellátott tanár</seg>
<seg xml:id="AC8_1465.4">(Sic!)</seg>
<seg xml:id="AC8_1465.5">Augusztus végén 4325 betöltetlen pedagógus-álláshely volt, így mentek önök neki a tanévnek. Összevissza beszélnek, a KLIK vezetője lényegében beismerte, hogy ez igaz, aztán mégis tagadta. Kérdezem államtitkár urat, három kérdésem van. Tudja-e, mondjon egyetlenegy számot, hogy hány tanár hiányzik ma, hány betöltetlen álláshely van? Tudják-e egyáltalán? Hány tanár tartozik a Klebelsberg Központ alá? Az utolsó kérdésem: mit tesznek azért, hogy ne legyen betöltetlen pedagógus-álláshely Magyarországon?</seg>
<seg xml:id="AC8_1465.6">Köszönöm</seg>
<kinesic type="applause"><desc>Taps az MSZP soraiban.</desc></kinesic>
</u>
        <u xml:id="ParlaMint-HU_2018-9-17-urgent_question-AC8_1469" who="#SándorBurány" ana="#regular"><note>BURÁNY SÁNDOR (Párbeszéd):</note>
<seg xml:id="AC8_1469.1">Köszönöm a szót. Tisztelt Ház! Tisztelt Államtitkár Úr! Nemrégiben levelet kaptam egy kőbányai hölgytől, engedje meg, hogy ebből a levélből idézzek néhány gondolatot</seg>
<kinesic type="noise"><desc>Közbeszólás a Fidesz soraiból.</desc></kinesic>
<seg xml:id="AC8_1469.2">„A jelenlegi szabályozás - mármint az otthonápolási szabályozás - szerint az otthoni ápolással töltött évek nem számítanak jogosultságszerző időnek a nők negyvenéves szolgálati időhöz kötött kedvezményes nyugdíjazásánál. Jómagam - írja a hölgy - 11 évig otthon ápoltam súlyos beteg férjemet. Ezen évek figyelembevételével már jogosult lennék 40 évhez kötött kedvezményes nyugdíjra.” Ennyi az idézet.Államtitkár úr nyilván tudja, miről beszélek, hiszen nem egyedi esetről van szó. Annyira nem, hogy 45 ezer ember ápolja otthon gyermekét vagy idős hozzátartozóját az év 365 napján, szabadság és munkaszüneti nap nélkül; nincs vasárnap, nincs színház, nincs mozi. Legfeljebb 52 ezer forintot kaphatnak ezért a tevékenységért, ami méltánytalanul alacsony. Csak emlékeztetném államtitkár urat, hogy ugyanez az összeg Romániában mintegy 130 ezer forintnak felel meg, és ott munkaviszonynak számít az otthonápolással eltöltött időszak.</seg>
<seg xml:id="AC8_1469.3">Civilek több mint négy éve kérik önöket arra, hogy változtassanak ezen a mostani jogszabályon, amely hátrányos helyzetbe hozza mindazokat - közel 50 ezer emberről van szó -, akik otthon ápolják szeretteiket. Az ehhez szükséges pénz néhány milliárd forint lenne, ez kevesebb, mint egy stadion ára. Augusztusban önök egyeztetést kezdeményeztek. Egy apró hiba csúszott ebbe az egyeztetésbe, hogy pont azt a civil szervezetet nem hívták meg, amely a legrégebb óta követeli ennek a szabályozásnak a megváltoztatását.</seg>
<seg xml:id="AC8_1469.4">Kérdezem tehát államtitkár urat, hogy mikor nyújtja be a kormány a szükséges módosításokat, és mikor kívánja a parlament többsége ezt elfogadni. Megtiszteltetésnek venném, ha válaszolna. Köszönöm.</seg>
</u>
        <u xml:id="ParlaMint-HU_2018-9-17-urgent_question-AC8_1470" who="#MártaDemeter" ana="#regular"><kinesic type="noise"><desc>DEMETER MÁRTA (LMP): Köszönöm, elnök úr. Miniszterelnök úr, az elmúlt hetekben ön ismét leleplezte magát: egyáltalán nem érdeklik a magyar emberek szempontjai. Ön nem tett le konkrét javaslatokat az Európai Unió asztalára sem a migráció ügyében, sem pedig a Magyarország jövőjét alapvetően érintő gazdasági kihívások kapcsán. Ellenben az Európai Néppárt belső küzdelmeibe és az uniós intézmények körül zajló pozícióharcokba nyakig belekeveredett. Mondja meg, ez miért is jó a magyar embereknek? Miért rángatja bele őket a néppárti belső játékokba?A migráció kapcsán önöktől eddig egyetlen érdemi, hosszú távú, a magyar emberek biztonsági szempontjait figyelembe vevő, konkrét javaslatot sem lehetett hallani. Az uniós eseményeken, ahol önnek a magyarokat kellene képviselnie, rendszeresen nem vesz részt, csak kívülről zsűrizik és kiabál. Csak hogy tudja, az elmúlt években azon a politikai színpadon, ahol ön próbált játszani, új szereplők jelentek meg, és mára ön vált eszközzé mások játékában. Most a magyar miniszterelnököt használják fel mások a saját uniós és belpolitikai játékaikhoz, miközben ön még mindig abban reménykedik, hogy hasznot húzhat a Néppárton belüli és kívüli helyezkedésekből. S ön beszél itt szuverenitásról, miniszterelnök úr? Ön nyolc éve asszisztál annak a néppárti-szocialista nagykoalíciónak, amely mind a 2008-as gazdasági, mind a 2015-ös migrációs válságot képtelen volt eredményesen és időben kezelni az Európai Unióban. Önök európai szinten sem tesznek mást, mint a multik érdekeit szolgálják, amelyek elsődleges okozói ezeknek a válságoknak.</desc></kinesic>
<seg xml:id="AC8_1470.1">Új politikára van szüksége végre Magyarországnak, új Európai Parlamentre, új Bizottságra, új képviselőkre, hogy végre a magyar emberek szempontjait érvényesíteni lehessen, és a közép-európai érdekek legalább olyan súllyal jelenjenek meg, mint az alapító tagállamoké. Önnek ötlete sincs és nem is akarja megoldani ezeket a problémákat, hiszen nem más, mint sakkfigura mások játszmáiban, és ezek a játszmák nem szólnak másról, mint hogy ki legyen majd biztos meg bizottsági elnök, meg majd mi jusson az egyes pártoknak ebbő</seg>
<kinesic type="signal"><desc>Az elnök a csengő megkocogtatásával jelzi az időkeret leteltét.</desc></kinesic>
<seg xml:id="AC8_1470.2">, na persze úgy, hogy a multik érdekeit bármilyen felállás mellett képviselni tudják.</seg>
<seg xml:id="AC8_1470.3">Tehát, mondja: milyen érzés sakkfigurának lenni mások játszmáiban?</seg>
</u>
        <u xml:id="ParlaMint-HU_2018-9-17-urgent_question-AC8_1472" who="#JánosHargitai" ana="#regular"><note>DR. HARGITAI JÁNOS (KDNP):</note>
<seg xml:id="AC8_1472.1">Köszönöm a szót, elnök úr. Tisztelt Miniszterhelyettes Úr! Az előbbi emelkedett pillanatok után szinte szentségtörés a magyar gazdaságról beszélni, de azt gondolom, mégis az Országgyűlés méltóságához tartozik, hogy a politikai szezon indítása kapcsán a magyar gazdaság teljesítményéről is beszéljünk, és az azonnali kérdésemmel a kormánynak is megadjam a lehetőséget arra, hogy kifejtse az álláspontját. Annál is inkább, mivel tavasszal nagyon kedvező növekedési számokról tudtunk számot adni, a magyar gazdaság növekedése közelítette az 5 százalékot. Azt is állíthatjuk, hogy ez a növekedés végre nem az eladósodottságon alapul, mint korábban a szocialista kormányok idején, ha volt egyáltalán növekedés.</seg>
<seg xml:id="AC8_1472.2">Biztatóak azok az elmozdulások is, amelyek a foglalkoztatás területén történtek. Tíz évvel ezelőtt 3,2 millió ember volt foglalkoztatott, ma a foglalkoztatottak száma a 4,5 milliót közelíti. Az utóbbi évek legörvendetesebb teljesítménye, nyilvánvalóan az előzőekből adódóan is, hogy dinamikusan nőnek a bérek, dinamikusan nőnek a reálbérek, és azt vetíthetjük előre, hogy ez a tendencia az elkövetkezendő időszakban is megmaradhat. Ha nemzetközi kitekintésben mérjük a magyar gazdaság növekedését, akkor is azt mondhatjuk, hogy minimum kétszerese az Európai Unió növekedésének, és egész Európában a magyar növekedés az élbolyhoz tartozik.</seg>
<seg xml:id="AC8_1472.3">Azt szeretném kérdezni az államtitkár úrtól, hogy a magyar gazdaság teljesítményét ön a kormány képviselőjeként hogyan értékeli, mik azok a tendenciák, amelyekre felhívná a figyelmet. A kérdésem oda akar igazán kifutni, hogy milyen mozgáslehetőséget teremtenek mindannyiunk számára a magyar gazdaság örvendetes növekedési adatai.</seg>
<seg xml:id="AC8_1472.4">Köszönöm a figyelmét</seg>
<kinesic type="applause"><desc>Taps a kormánypártok soraiban.</desc></kinesic>
</u>
        <u xml:id="ParlaMint-HU_2018-9-17-urgent_question-AC8_1475" who="#AttilaBarcza" ana="#regular"><note>BARCZA ATTILA (Fidesz):</note>
<seg xml:id="AC8_1475.1">Tisztelt Államtitkár Úr! Tisztelt Ház! A kormány még ez év elején megtárgyalta a Stop Soros törvénycsomagot, ugyanakkor a végszavazással nagyon felelősen megvárta az országgyűlési választások kimenetelét. A választási eredmény üzenete pedig egyértelműen az volt, hogy az emberek nem szeretnének bevándorlóországban élni, sem most, sem a jövőben.Ennek szellemében került elfogadásra az előző ülésszakban a bevándorlási különadó, ami 25 százalékos adókulccsal sújtja azon Soros-szervezeteket, amelyek bármilyen bevándorlást támogató tevékenységet végeznek oly módon, hogy támogatást nyújtanak a Magyarországon a bevándorlást ténylegesen elősegítő szervezeteknek.</seg>
<seg xml:id="AC8_1475.2">(A jegyzői székeket Szabó Sándor</seg>
<seg xml:id="AC8_1475.3">és dr. Vinnai Győző foglalja el.)</seg>
<seg xml:id="AC8_1475.4">A szabályozás azt is rögzíti, hogy ha a magyarországi bevándorlást segítő szervezeteknek anyagi támogatást nyújtó bel- vagy külföldi szervezet az adókötelezettségét nem teljesíti, akkor az általa támogatott szervezet válik az adó alanyává.</seg>
<seg xml:id="AC8_1475.5">Én úgy vélem, hogy ezen külföldről támogatott álcivil szervezetek megadóztatása teljes mértékben igazságos, hiszen az ország több száz milliárd forintot költött már az elmúlt években a határvédelemre. Felháborítónak tartom, hogy a dollármilliárdos spekuláns által támogatott, saját maga által adóalanynak tekintett Migration Aid szervezet által is elismert és közzétett módon ki akarja kerülni a törvényt, hogy megússza az adófizetési kötelezettségét. Ugyanis a nyár kellős közepén a szervezet nagy örömmel jelentette be, hogy párttá kívánnak alakulni, úgynevezett Éjjeli Őrség néven; feltehetőleg emögött is adóelkerülési cél áll, hiszen a bevándorlási különadónak mint adónemnek a pártok nem lehetnek alanyai. Ezért kérdezem: milyen jogi lehetőségek vannak arra nézve, hogy ezen bevándorlást segítő szervezetek ne tudják megkerülni a bevándorlási különadó megfizetését? Várom válaszát. Köszönöm</seg>
<kinesic type="applause"><desc>Taps a kormánypártok soraiból.</desc></kinesic>
</u>
        <u xml:id="ParlaMint-HU_2018-9-17-urgent_question-AC8_753" who="#DánielZ.Kárpát" ana="#regular"><note>Z. KÁRPÁT DÁNIEL (Jobbik):</note>
<seg xml:id="AC8_753.1">Tisztelt Elnök Úr! Tisztelt Ház! Azért tartom szerencsésnek, hogy miniszterelnök úrhoz intézhetem szavaimat, mert május óta több mint 1300 kilakoltatásra került sor Magyarországon, amivel kapcsolatban, miniszterelnök úr, az ön miniszterei, államtitkárai több alkalommal elmondták, hogy önök tulajdonképpen kihúzták az embereket a bajból, ezek már ilyen végső rendszerhibák, de az eszközkezelő, az árfolyamgát és a társai mennyit segítettek. A valóság az, hogy több mint 1300 ember otthonából történő eltávolítását semmiképpen nem lehet sikertörténetnek nevezni, de rendszerhibának sem. Ha miniszterelnök úr végigkíséri a számsort, látni fogja, hogy ezen kilakoltatások közül 130 esetben pont az önök által alapított Nemzeti Eszközkezelő volt a kérelmező. Tehát már az önök megmentőnek szánt eszköze is hozzájárul ahhoz, hogy embereket rakjanak ki a lakásaiból.</seg>
<seg xml:id="AC8_753.2">A Jobbik képviselői és más ellenzéki képviselők a nyár folyamán számtalan kilakoltatásra kaptak meghívást. Higgye el, miniszterelnök úr, nem jókedvünkből jelenünk meg ilyen eseményeken. Főleg akkor nem, amikor már térült követelést igyekeznek behajtani, főleg akkor nem, amikor a végrehajtó sajtpapírokat és kézzel írt fecniket mutogatva kétszer kísérli meg ugyanazt a követelést behajtani. S talán önt is meggyőzik azok a tények, hogy az ilyen kilakoltatási kísérleteknek egy jó része még a jelen bírósági rendszer folyamodványaként is megsemmisül, tehát megállításra került, annyi sebből vérzik. Ezer sebből véreznek ezek az ügyletek.</seg>
<seg xml:id="AC8_753.3">S el kell mondjam azt is, tarthatatlannak tartom azt, hogy Magyarországon önök gazdasági sikerekről beszélnek, önök pozitív és felzárkózó példákról beszélnek, miközben ezrével lakoltatják ki szó szerint az embereket. A Nemzeti Eszközkezelő betelt, bérlakásprogram, szociális bérlakás program nincs.</seg>
<seg xml:id="AC8_753.4">Miniszterelnök úr, az a kérésem tehát, hogy valljon színt, válaszoljon arra nyíltan, hogy milyen sorsot szánnak ezeknek az embereknek, milyen szociális intézkedésekkel kívánnak segíteni nekik, egyáltalán kívánják-e bármilyen formában támogatni ezeket a polgárokat, vagy úgy tesznek, mint eddig, azt imitálják, mintha ez a több százezer érintett ember Magyarországon egyszerűen nem is létezne.</seg>
<seg xml:id="AC8_753.5">Várom érdemi válaszát</seg>
<kinesic type="applause"><desc>Taps a Jobbik soraiban.</desc></kinesic>
</u>
        <u xml:id="ParlaMint-HU_2018-9-17-urgent_question-AC8_754" who="#GyörgySzilágyi" ana="#regular"><note>SZILÁGYI GYÖRGY (Jobbik):</note>
<seg xml:id="AC8_754.1">Köszönöm a szót, elnök úr. Tisztelt Miniszterelnök-helyettes Úr! Először is köszönöm, hogy mint medve a barlangjából előbújt a vadászlesek védelméből, és végre több hét után hajlandó válaszolni a kérdésemre. Ön, bár miniszterelnök-helyettes, a kormány tagja már elég régóta, így politikusként egy nagyon befolyásos ember, de a vadászatai során ön elveszti politikusi jellegét, és állítása szerint magánemberként fogad el olyan többmilliós ajándékokat, amelyeket olyan emberek adnak, akik később a politika, a kormány hatására több tíz-száz milliós támogatásokat kapnak a vállalkozásaikhoz.</seg>
<seg xml:id="AC8_754.2">Természetesen az ön állításai szerint az csupán merő véletlen, hogy az a vállalkozó, aki önnek mint magánembernek milliós vadászatokat ajándékoz, az később természetesen az ajándékoktól függetlenül nyer pályázatokat. A többmilliós vadászatokon ön tehát nem politikus, hanem magánember, vadász. Éppen ezért nemhogy baj, hogy elfogadja ezeket az ajándék vadászatokat, de még be sem kell vallania a vagyonnyilatkozatában, sőt azt sem kell tudnia, hogy pontosan mennyiért is lövöldözte a házi rénszarvasokat.</seg>
<seg xml:id="AC8_754.3">Mondom még egyszer: egy olyan üzletembertől kapja ezeket a vadászatokat, aki az elmúlt években több száz millió forint állami pénzt nyert el a szállodáira. Persze, hogy ön így próbálja beállítani ezt a helyzetet, hiszen ha ön nem vesztené el a politikusjellegét az ilyen milliós ajándékok elfogadásánál, akkor ugye felmerülhetne a korrupció és a vesztegetés lehetősége is.</seg>
<seg xml:id="AC8_754.4">Miniszterelnök-helyettes úr! Ön részt vett már milliós ajándék vadászaton Svédországban - ahol, mint tudjuk, háziállatokra lövöldözött - részt vett már Kanadában ajándék vadászaton - biztos az is nagyon olcsó volt. Nem érzi úgy, hogy egy miniszterelnök-helyettesnek morálisan vállalhatatlan, hogy ilyen többmilliós ajándékokat fogadjon el, és utána erről ne is számoljon be a közvéleménynek, és továbbra is ott üljön a miniszterelnök mellett mint miniszterelnök-helyettes? Köszönöm. Várom a válaszát</seg>
<kinesic type="applause"><desc>Taps a Jobbik soraiból. - Korózs Lajos: Jön a jegesmedve!</desc></kinesic>
</u>
      </div>
    </body>
  </text>
</TEI>
