<?xml version="1.0"?>
<TEI xmlns="http://www.tei-c.org/ns/1.0" xml:id="ParlaMint-HU_2014-10-27" xml:lang="hu" ana="#parla.sitting #reference">
  <teiHeader>
    <fileDesc>
      <titleStmt>
        <title xml:lang="hu" type="main">A Magyar Országgyűlés Korpusza ParlaMint-HU 2014-10-27 [ParlaMint]</title>
        <title xml:lang="en" type="main">Hungarian parliamentary corpus ParlaMint-HU 2014-10-27 [ParlaMint]</title>
        <title xml:lang="hu" type="sub">A Magyar Országgyűlés ülései, 7. ciklus</title>
        <title xml:lang="en" type="sub">Minutes of the National Assembly of Hungary, Term 7</title>
        <meeting ana="#parla.term" corresp="#OGY" n="7">7. ciklus</meeting>
        <respStmt>
          <persName>Miklós Sebők</persName>
          <persName>Orsolya Ring</persName>
          <resp xml:lang="hu">Parla-CLARIN TEI XML korpusz létrehozása</resp>
          <resp xml:lang="en">Parla-CLARIN TEI XML corpus encoding</resp>
        </respStmt>
        <funder>
          <orgName xml:lang="hu">CLARIN Kutatási Infrastuktúra</orgName>
          <orgName xml:lang="en">The CLARIN research infrastructure</orgName>
        </funder>
        <funder>
          <orgName xml:lang="hu">Társadalomtudományi Kutatóközpont, Eötvös Loránd Kutatási Hálózat</orgName>
          <orgName xml:lang="en">Centre for Social Sciences, Eötvös Loránd Research Network</orgName>
        </funder>
      </titleStmt>
      <editionStmt>
        <edition>2.0</edition>
      </editionStmt>
      <extent>
        <measure xml:lang="hu" quantity="15" unit="speeches">15 beszéd</measure>
        <measure xml:lang="en" quantity="15" unit="speeches">15 speeches</measure>
        <measure xml:lang="hu" quantity="5188" unit="words">5188 szó</measure>
        <measure xml:lang="en" quantity="5188" unit="words">5188 words</measure>
      </extent>
      <publicationStmt>
        <publisher>
          <orgName xml:lang="hu">CLARIN Kutatási Infrastuktúra</orgName>
          <orgName xml:lang="en">CLARIN research infrastructure</orgName>
          <ref target="https://www.clarin.eu/">www.clarin.eu</ref>
        </publisher>
        <idno type="handle">http://hdl.handle.net/11356/1388</idno>
        <pubPlace>
          <ref target="http://hdl.handle.net/11356/1388">http://hdl.handle.net/11356/1388</ref>
        </pubPlace>
        <availability status="free">
          <licence>http://creativecommons.org/licenses/by/4.0/</licence>
          <p xml:lang="hu">
            Ez a munka az alábbi licence alapján használható
            <ref target="http://creativecommons.org/licenses/by/4.0/">Creative Commons Attribution 4.0 International License</ref>
          </p>
          <p xml:lang="en">
            This work is licensed under the
            <ref target="http://creativecommons.org/licenses/by/4.0/">Creative Commons Attribution 4.0 International License</ref>
          </p>
        </availability>
        <date when="2021-03-31">2021. 03. 31.</date>
      </publicationStmt>
      <sourceDesc>
        <bibl>
          <title xml:lang="hu" type="main">A Magyar Országgyűlés ülései</title>
          <title xml:lang="en" type="main">Minutes of the National Assembly of Hungary</title>
          <idno type="URI">https://https://www.parlament.hu/ </idno>
          <date when="2014-10-27">2014. 10. 27.</date>
        </bibl>
      </sourceDesc>
    </fileDesc>
    <encodingDesc>
      <projectDesc>
        <p>
          <ref target="https://www.clarin.eu/content/parlamint">ParlaMint</ref>
        </p>
      </projectDesc>
      <tagsDecl>
        <namespace name="http://www.tei-c.org/ns/1.0">
          <tagUsage gi="text" occurs="1"/>
          <tagUsage gi="body" occurs="1"/>
          <tagUsage gi="div" occurs="1"/>
          <tagUsage gi="u" occurs="15"/>
          <tagUsage gi="seg" occurs="60"/>
          <tagUsage gi="kinesic" occurs="18"/>
        </namespace>
      </tagsDecl>
    </encodingDesc>
    <profileDesc>
      <settingDesc>
        <setting>
          <name type="address">Kossuth Lajos tér 1-3.</name>
          <name type="city">Budapest</name>
          <name type="country" key="HU">Magyarország</name>
          <date ana="#parla.sitting" when="2014-10-27">2014-10-27</date>
        </setting>
      </settingDesc>
    </profileDesc>
  </teiHeader>
  <text xml:lang="hu" ana="#reference">
    <body>
      <div type="debateSection">
        <u xml:id="ParlaMint-HU_2014-10-27-interpellation-IC7_1638" who="#AnitaHeringes" ana="#regular"><kinesic type="noise"><desc>HERINGES ANITA (MSZP): Köszönöm szépen a szót, alelnök úr. Tisztelt Miniszter Úr! A mai interpellációm témája a kormány pénzszórásáról szól, szólna. Mert ugye, zajlik az élet, s emiatt nem lehet sok kérdés mellett elmenni. Ezért a miniszter urat most meg szeretném kérdezni: kik azok a kormányzati vezetők, akik a korrupciós listán szerepelnek? Igaz-e, hogy azért terjesztik ki a termékdíjat, mert Európa legmagasabb áfáját nem merik tovább emelni? Önök támogatják-e az internetadót? Felszólítom a kormányt, hogy ne csak módosítsa, vonja is vissza az internetadót! Hozzák nyilvánosságra a korrupciós listán szereplő személyeket! Szüntessék meg a korrupció okát, a 27 százalékos élelmiszeráfát! Ha ezt nem teszik meg, olyan állampolgári engedetlenségi mozgalommal láthatják majd szembe magukat, amibe önök bele fognak bukni. Várom válaszát</desc></kinesic>
<kinesic type="applause"><desc>Moraj a kormánypártok, taps az MSZP padsoraiból.</desc></kinesic>
</u>
        <u xml:id="ParlaMint-HU_2014-10-27-interpellation-IC7_1648" who="#KristófSzatmáry" ana="#regular"><note>SZATMÁRY KRISTÓF (Fidesz):</note>
<seg xml:id="IC7_1648.1">Köszönöm szépen a szót, elnök úr. Tisztelt Ház! Tisztelt Államtitkár Úr! A 2013. év Magyarországon jelentős fordulatot hozott a gazdaság életében, mégpedig szerencsés fordulatot: 2013-ban a magyar gazdaság a hosszú távon is fenntartható növekedés útjára állt. Ezt mi sem bizonyítja jobban, mint hogy a tavalyi másfél százalékos GDP-növekedést követően az idén most már a legóvatosabb becslések is 3-3,5 százalékos bővülést jeleznek előre, illetve a jövő évire is hasonló mértékűt. Eközben szerencsére tartósan 4 millió fölé emelkedett a foglalkoztatottak száma, úgy, hogy egyébként a munkanélküliségi ráta az elmúlt egy évben Magyarországon csökkent egész Európában a legnagyobb mértékben, 2,3 ponttal. A gazdasági növekedés mellett a tavalyi év a járműgyártásban is hozott jelentős pozitív eredményeket. Egy év alatt 32 százalékkal bővült az ágazat, mindeközben a becslések szerint közel 2 ezer új magyar munkahely jött létre. Tavaly az autóipar 18 milliárd euró termelési értéket állított elő, ami a teljes magyar feldolgozóipari teljesítmény ugyancsak 18 százaléka, a GDP 10 százaléka és a teljes export 18 százaléka. Ráadásul a járműgyártásban egyre nagyobb szerepet kapnak a beszállítóként dolgozó hazai kis- és közepes vállalkozások. Jelenleg 726 járműipari vállalat működik Magyarországon, amelyek közvetlenül több mint 120 ezer embernek adnak munkát. Államtitkár Úr! Magyarország az elmúlt évben Európa járműgyártásának egyik központjává vált, hiszen az összehasonlító adatok alapján Szlovákia és Csehország mögött a magyar gazdaságban a legnagyobb a járműgyártás szerepe. A magyarországi járműgyártás további kiegyensúlyozott fejlődése szempontjából fontos, hogy az előttünk álló 2014-2020-as uniós időszakra szóló következő költségvetési ciklus mit tartogat számukra, amely számos lehetőséget kell hogy kínáljon a fejlesztési források hatékony vállalkozásfejlesztési célra történő felhasználására. Bízunk benne, hogy a rendelkezésre álló forrásokból a jelenlegi vagy a korábbi 24 százalék helyett az a 60 százalék, ami gazdaságfejlesztésre jut, ezen belül is a kis- és közepes vállalkozások számára, kellő lehetőséget kínál a járműgyártás további fejlesztésére. Egy ország gazdasága csak akkor lehet sikeres, ha támogatja a munkát, és segíti, hogy polgárai minél nagyobb számban dolgozhassanak. A célunk tehát nem lehet más, mint hogy a magyar vállalkozások erősödjenek, bővítsék kapacitásaikat, újítsanak, és segédkezzenek abban, hogy elérhessük azt az ambiciózus célt, hogy valóban 5 millió magyar munkahely legyen ebben az országban. Államtitkár urat kérdezem, hogy hogyan tudtuk ezeket a sikereket elérni, és mik azok a lehetőségek az előttünk álló időszakban, amelyekben a kormány az uniós fejlesztéseken keresztül továbbra is tudja segíteni a hazai járműgyártást. Köszönöm szépen a válaszát</seg>
<kinesic type="applause"><desc>Taps a kormánypártok soraiban.</desc></kinesic>
</u>
        <u xml:id="ParlaMint-HU_2014-10-27-interpellation-IC7_1649" who="#BertalanTóth" ana="#regular"><note>DR. TÓTH BERTALAN (MSZP):</note>
<seg xml:id="IC7_1649.1">Köszönöm szépen a szót, elnök úr, és köszönöm szépen a lehetőséget, hogy az MSZP-frakció még meg tud szólalni az interpellációs időszakban. Tisztelt miniszter úrnak szeretném címezni az interpellációt ? mint kezdő képviselő a rutinos vén rókának. Nyilván fog arra válaszolni, amit írásban benyújtottam a bicikliutak kapcsán, hogy miért épülnek többszörös áron Magyarországon a bicikliutak. De mégis azt szeretném megkérdezni öntől, miniszter úr, hogy kik azok a kormányzati vezetők, akik a korrupciós listán szerepelnek</seg>
<seg xml:id="IC7_1649.2">(Kikapcsolják a mikrofonját.)</seg>
</u>
        <u xml:id="ParlaMint-HU_2014-10-27-interpellation-IC7_1658" who="#R.BenedekSallai" ana="#regular"><kinesic type="noise"><desc>SALLAI R. BENEDEK (LMP): Köszönöm szépen, elnök úr. Tisztelt Országgyűlés! Ez a „pénzéhes hivatalnokok” kifejezés egy olyan retorika, amit én nem használnék magamtól, viszont ez idézet Hoppál Péter úrtól, aki egy évvel ezelőtt azt mondta, a kirobbant MVH-s botrány kapcsán ? amikor jogosulatlanul vettek igénybe, illetve szándékoztak sokan igénybe venni területalapú támogatást ? a szóvivő azt hangsúlyozta, hogy az ügynek nincs semmilyen politikai szála, arról van csupán szó, hogy bizonyos pénzéhes hivatalnokok maszekolni próbáltak. Ezt az ügyet sikerült felderíteni, az urak ráfáztak, és minden eljárás rendben van. Ez egy éve hangzott el, és egy éve történt az is, amikor Gőgös Zoltán szocialista politikus 1 milliárd forintot emlegetett, hogy annyit érinthet ez a botrány, ami Budai Gyula úr szerint blődség, amit Gőgös Zoltán úr mondott, és maximum 24 cégről és 400 millió forintról van szó.Na most, nekem a meglepő az volt, hogy a Magyar Nemzet hasábjain, ami legtöbb esetben jobban van tájékoztatva, mint az ellenzéki országgyűlési képviselők, azt írta a közelmúltban a lap, hogy október közepére 60 főre bővült a gyanúsítottak száma a területalapú támogatásokkal kapcsolatos csalás ügyében, és 14 ezer hektárnyi területet vontak be titkosszolgálati módszerekkel zajló nyomozásba. Ebből kiderült, hogy a fehérgalléros bűnözők által immár 60 céget és több mint 1 milliárd forintot érintett ezen bűnözői csoport tevékenysége.Összességében az látható, hogy az egy évvel ezelőtti jóslat az 1 milliárd forintra és a folyamatosan bővülő háttérre vonatkozóan megvalósult. Arra lennénk most már kíváncsiak, hogy mi zajlik az MVH-nál. Mi az, ami ott történik?Fazekas miniszter úr nevezte ki az MVH előzetes letartóztatásba helyezett elnökhelyettesét, továbbá Palkovics Péter urat is, az MVH korábbi elnökét, aki nemrégen, eléggé gyanús körülmények között mondott le, és nem tudtuk, hogy mi is zajlik ebben. Azt mondta Hoppál úr egy évvel ezelőtt, hogy semmiféle politikai szála nincs. Azóta a nyomozás kiterjedt egy fideszes dunántúli önkormányzati képviselőre, aki 400 millió forintos agrártámogatást akart jogosulatlanul felvenni. És még nincs vége a nyomozásnak. Egy év telt el. Nem látjuk azt, hogy a vádemelések elkezdődtek volna. Azt látjuk, hogy duzzad, duzzad a botrány, és nem látjuk, hogy az MVH-nál mi is zajlik. Látjuk a leépítéseket, elküldéseket, indokolatlan, gyors lemondásokat, ugyanakkor azt látjuk, hogy ez a botrány is, csakúgy, mint a játszóteres és jó néhány más, folyamatosan csak duzzad, és nem látjuk azt, hogy a miniszter úr, a kormány ezen úrrá próbálna lenni. Azt kérem, hogy a tisztelt miniszter úr képviseletében államtitkár úr nyugtasson meg bennünket, hogy az MVH-nál ez az évi több száz milliárd forint, ami átfut a kezén, jó kezekben van, és tudják felügyelni és kontrollálni ennek az egésznek a rendszerét, és nincsenek veszélyben szervezett bűnözők és pénzéhes hivatalnokok által ezek a források. Köszönöm szépen a válaszát</desc></kinesic>
<kinesic type="applause"><desc>Taps az LMP padsoraiban.</desc></kinesic>
<seg xml:id="IC7_1658.1">(14.40)</seg>
</u>
        <u xml:id="ParlaMint-HU_2014-10-27-interpellation-IC7_1659" who="#IstvánSzávay" ana="#regular"><note>SZÁVAY ISTVÁN (Jobbik):</note>
<seg xml:id="IC7_1659.1">Köszönöm szépen a szót, elnök úr. Tisztelt Miniszter Úr! Államtitkár Úr! Immár fél évtizede tart a nyomozás a ScienNet törzsvásárlói rendszer ügyében, amelyet 2009 novemberében 800 millió forintos adócsalás gyanújával döntött be az egykori Vám- és Pénzügyőrség. A hatóság már e nyomozati szakasz kezdetén befagyasztotta a mintegy 442 ezer törzsvásárló ScienNet-rendszerben keletkezett, még adózatlan, ámde jövedelemként addig fel nem használt jutalékait, illetve karácsony előtt az olcsóbb vásárlás reményében beutalt, már adózott jövedelmét, azaz mintegy 1,8 milliárd forintot.A 2009 óta semmivel meg nem vádolt, ám pénzükhöz lassan fél évtizede hozzáférni nem tudó, így esetleges adófizetési kötelezettségeiket teljesíteni sem tudó törzsvásárlókat ezt követően a NAV bírságolni kezdte, vagyontárgyaikat lefoglalta, kilakoltatásokat kezdeményezett, számos ember életét téve tönkre így.Magam eddig már két alkalommal hoztam a Ház elé ezt a kérdést, legutóbb konkrét eseteket is felsoroltam, olyanokét, akik már az otthonukat is elveszítették az önkényes hatósági eljárás következtében.Az így immár mintegy félmillió NAV-károsulttá vált ScienNet-károsult ügyében a kormány a nyomozás érdekeire hivatkozva egyik alkalommal sem akart beszámolni arról, hogy egyáltalán pénzükhöz juthatnak-e valamikor is az egykori törzsvásárlók, ezzel párhuzamosan pedig senki illetékes nem lépett fel a bírságolások és a végrehajtások leállításával kapcsolatban sem.Nemrégiben megjelent sajtóhírek szerint az egyik károsult a Szegedi Ítélőtábla jogerős döntése értelmében visszakaphatja a több éve zárolt pénzét, többi sorstársa azonban elveszítheti azt, ha a nyomozás hamarabb fejeződik be, mint a már megindított vagy a szegedi döntés nyomán a jövőben megindítandó perek. Nagyon úgy tűnik tehát, hogy az állam akarja rátenni a kezét a mintegy félmillió törzsvásárló befizetéseire, akiknek most a NAV-val kell versenyezniük annak érdekében, hogy egyáltalán hozzájuthassanak pénzükhöz.Mindezek alapján kérdezem önt: mikor várható az immár fél évtizede folyó nyomozás lezárulása a ScienNettel szemben? Jogszerűnek és igazságosnak tartja-e a kormány, hogy a ScienNet egykori ügyfeleinek a NAV-val kell versenyt futniuk annak érdekében, hogy egykori befizetéseikhez hozzájussanak, amely befizetések miatt egyébként most bírságolja őket a NAV, adott esetben ingó és ingatlan vagyonukat is elveszi? Valójában arról szól-e tehát a hosszúra nyúlt történet, hogy az állam vehesse el a károsultak befizetéseit? Ha a nyomozás hamarabb lezárul, és ez megtörténik, akkor kárpótolják-e, és ha igen, akkor milyen mértékig az egykori törzsvásárlókat? Közel félmillió törzsvásárló nevében várom végre, harmadik alkalommal érdemi válaszukat az ügyben. Köszönöm szépen</seg>
<kinesic type="applause"><desc>Taps a Jobbik soraiban.</desc></kinesic>
<seg xml:id="IC7_1659.2">(15.00)</seg>
</u>
        <u xml:id="ParlaMint-HU_2014-10-27-interpellation-IC7_1666" who="#GyörgySzilágyi" ana="#regular"><note>SZILÁGYI GYÖRGY (Jobbik):</note>
<seg xml:id="IC7_1666.1">Köszönöm szépen a szót, elnök úr. Tisztelt Ház! Tisztelt Miniszter Úr! Az előző négy év során több területen is önök által forradalminak beállított változásokat hajtott végre az önök kormánya. Az egyik kiemelten jelentős terület a közigazgatás volt, ahol szinte kizárólag az Európai Unió által fejlesztési célokra biztosított forrásokból igyekeztek megvalósítani a Magyary-programot. A Magyary-program kiemelt célja volt a kormányablakok rendszerének kialakítása, az úgynevezett egyablakos ügyintézési modell meghonosítása és kiterjesztése. A program célkitűzése volt, hogy 2014. évre összesen több mint 300 kormányablak működjön, mintegy 3 ezer ügyintézési ablakkal. A nagy ívű változások és fejlesztések forrásául az államreform operatív program ? ÁROP ? és az elektronikus közigazgatás operatív program ? EKOP ? strukturális alapokból származó támogatásai szolgáltak. Valamennyi támogatott projekt megvalósítását követően az úgynevezett fenntartási időszakban rendszeresen be kell számolni a kedvezményezetteknek a támogatásokból létrehozott eredmények fenntartásáról. Abban az esetben, ha a támogatott projekt eredményei valami oknál fogva nem maradandóak, a fenntartási időszakban valamiért elenyésznek, úgy a kapott támogatás részben vagy egészben történő visszafizetésével kell számolni. Tehát nagyon fontos: ha nem valósulnak meg vagy visszafelé fejlődés tapasztalható, vissza kell fizetni az államnak a pénzt az Európai Uniónak, amit erre fordítottak.Tisztelt Miniszter Úr! Az október 14-én megtartott kormányülésen a kormányablakok számának csökkentését, valamint az egyablakos ügyintézés rendszerének túlburjánzása miatt a bürokráciacsökkentés jegyében az erőforrások átcsoportosítását vetette fel. Kérdezem tisztelt miniszter urat, hogy milyen további forradalmi változásokat terveznek a közigazgatás területén; milyen forrásokból tervezik finanszírozni az újabb módosításokat; miként tervezik összeegyeztetni a korábban EU-pénzből finanszírozott vívmányok fenntartására vállalt kötelezettséget az újabb változtatásokkal. És végül nyugtasson meg, tisztelt miniszter úr, azzal kapcsolatosan, hogy a tervezett változások eredménye nem az előző években elköltött támogatások visszafizetése lesz, mint azt láthattuk néhány korábbi sajnálatos esetben, és nem fog ismét kárt szenvedni a magyar adófizetők pénze, és azok az átalakítások, amit esetlegesen önök… (Lázár János feláll.)</seg>
<seg xml:id="IC7_1666.2">Köszönöm szépen, hogy ilyen gyorsan szeretne válaszolni, már abba is hagytam</seg>
<kinesic type="applause"><desc>Taps a Jobbik soraiból.</desc></kinesic>
</u>
        <u xml:id="ParlaMint-HU_2014-10-27-interpellation-IC7_1669" who="#GáborStaudt" ana="#regular"><note>DR. STAUDT GÁBOR (Jobbik):</note>
<seg xml:id="IC7_1669.1">Köszönöm szépen Tisztelt Ház! Tisztelt Államtitkár Úr! A Jobbik országgyűlési jelenléte óta folyamatosan szóvá teszi az önálló bírósági végrehajtási rendszer visszaélésszerű működését, több törvénymódosítást és országgyűlési határozati javaslatot is benyújtottunk a helyzet rendezése érdekében. Látható, hogy a jelenlegi végrehajtási rendszer gazdasági vágóhídként működik, amelynek legfőbb haszonélvezői a profitorientált vállalkozásként működő végrehajtók. Meggyőződésünk, hogy nonprofit, állami kézben működő rendszerre lenne szükség, amely szigorú felügyelet és garanciák mellett láthatná el feladatát.A sajtóban megjelent hírek alapján a kormány is érzékeli a problémát. Miután a július 26-án hatályba lépett devizahiteles törvény ellenére több végrehajtó sem állította le az adósokkal szembeni eljárást, Patyi Gergely államtitkár szigorú lépéseket ígért. Ennek ellenére érdekes híreket hallottunk a Végrehajtói Kamara háza tájáról. Sajtóhírek alapján az elmúlt időszakban fényűző körülmények között tartották meg a kamara közgyűlését egy ötcsillagos szállodában Sárváron, ahol az egész szállodát kibérelték a mintegy 200 végrehajtónak és kísérőiknek, szórakoztatásukról pedig neves énekesek és zenészek gondoskodtak. A sajtóban megjelentek szerint a közgyűlést egyébként nem is sikerült szabályosan lebonyolítani, így az sem zárható ki, hogy csupán egy méregdrága mulatságot tartott a köztestület. A luxushotel honlapja alapján a találkozó nem lehetett olcsó, hiszen egy kétszemélyes szobáért csaknem 150 ezer forintot kérnek két éjszakára. A kamara akkori elnöke erre úgy reagált, hogy tulajdonképpen nem közgyűlést tartottak, hanem ünnepeltek. Van is mit ? tehetnénk hozzá.Az interneten megjelent egy levél, amelyben a kamara új elnöke október 14-én egyenesen Gyurcsány Ferenchez fordult, segítséget és konzultációs lehetőséget kérve tőle, mert veszélyben érzi a végrehajtók egzisztenciáját és munkahelyeit. A levélben a kamara elnöke a szociális értékek védelmezőjének nevezi Gyurcsányt, és hivatkozik korábbi jó kapcsolatukra annak miniszterelnöksége idején.Tisztelt Államtitkár Úr! A Jobbik nem a végrehajtók egzisztenciájával foglalkozik, hanem a végrehajtás alá került, reménytelen helyzetben lévő embereken szeretne segíteni. Az önálló bírósági végrehajtás rendszere megbukott, visszaélésszerűen működik és véleményünk szerint nem megreformálható</seg>
<seg xml:id="IC7_1669.2">(14.30)Új, nonprofit állami rendszerre van szükség. Kérdezem ezért, hogy mikor kívánják elszámoltatni a végrehajtókat is, és mikor kívánják bevezetni az állami feladatként működő, visszaélésektől mentes végrehajtási rendszert. Várom érdemi válaszát. Köszönöm szépen</seg>
<kinesic type="applause"><desc>Taps a Jobbik padsoraiban.</desc></kinesic>
</u>
        <u xml:id="ParlaMint-HU_2014-10-27-urgent_question-AC7_1721" who="#R.BenedekSallai" ana="#regular"><note>SALLAI R. BENEDEK (LMP):</note>
<seg xml:id="AC7_1721.1">Tisztelt Elnök Úr! Köszönöm szépen a szót. Tisztelt Országgyűlés! Megmondom őszintén, megint csak egy ilyen szakmai kérdés merül fel bennem, amiben szeretnék tisztábban látni, és semmiféle politikai provokációt nem látok ebben. Egy évvel ezelőtt a Lehet Más a Politika arra figyelmeztette a magyar kormányt, hogy a kirobbant adó-, illetve áfa-visszaigényléssel kapcsolatos botrányt jobban át kellene nézni, jobban oda kellene figyelni, és utána kellene járni annak a ténynek, hogy az elmúlt kormányok pártállástól függetlenül szemet hunytak több ezer milliárdos áfacsalások fölött.</seg>
<seg xml:id="AC7_1721.2">Ma már teljesen közismert ténnyé vált a közvélemény számára, hogy kereskedőcégek papíron utaztatnak élelmiszereket szlovák vagy román határon keresztül, miközben áfát nem fizetnek utána, és az áruházláncok áfacsalásban érintett termékeket forgalmaznak. Ha nem is olyan magas színvonalú politikai vezetőkkel, mint Magyarországon, de azt mondják, hogy számottevő tényező a világpolitikában az Egyesült Államok nevezetű állam is. Azt állítja, amit korábban Horváth András, azt mondja, hogy Magyarországon a hatóságok és a kormány nem tesz eleget a közpénzek ellopása ellen. Ha jól értem, azt mondják, hogy a NAV kormányzati körök tudtával több mint ezermilliárd forintos áfacsalás fölött huny szemet egy kivételezett helyzetben lévő kör adói hátterében.</seg>
<seg xml:id="AC7_1721.3">Megértem, hogy a kormány is egyelőre tájékozódni próbál az ügyben, hogy mi is ez az amerikai botrány, de ezért baj a sok korrupció, mert ilyenkor mindig felmerül, hogy melyik ügyről van szó, melyik korrupciós ügy ez. Nem is tudom, hogy mi lehet az ügy hátterében, miközben nem nagyon értem, hogy a NAV-vezető hölgy merre van, hogy nincs itt válaszokat adni, hogy nincs a sajtó előtt.</seg>
<seg xml:id="AC7_1721.4">Ezek az áfacsalási ügyek most átgyűrűznek világpolitikai színtérre, Magyarország megint nem kedvező színben van feltüntetve, miközben közpénzek sokasága, ezermilliárdok, közös célunk lenne, hogy ez ne így történjen, de nem értjük, hogy most abban bízunk egy kicsit, hogy a Kehinek most hogy szabadul fel kapacitása a norvégok átvilágítása után, hátha esetle</seg>
<kinesic type="signal"><desc>Az elnök a csengő megkocogtatásával jelzi az idő leteltét.</desc></kinesic>
<seg xml:id="AC7_1721.5">a NAV tevékenységét is átvilágítaná. Köszönöm szépen</seg>
<kinesic type="applause"><desc>Taps az LMP soraiból.</desc></kinesic>
</u>
        <u xml:id="ParlaMint-HU_2014-10-27-urgent_question-AC7_1722" who="#BernadettSzél" ana="#regular"><note>DR. SZÉL BERNADETT (LMP):</note>
<seg xml:id="AC7_1722.1">Köszönöm a szót, elnök úr. Tisztelt Államtitkár Úr! Az elmúlt években legtöbbször a jelenlegi külügyminiszter úr, Szijjártó Péter volt az, aki az arcát adta a kormány által kötött stratégiai megállapodásokhoz, ő volt az, aki tárgyalt a kiszemelt cégekkel, megállapodott velük e különös vagy különleges feltételekben, és végül bejelentette azt, hogy ezek a stratégiai megállapodások megköttettek.</seg>
<seg xml:id="AC7_1722.2">Mostanra azonban újabb hírekkel és újabb információkkal gazdagodhatott a tudásunk a stratégiai partnerségi megállapodásokkal kapcsolatban. Ennek keretében viszont igen súlyos vádak érték a magyar kormányt. Ha ezek a vádak igazak, akkor úgy ajánlottak egyesek támogatásokat külföldi befektetőknek, hogyha cserébe stratégiai megállapodást kötnek a kormánnyal, és a megszerzett támogatások egy részét kenőpénz gyanánt visszacsorgatják egy kijelölt alapítványnak. A kiválasztott cégekből így lehettek kivételezettek, ha ezek a hírek igazak.</seg>
<seg xml:id="AC7_1722.3">De engedjék meg, hogy lefordítsam egy kicsit egyszerűbb szavakra. Itt arról van szó, hogy a hírek szerint az adókedvezményekért és még rosszabb esetben az adóellenőrzés felületességéért cserébe kormány közeli szervezeteket kellett volna támogatn</seg>
<seg xml:id="AC7_1722.4">(Lázár János: Hol jelentek meg ezek a hírek?)</seg>
<seg xml:id="AC7_1722.5">, de hogy még egyszerűbben fogalmazzak, a hírek arról szólnak, hogy kevesebbet kellett volna befizetni a közösbe, ha cserébe több vándorol a magánzsebekbe.</seg>
<seg xml:id="AC7_1722.6">Államtitkár úr, én szeretném azt hinni, hogy ilyen dolgok nem fordulhatnak elő a XXI. századi Magyarországon, viszont más magyarázatot nagyon kevéssé tudok találni, ugyanis legutóbb már pert kellett indítania a Lehet Más a Politikának azért, hogy pontosan megtudjuk, mennyi kedvezményt kaptak ezek a cégek, hogy megtudjuk, mi a valós mérlege a stratégiai megállapodásoknak. Önök és a minisztériumok ? nem egyet kerestem fel és nem kettőt ? egyszerűen sorra elhárították azt a megkeresést, amely arról szólt volna, hogy önök tisztázni tudják magukat például ezekkel a hírekkel kapcsolatban.</seg>
<seg xml:id="AC7_1722.7">Államtitkár úr, kérdezem önt, van-e információja arról, hogy a megállapodások vagy azok egy része ezt a célt szolgálta volna, vagyis azt, hogy kevesebb adó folyjon be a költségvetésbe magánérdek-támogatásért cserébe. Elárulja végre, hogy mennyivel kevesebb adó folyt be a megállapodások következtében? S kérdezem, ezek után is kiállnak-e önök a stratégiai partnerségi megállapodások mellett.</seg>
<seg xml:id="AC7_1722.8">Köszönöm</seg>
<kinesic type="applause"><desc>Taps az LMP soraiban.</desc></kinesic>
</u>
        <u xml:id="ParlaMint-HU_2014-10-27-urgent_question-AC7_1725" who="#ElődNovák" ana="#regular"><note>NOVÁK ELŐD (Jobbik):</note>
<seg xml:id="AC7_1725.1">Tisztelt Miniszterelnök-helyettes Úr! Két fideszes képviselőtársának egy-egy pikáns nyilatkozatával kapcsolatban szeretném az ön, illetve a kormány álláspontját megtudakolni. Az első mindjárt Kubatov Gábor, bár ebben a ciklusban nem szólalt még fel, sőt az előző négy évben sem vette a fáradságot, hogy itt akár egyetlenegyszer is felszólaljon</seg>
<seg xml:id="AC7_1725.2">(Lázár János: És ez rossz vagy jó?)</seg>
<seg xml:id="AC7_1725.3">Ha már bérről és fizetésről beszélünk, tisztelt miniszterelnök-helyettes úr, ezért hadd idézzem legismertebb, legelhíresültebb beszédét, ami a legolvasottabb jobboldali hírportálról szivárgott ki, itt ugyebár elérhetetlenné tette azt a házelnök, de gondosan kijegyzeteltem előre ezt az egy mondatot, amit Kubatov Gábor mondott tehát elhíresült, kiszivárgott hangfelvételén: Orbán Viktor nem igazán ért a számítástechnikához, most már sokat léptünk előre, mert például SMS-t tud fogadni, küldeni, és tudja, mi a fax és az e-mail közti különbség ? mondja Kubatov Gábor, a Fidesz pártigazgatója a 2010-ben napvilágot látott hangfelvételen.</seg>
<seg xml:id="AC7_1725.4">Azonban mi, jobbikosok nem tekintjük elegendő előrelépésnek, hogy mondjuk, Orbán Viktor már tud faxot vagy e-mailt fogadni. Érdekelne, hogy mit mond ön, aki azért jobban ismeri: van Orbán Viktornak okostelefonja? Meg tud nyitni egyáltalán egy böngészőben egy internetes oldalt? Tudja, mi az az internetezés? Hogy miért kíván hadat üzenni Orbán Viktor? Hiszen a kiszivárgott információk szerint személyesen az ő ötlete volt, hogy ezt a tőle távol álló világot egy ilyen büntetéssel sújtsa.</seg>
<seg xml:id="AC7_1725.5">A másik Nyitrai Zsolt elhíresült 2008-as nyilatkozata, amivel messzemenőkig egyet tudok érteni. Az internet a szabadság műfaja, nem ezek az uralkodó trendek a világban, hogy megadóztassuk az internetet, hanem pont az, hogy sokkal inkább szabadabbá tegyük, sokkal inkább elérhetővé tegyük minden honfitársunk számára. Ezt mondta 2008-ban még ellenzékben, amikor az MSZP akarta bevezetni az internet megadóztatását, ezt mondta akkor a Fidesz. És mit mond ma? Mit mondanak ma Nyitrai Zsoltnak, vagy esetleg etikai eljárást indítanak vele szemben pártján belül, hogy ilyen álláspontot mert ? vagy esetleg még ma is ? képviselni?</seg>
<seg xml:id="AC7_1725.6">Ezzel kapcsolatban várnám véleményét, és különösen a Jobbik által felvetett ingyenes alapszintű internet bevezetésével kapcsolatban. Köszönöm szépen</seg>
<kinesic type="applause"><desc>Taps az MSZP soraiból.</desc></kinesic>
</u>
        <u xml:id="ParlaMint-HU_2014-10-27-urgent_question-AC7_1726" who="#DánielZ.Kárpát" ana="#regular"><note>Z. KÁRPÁT DÁNIEL (Jobbik):</note>
<seg xml:id="AC7_1726.1">Tisztelt Elnök Úr! Tisztelt Ház! A mai nap, mondhatjuk, az internetadóként elkeresztelt újabb sarc vitte a prímet. Látható, hogy egy nagyon gyalázatos kijelentés is elhangzott ezzel kapcsolatban, miszerint ezt nem fogják áthárítani a szolgáltatók, ezt önök a szolgáltatókra vetették ki. Állították ezt különböző adófajtákkal kapcsolatban is korábban.</seg>
<seg xml:id="AC7_1726.2">Nézzünk kicsit a számok mögé és egyáltalán a számok szintjén vizsgáljuk meg ezt a kérdést! Látható, hogy másfél év alatt a tranzakciós illeték miatt 55 százalékkal növekedtek a bankolási költségek, a bankhasználók költségei. Az is látható, hogy miközben az önök óriásplakátjain az szerepel, hogy elszámoltatjuk a bankrendszert, 2013 egészében 121 milliárd forinttal emelkedtek 2012-höz képest a pénzügyi szolgáltatásokból származó bevételek. Tehát valami nem sikerült az önök rendszerében, vagy pedig szimplán nem igaz az, amit az óriásplakátjaikra írtak. Én az utóbbira tippelek, de valószínűleg mindkettő igaz.</seg>
<seg xml:id="AC7_1726.3">Látható, hogy ez még lehetne ellenzéki vádaskodás, de az önök által sokszor piedesztálra emelt Magyar Nemzeti Bank elemzőjét szeretném idézni. A Magyar Nemzeti Bank elemzéséből derül ki, hogy a 11 legnagyobb forgalmú hazai bank teljes mértékben áthárította a tranzakciós illetéket, a háztartásoknál az áthárítás mértéke pedig nemhogy elérte, de meg is haladta a tranzakciós illeték szintjét, mégpedig a készpénzfelvételnél, az átutalásnál és a bankkártyás fizetéseknél is. Ezt nem mi mondjuk, ezt olyan vezető elemzők mondják, akik véleményére önök szokták alapozni az állítólagos gazdaságpolitikájukat. Látható, hogy mindeközben különadók tömegét vetették ki, mint amilyen a teljesen értelmetlen elsőkörös telefonadó volt, amit aztán a második Varga-csomagban tovább emeltek.</seg>
<seg xml:id="AC7_1726.4">Most itt van előttünk az az internetadó, ami piacpusztító hatással bír a magyar fiatalok, a magyar munkavállalók, és ami nagyon komoly, a magyar kisvállalkozók számára is bezárja a növekedési kilátásokat. Adódik tehát a kérdés: hol van a vége ennek az adócunaminak, és egyáltalán felmérték-e ennek lehetséges kárait. Várom érdemi válaszát</seg>
<kinesic type="applause"><desc>Taps a Jobbik padsoraiból.</desc></kinesic>
</u>
        <u xml:id="ParlaMint-HU_2014-10-27-urgent_question-AC7_1728" who="#GáborIstvánHarangozó" ana="#regular"><note>HARANGOZÓ GÁBOR ISTVÁN (MSZP):</note>
<seg xml:id="AC7_1728.1">Köszönöm szépen, elnök úr. Tisztelt Miniszter Úr! Az elmúlt négy évben az aprófalvas térségekben az állam gyakorlatilag felszámolta önmagát</seg>
<kinesic type="noise"><desc>Folyamatos zaj. ? Az elnök csenget.</desc></kinesic>
<seg xml:id="AC7_1728.2">Nem lehet ügyeket intézni, az idősgondozás nincs megoldva, egyáltalán a közszolgáltatások nagy része megszűnt. Nincs munka, és tisztelt miniszter úr, ha van is munka, azért olyan szánalmasan alacsony bért fizetnek ezekben a falvakban, hogy a létminimum megteremtésére nem elég a falvakban megkereshető fizetés.</seg>
<seg xml:id="AC7_1728.3">Mi az elmúlt időszakban nyújtottunk be javaslatot az alapvető élelmiszerek áfájának a csökkentésére. Ennek a lényege az volt, hogy legalább a legszegényebbeknél hagyjunk több pénzt azzal, hogy az ő fogyasztói kosarukban igen nagy szerepet kitöltő alapvető élelmiszereknek csökkenjen az ára, és ugyanakkor az élelmiszeripart is ki lehetett volna fehéríteni ezen termékkör áfájának az 5 százalékra csökkentésével. A Fidesz-frakció vita nélkül szavazta le itt a parlamentben ezt a javaslatot, aztán később azt látjuk, hogy kormányzati tisztviselőket tiltanak ki az Egyesült Államokból azért, mert vélhetően áfacsalásban érintettek, és korrupciós cselekedetekkel viszik el a közpénzeket.</seg>
<seg xml:id="AC7_1728.4">(Mirkóczki Ádám elfoglalja a jegyzői széket.)</seg>
<seg xml:id="AC7_1728.5">Önök kialakították a földbérletnek azt a rendszerét, amikor nem helyi gazdaság fejlesztésére használják a földbérleti rendszert, hanem kiszemelt kiskirályok kapnak földet, miközben a helyben lakó emberek pedig elmehetnek cselédnek, ehhez tartják fenn a közmunkarendszert, amelyben költségvetési pénzből 200 milliárd forintot fordítanak a közmunka finanszírozására, miközben az új uniós költségvetési ciklusban lehetőség lenne arra, hogy szociális gazdaság fejlesztésére mind a béreket, mind az intézményrendszer kialakítását megfinanszírozzák uniós forrásból.</seg>
<seg xml:id="AC7_1728.6">Miniszter Úr! Önök a szavazat beszedésének a rendszerét, úgy látszik, fontosnak tartották, ezt ki is építették megfelelően. A kérdésem az lenne, hogy miért nem hajlandók is tenni azokért a szavazókért, akiknek a szavazatát ezzel a kiszolgáltatott rendszerrel begyűjtötték. Kérem, válaszoljon</seg>
<kinesic type="applause"><desc>Taps az MSZP soraiban.</desc></kinesic>
</u>
        <u xml:id="ParlaMint-HU_2014-10-27-urgent_question-AC7_1729" who="#NándorGúr" ana="#regular"><kinesic type="noise"><desc>GÚR NÁNDOR (MSZP): Köszönöm szépen, alelnök úr. Figyelve a folyamatokat, azt látom, hogy a munkabéren kívüli juttatások tekintetében bár szerkezetileg változások, olybá tűnik, nem következnek be, tartalmilag, közteherkivetés tekintetében viszont igen, és ez a legfontosabb, mármint az, hogy emelkedik a juttatások után fizetendő közteher. A juttatások értékének az 1,19 százaléka után 16 százalékos szja-t meg 27 százalékos ehót fizetnek meg a munkáltatók. A béren kívüli juttatások után így 51 százalékot meghaladó az a teher, amit fizetni kell majd a jövőben. A béren kívüli juttatásoknak nem minősülő egyéb juttatások tekintetében ez viszont már 66 százalék, ilyenek mondjuk, a szolgálati autó, a szolgálati telefon, a csoportos életbiztosítás, és még lehetne példákat sorakoztatni e tekintetben. A kafetéria tehát, olybá tűnik, a jövőben úgy fog megjelenni, hogy a munkaadóknak több terhet, a munkavállalóknak meg kevesebb hozamot fog jelenteni, kvázi bércsökkenéssel párosul a történet. Aközben, miközben itt szép meséket mond az államtitkár úr, hogy milyen folyamatok zajlanak, csúsztatott statisztikákkal párosítva; aközben, miközben 4,5 millió a létminimum alatt élők száma Magyarországon; aközben, miközben beszélhet ön arról, hogy a bruttó meg a nettó átlagkeresetek hogyan alakultak, amikor az emberek, a dolgozó emberek messze döntő többsége kevesebb pénzhez jut hozzá, mint amennyihez egyébként a korábbiakban hozzájutott.</desc></kinesic>
<seg xml:id="AC7_1729.1">No, szóval, a dolog lényege az, hogy például azolyan esetekben, mint az Erzsébet-utalvány, a Széchenyi-pihenőkártya vagy épp az iskolakezdési támogatások, 2014-ben 35-36 százalékos közterhet kellett megfizetni, most majd az elkövetkezendő időszakban 51 százalékot. Hogyan néz ki ez a helyzet, államtitkár úr? Hogyan tudnak önök ezzel szembenézni?</seg>
<seg xml:id="AC7_1729.2">Köszönöm szépen</seg>
<kinesic type="applause"><desc>Taps az MSZP soraiban.</desc></kinesic>
</u>
        <u xml:id="ParlaMint-HU_2014-10-27-urgent_question-AC7_1730" who="#IldikóBangónéBorbély" ana="#regular"><note>BANGÓNÉ BORBÉLY ILDIKÓ (MSZP):</note>
<seg xml:id="AC7_1730.1">Köszönöm szépen, elnök úr. Sok mindenről esett ma itt szó, de jó néhány adónemről, amit a jövő évben terveznek bevezetni, nem beszéltünk még.</seg>
<seg xml:id="AC7_1730.2">Az eddigi gyakorlattal ellentétben semmiféle szakmai egyeztetést nem előzte meg az új adótörvény-javaslatot, amely tartalmazza az egyéb vegyipari termékekre kiterjesztett termékdíjat. Itt alapvető tisztálkodási és tisztítószerekről, valamint alapvető kozmetikai termékekről beszélünk. Egy család rezsiköltsége nemcsak az élelmiszerből és a közműszámlákból áll, hanem jelentős hányadát teszik ki ezek a termékek. Hétköznapi termékekről beszélünk. Közben minden tanulmány, felmérés azt mutatja, hogy Magyarországon brutálisan nő és mélyül a családokban a szegénység, miközben a kormány ilyenfajta adónemet kíván bevezetni.</seg>
<seg xml:id="AC7_1730.3">Minden egyes felszólalásomban el fogom mondani azokat a számokat, amiket most is. Több mint 170 ezer 0-17 éves korú gyermek él olyan lakásban, ahol nincs vécé, közel 136 ezren élnek olyan lakásban, amelyben nincs zuhany vagy fürdőkád, 197 ezer gyerek él és tanul sötét lakásban, ahol nincs villany, és 620 ezer gyerek él olyan lakásban, ahol nap mint nap beázás történik, és amely penészes.</seg>
<seg xml:id="AC7_1730.4">Közben meg azzal szembesülünk, hogy bűzlik az ország a korrupciótól. Jó néhányan feltették már előttem is azt a kérdést ? én is fel fogom tenni ?, mikor akarnak arra válaszolni, hogy kik azok az emberek, akik a korrupciós listán szerepelnek. Igaz-e, hogy azért vezetik be az egyéb vegyipari termékekre a termékdíjat, mert a 27 százalékos áfát már nem merik emelni, ami az EU-ban a legmagasabb?</seg>
<seg xml:id="AC7_1730.5">Várom megtisztelő válaszát, államtitkár úr</seg>
<kinesic type="applause"><desc>Taps az MSZP soraiban. ? Lázár János: Hol van az összefüggés ezek között?</desc></kinesic>
<seg xml:id="AC7_1730.6">(16.20)</seg>
</u>
        <u xml:id="ParlaMint-HU_2014-10-27-urgent_question-AC7_1732" who="#PéterCseresnyés" ana="#regular"><note>CSERESNYÉS PÉTER (Fidesz):</note>
<seg xml:id="AC7_1732.1">Köszönöm szépen a szót, elnök úr. Tisztelt Államtitkár Úr! A foglalkoztatás 2010-től megfigyelhető bővülése erősödött, ami arra utal, hogy a kormányzati intézkedések egyre inkább kifejtik kedvező hatásukat a munkaerő-piaci folyamatokra is. Hogy csak egy példát mondjak, a tavalyi évet tekintve, a tavalyi évhez viszonyítva közel 170 ezerrel növekedett a foglalkoztatottak száma, aminek jelentős része a versenyszférában tudott elhelyezkedni. Azonban nemcsak a dolgozó, adót fizető emberek száma nőtt, hanem a keresetük is. A KSH legfrissebb adatai szerint az átlagos fogyasztói árszínvonal változatlansága mellett a reálkeresetek 2,9 százalékkal, a közfoglalkoztatás nélkül 5,3 százalékkal voltak magasabbak, mint egy évvel ezelőtt.</seg>
<seg xml:id="AC7_1732.2">(15.50)</seg>
<seg xml:id="AC7_1732.3">A vállalkozásoknál ez 4,7 százalékot jelent, a költségvetés területén 6,8 százalékos, nonprofit szervezeteknél pedig 7,2 százalékos reálkereset-emelkedést jelent. A keresetek reálértéke augusztusban 2 százalékkal emelkedett a rezsicsökkentés és a harmincéves rekordot döntögetően alacsony inflációnak köszönhetően.</seg>
<seg xml:id="AC7_1732.4">Az elmúlt egy évben a közfoglalkoztatásban részt vevők keresete is nőtt. Erre egy példa a pedagógusbér-emelés, amelyet tavaly közel 170 milliárd forintban lehet megállapítani, a kormány a pedagógusok bérének emelésére közel ennyi pénzt fordított, ami azt jelenti, hogy 18,7 százalékkal növekedett az oktatásban a reálkereset.</seg>
<seg xml:id="AC7_1732.5">A munkahelyek számának növekedése, illetve a reálkeresetek folyamatos emelkedése kedvezően hat a lakosság jövedelmi helyzetének stabilizálására, és hozzájárul a belső fogyasztási kereslet növekedéséhez is.</seg>
<seg xml:id="AC7_1732.6">Azt szeretném kérdezni, tisztelt államtitkár úr, hogyan erősíti a gazdasági növekedést a javuló munkaerőpiac. Várom megtisztelő válaszát.</seg>
</u>
      </div>
    </body>
  </text>
</TEI>
