<?xml version="1.0"?>
<TEI xmlns="http://www.tei-c.org/ns/1.0" xml:id="ParlaMint-HU_2015-11-02" xml:lang="hu" ana="#parla.sitting #reference">
  <teiHeader>
    <fileDesc>
      <titleStmt>
        <title xml:lang="hu" type="main">A Magyar Országgyűlés Korpusza ParlaMint-HU 2015-11-02 [ParlaMint]</title>
        <title xml:lang="en" type="main">Hungarian parliamentary corpus ParlaMint-HU 2015-11-02 [ParlaMint]</title>
        <title xml:lang="hu" type="sub">A Magyar Országgyűlés ülései, 7. ciklus</title>
        <title xml:lang="en" type="sub">Minutes of the National Assembly of Hungary, Term 7</title>
        <meeting ana="#parla.term" corresp="#OGY" n="7">7. ciklus</meeting>
        <respStmt>
          <persName>Miklós Sebők</persName>
          <persName>Orsolya Ring</persName>
          <resp xml:lang="hu">Parla-CLARIN TEI XML korpusz létrehozása</resp>
          <resp xml:lang="en">Parla-CLARIN TEI XML corpus encoding</resp>
        </respStmt>
        <funder>
          <orgName xml:lang="hu">CLARIN Kutatási Infrastuktúra</orgName>
          <orgName xml:lang="en">The CLARIN research infrastructure</orgName>
        </funder>
        <funder>
          <orgName xml:lang="hu">Társadalomtudományi Kutatóközpont, Eötvös Loránd Kutatási Hálózat</orgName>
          <orgName xml:lang="en">Centre for Social Sciences, Eötvös Loránd Research Network</orgName>
        </funder>
      </titleStmt>
      <editionStmt>
        <edition>2.0</edition>
      </editionStmt>
      <extent>
        <measure xml:lang="hu" quantity="24" unit="speeches">24 beszéd</measure>
        <measure xml:lang="en" quantity="24" unit="speeches">24 speeches</measure>
        <measure xml:lang="hu" quantity="9773" unit="words">9773 szó</measure>
        <measure xml:lang="en" quantity="9773" unit="words">9773 words</measure>
      </extent>
      <publicationStmt>
        <publisher>
          <orgName xml:lang="hu">CLARIN Kutatási Infrastuktúra</orgName>
          <orgName xml:lang="en">CLARIN research infrastructure</orgName>
          <ref target="https://www.clarin.eu/">www.clarin.eu</ref>
        </publisher>
        <idno type="handle">http://hdl.handle.net/11356/1388</idno>
        <pubPlace>
          <ref target="http://hdl.handle.net/11356/1388">http://hdl.handle.net/11356/1388</ref>
        </pubPlace>
        <availability status="free">
          <licence>http://creativecommons.org/licenses/by/4.0/</licence>
          <p xml:lang="hu">
            Ez a munka az alábbi licence alapján használható
            <ref target="http://creativecommons.org/licenses/by/4.0/">Creative Commons Attribution 4.0 International License</ref>
          </p>
          <p xml:lang="en">
            This work is licensed under the
            <ref target="http://creativecommons.org/licenses/by/4.0/">Creative Commons Attribution 4.0 International License</ref>
          </p>
        </availability>
        <date when="2021-03-31">2021. 03. 31.</date>
      </publicationStmt>
      <sourceDesc>
        <bibl>
          <title xml:lang="hu" type="main">A Magyar Országgyűlés ülései</title>
          <title xml:lang="en" type="main">Minutes of the National Assembly of Hungary</title>
          <idno type="URI">https://https://www.parlament.hu/ </idno>
          <date when="2015-11-02">2015. 11. 02.</date>
        </bibl>
      </sourceDesc>
    </fileDesc>
    <encodingDesc>
      <projectDesc>
        <p>
          <ref target="https://www.clarin.eu/content/parlamint">ParlaMint</ref>
        </p>
      </projectDesc>
      <tagsDecl>
        <namespace name="http://www.tei-c.org/ns/1.0">
          <tagUsage gi="text" occurs="1"/>
          <tagUsage gi="body" occurs="1"/>
          <tagUsage gi="div" occurs="1"/>
          <tagUsage gi="u" occurs="24"/>
          <tagUsage gi="seg" occurs="100"/>
          <tagUsage gi="kinesic" occurs="31"/>
        </namespace>
      </tagsDecl>
    </encodingDesc>
    <profileDesc>
      <settingDesc>
        <setting>
          <name type="address">Kossuth Lajos tér 1-3.</name>
          <name type="city">Budapest</name>
          <name type="country" key="HU">Magyarország</name>
          <date ana="#parla.sitting" when="2015-11-02">2015-11-02</date>
        </setting>
      </settingDesc>
    </profileDesc>
  </teiHeader>
  <text xml:lang="hu" ana="#reference">
    <body>
      <div type="debateSection">
        <u xml:id="ParlaMint-HU_2015-11-02-interpellation-IC7_6941" who="#MártaDemeter" ana="#regular"><note>DEMETER MÁRTA (MSZP):</note>
<seg xml:id="IC7_6941.1">Köszönöm szépen a szót, elnök úr. Tisztelt Országgyűlés! Tisztelt Államtitkár Úr! Ahogy az már ismert, a Buda-Cash- és a DRB-botrány miatt a Honvéd Egészségpénztár 28 ezer tagjának 1,8 milliárd forintnyi megtakarítása veszett oda, ők többségében katonák, honvédségi, rendvédelmi és nemzetbiztonsági dolgozók. Az ügyben a felszámolás akár évekig is eltarthat, és az teljesen tarthatatlan és megengedhetetlen, hogy addig ez a 28 ezer ember ne jusson hozzá a megtakarításához. A legutóbbi azonnali kérdésemre adott válaszában L. Simon László államtitkár úr teljes mértékben osztotta az MSZP azon álláspontját, hogy a Honvéd Egészségpénztár tagjai önhibájukon kívül kerültek bajba, és emiatt megoldást kell találni a megsegítésükre</seg>
<seg xml:id="IC7_6941.2">(17.10)Örömömre szolgál, hogy a Belügyminisztériummal és a Honvédelmi Minisztériummal szemben a Miniszterelnökség elismeri a probléma súlyát és az állami segítségnek a szükségességét. Azonban sajnos az elkötelezettségének hangoztatásán túl konkrét lépéseket eddig a Miniszterelnökség sem tett ebben az ügyben, márpedig az idő múlik, és az érintett, jelentős részben hivatásos állományú pénztártagok számára egyre fájóbb az egészségügyi célokra félretett megtakarítások hiánya. Arra utalt azonnali kérdésemre adott válaszában az államtitkár úr, hogy a jelenlegi törvényi keretek korlátozzák a lehetséges állami segítségnyújtást. Azonban szeretném felhívni arra a figyelmet, hogy a Quaestor-károsultak esetében sem az általános szabályokat alkalmazták, hanem külön törvény szól a károsultak megsegítéséről. Érthetetlen, hogy az egészen unortodox megoldásoktól sem idegenkedő kormány miért éppen akkor vonakodik a szükséges jogi szabályok megalkotásától, amikor az az ország méltánytalanul kárt szenvedett katonáinak, honvédelmi, rendvédelmi és nemzetbiztonsági dolgozóinak a megsegítését szolgálná. A Honvéd Egészségpénztár tagjai nem tőzsdéztek, önhibájukon kívül kerültek ebbe a nehéz helyzetbe. És láthattuk azt, hogy amikor olyan kényes ügyről van szó az önök számára politikailag, mint ugye, Szijjártó Péter közeli ismerőse, Tarsoly Csaba ügye a Quaestorban, akkor azonnal elkezdik az intézkedést, láttuk, hogy az sem sikerült igazán. Viszont az is látszik, hogy itt nem százmilliárd forintokról lenne szó, hanem csak 1,8 milliárd forintról. Szeretném kérni azt, hogy a kormány ne éljen azzal vissza, hogy a katonák, honvédségi, rendvédelmi és nemzetbiztonsági dolgozók nyilvánvalóan nem tüntetnek az utcán. Mindezekre figyelemmel kérdezem államtitkár urat, hogy végre mikor és hogyan fognak segíteni a Honvéd Egészségpénztár bajba jutott tagjainak. Mikor fogják benyújtani az Országgyűlésnek a Honvéd Egészségpénztár tagjainak megsegítéséről szóló törvényjavaslatot? És szeretném kérni, hogy ne hivatkozzon az EU jogértelmezési gyakorlatára, hiszen láttuk, hogy amikor van politikai akarat, akkor el tudják kezdeni a kártalanítást. Várom megtisztelő válaszát. Köszönöm</seg>
<kinesic type="applause"><desc>Taps az MSZP soraiból.</desc></kinesic>
</u>
        <u xml:id="ParlaMint-HU_2015-11-02-interpellation-IC7_6946" who="#NándorGúr" ana="#regular"><note>GÚR NÁNDOR (MSZP):</note>
<seg xml:id="IC7_6946.1">Köszönöm szépen, elnök úr. Tisztelt Képviselőtársaim! Sokat lehet olvasni, hallani, de érezzük is, látjuk is, hogy mi történik a vállalkozások színpadán. Látjuk, hogy nemcsak a külföldi vállalkozások, befektetők, hanem a magyar vállalkozások és befektetési szándékkal bírók is olybá cselekszenek, hogy legkiváltképp nem Magyarországon fektetnek be, nem itt szülnek és létesítenek új munkahelyeket. Ez nagyon sajnálatos, mert egyik oldalról a magyar kormány az elmúlt esztendőkben elüldözött sok százezer potentát lehetőséggel bíró munkavállalót, akinek a kezében, a fejében benne volt a tudás, másik oldalról nézve pedig azok, akik foglalkoztathatnának, ők meg nem itt fektetnek be, hanem máshová viszik a pénzeiket. Van ennek más területe is. Ha nézzük a kiskereskedelmi szektort vagy épp a kereskedelmi szektort, akkor látjuk, hogy a plázabezárások vagy épp a plázastopok mit jelentettek. Látjuk azt, hogy a vasárnapi boltbezárások mit hoztak. Az egyik esetben elvesztettünk lehetőség szerinti munkahelyeket, a másik esetben pedig megszűntek munkahelyek, most már kimutatható módon, 5-6 ezer az egyik és a másik esetben is 10 ezer fős munkanélküliségi növekedést tapasztalhattunk, ha nem is a regiszterekben, mert a regiszterek mások, mint a valóság. Azt is látjuk, hogy a kormányzati megszorítások meg a következetlen viselkedések mit hoznak magukkal. Nyilván ugyanazt, amit az elején mondtam: csökkenő befektetési szándékot és ezáltal csökkenő munkahelyeket.Igazából a legnagyobb bajt és a problémát ott látjuk, hogy a kormány a nagyjából hat évvel ezelőtt tett ígéreteiből semmit nem kíván valóra váltani. Emlékezzenek vissza csak az alapígéreteikre, nem kell sokáig gondolkodniuk, a radikális adócsökkentéstől elkezdve odáig, hogy egymillió új munkahelyet fognak teremteni a gazdaságban</seg>
<seg xml:id="IC7_6946.2">(Közbekiáltások a Fidesz soraiból, köztük Kósa Lajosé: Tíz év alatt!)</seg>
<seg xml:id="IC7_6946.3">A gazdaságban. Csak azért, hogy tiszta és világos legyen Kósa frakcióvezető úr számára is a bekiabálását érintően: a gazdaságban. Tudja, mi a különbség a közfoglalkoztatottság és a gazdaságban teremtett új munkahelyek tekintetében. Na szóval, hogy ne önnel foglalkozzam, hanem a témával, azt kell mondjam, hogy az egymillió új munkahely megteremtése a gazdaságban tíz év leforgása alatt az esélytelenség kategóriájával párosul, de azért nagy tisztelettel szeretném kérdezni, hogy mikor gondolják komolyan és mikor fognak valami értelmeset tenni annak érdekében, hogy ez megvalósuljon.A másik kérdésem pedig arra vonatkozik, hogy azt a fajta munkaügyi statisztikai bűvészkedést, amelyen keresztül a közfoglalkoztatottak százezreinek, a külföldre szorultaknak, az önök jóvoltából külföldre menekülteknek a statisztikában való felmutatásával való dicsekvést mikor fogják abbahagyn</seg>
<kinesic type="signal"><desc>Az elnök a csengő megkocogtatásával jelzi az idő leteltét.</desc></kinesic>
<seg xml:id="IC7_6946.4">, és mikor fognak valós képet tárni a társadalom elé. Elnök úr, köszönöm szépen</seg>
<kinesic type="applause"><desc>Taps az MSZP soraiban. &#8209; Közbeszólás a Fidesz soraiból: Ez élvezetes volt. &#8209; Derültség a Fidesz soraiban.</desc></kinesic>
</u>
        <u xml:id="ParlaMint-HU_2015-11-02-interpellation-IC7_6991" who="#IstvánHiller" ana="#regular"><note>DR. HILLER ISTVÁN (MSZP):</note>
<seg xml:id="IC7_6991.1">Köszönöm szépen a szót, elnök úr. Tisztelt Államtitkár Úr! Tisztelt Képviselő Asszonyok és Képviselő Urak! Hétfő: magyar, történelem, honismeret, matematika, úszás, úszás, osztályfőnöki. Kedd: idegen nyelv, matematika, rajz, természetismeret, testnevelés, technika, technika. Szerda: idegen nyelv, matematika, történelem, ének, magyar, néphagyomány. Csütörtök: informatika, matematika, magyar, erkölcstan, nyelvi tagozat, nyelvi tagozat. Péntek: magyar, magyar, természetismeret, idegen nyelv, testnevelés, testnevelés. Tisztelt Államtitkár Úr! Ádám, 5/A osztályos tanuló, 11 éves magyar diák heti órarendje így néz ki. Háromszor van hét órája, kétszer meg hat. Gábor 6/A osztályos tanuló, 12 éves magyar fiú, órarendje szerint hetente háromszor van hét órája, kétszer meg hat órája. A hét óra azt jelenti, hogy ebédszünet nélkül hétszer negyvenöt perc, vagyis reggel 8 órától háromnegyed 3-ig ül a padban. 12 éves.Brigi 2/B osztályos tanuló: egyszer van négy órája, háromszor öt órája, pénteken négy órája van, de mivel be kellett iktatni egy lyukasórát, valójában ötórás ez a napja is. Általában 8-tól háromnegyed 1-ig ül az iskolapadban. Ő egy 8 éves magyar kislány. Ezt hozta az önök által megalkotott új Nemzeti alaptanterv. Egy szülő azt mondta nekem, hogy amikor a gyerekei hazaérnek az iskolából, egyszerűen csak kiterülnek, mint a békák a tó partján. Fáradtak. Az a szemlélet, amely a Nemzeti alaptantervben testet ölt, ezt eredményezte: hazamennek a gyerekek, és olyan kimerültek, hogy egyszerűen nincsen kedvük játszani, beszélgetni se. A mostani NAT szemlélete lexikálistudás-alapú, azt akarják, hogy az iskola, illetve a pedagógusok mindent, de lehetőleg ennél is többet tételesen, jól beosztva, katonásan, rendben tanítsanak meg, tételes ismereteket egymás után, nyakra-főre, aztán, amikor egy újfajta ismeret tanítása szükségessé válik, mondjuk, az informatikában, még azt is benyomjuk. Ebből a szemléletből minden hiányzik, ami korszerű, bár kétségkívül van erénye, főleg a történészek számára, akik így a XXI. századi magyar valóságban kutathatják a XIX. századi porosz pedagógiát élőben</seg>
<seg xml:id="IC7_6991.2">(15.10)Tisztelt Miniszter Úr! Államtitkár Úr! Ez a Nemzeti alaptanterv megtaníthatatlan, pontosabban: jórészt felesleges megtanítani, jelentős és radikális tananyagcsökkentésre van szükség. Mindezek alapján kérdezem a miniszter urat, szeretné-e ön is, hogy a gyerekeknek még legyen kedvük játszani az iskola után. Hallott-e ön is arról, hogy az iskolásaink kimerültek, fáradtak? Egyetért-e ön azzal, hogy a Nemzeti alaptanterv jelentős, radikális átalakítására van szükség? Várom a válaszát. Köszönöm szépen</seg>
<kinesic type="applause"><desc>Taps az MSZP padsoraiban.</desc></kinesic>
</u>
        <u xml:id="ParlaMint-HU_2015-11-02-interpellation-IC7_7002" who="#BernadettSzél" ana="#regular"><note>DR. SZÉL BERNADETT (LMP):</note>
<seg xml:id="IC7_7002.1">Köszönöm a szót, elnök úr, és a Fidesz-KDNP-nek is a spontán üdvrivalgást, amivel fogadták a legújabb felszólalásomat</seg>
<seg xml:id="IC7_7002.2">(Moraj a kormánypárti padsorokban.)</seg>
<seg xml:id="IC7_7002.3">Bízom benne, hogy a válasz során is ilyen pozitívak lesznek, mert azt gondolom, hogy a magyar családoknak egy olyan érdekéről lesz szó, ami nem kerülheti el egyikünk figyelmét sem itt a Magyar Országgyűlésben. Ugyanis indul a fűtésszezon, és családok sokasága szorong ebben az országban azon, hogy vajon miből fogja kifűten</seg>
<seg xml:id="IC7_7002.4">(Németh Szilárd István: Nem igaz!)</seg>
<seg xml:id="IC7_7002.5">a házát, a lakását, a szobáját, a helyzet ugyanis tragikus. Az átlagos magyar család körülbelül kétszer annyit költ fűtésre, mint mondjuk, az osztrák családok, és ez nem azért van, mert itt kétszer olyan meleg lenne, mint Ausztriában, sőt még hidegebb is van, hanem azért, mert nincsenek leszigetelve a magyar házak, nincsenek a magyar családoknak megfelelő nyílászáróik, nincsen megfelelő szigetelésük.Na most, a helyzet az, hogy önök is pontosan tudják, a jelentős korszerűsítésnek az a nagyon egyszerű akadálya, hogy a magyar családoknak nincsen pénze rá, ezért is várták nagyon, amit ugye önök megígértek a magyar családoknak. Mert mit is ígért a Fidesz-KDNP? Azt ígérték, hogy lesz majd 150 milliárd forint, és ebből a 150 milliárdból 90 milliárdot vissza nem térítendő támogatásként ezek a magyar háztartások, családok meg fognak kapni. Ehhez képest mi történt? Lázár János kiállt a kamerák elé, és azt mondta, hogy nincs pénz, mert az EU nem hagyja, aztán utána még mondott pár dolgot ilyen szakmai megfontolásokról, meg egyéb zavaros dolgokat.Most nézzük, hogy mi a tény, mert a tények beszélnek. Először is az Orbán-kabinet volt az, amely év elején elfogadta, sőt Brüsszellel is elfogadtatta azt a KEHOP-programot, amiben ott van 90 milliárd forintos összeg vissza nem térítendő energiahatékonysági támogatásra. Ez akkor a magyar családoknak meg lett ígérve. Másodszor, idén augusztusban jelent meg a kormany.hu-n a közlemény &#8209; tegnap még fent volt, kíváncsi vagyok, hogy most le fogják-e venni &#8209;, hogy jövő tavasszal indul a korszerűtlen családi házak felújítását célzó pályázat, a 150 milliárd forintos támogatásból 2020-ig akár 3 millió ilyen ház is megújulhat. A felújítási költség 40 százaléka lesz vissza nem térítendő uniós támogatás, önrész 45 százalék.Harmadszor: a Bizottság szóvivője megerősítette, semmi akadálya nincsen annak Brüsszel részéről, hogy ezt a pénzt megkapják a magyar családok. Alapokat kell létrehozni, és az uniós támogatások &#8209; esetleg állami forrásokkal, kvótabevétellel kiegészülve &#8209; mehetnek a magyar családoknak arra, hogy lecseréljék az ablakokat, korszerűsítsék a házukat, ne orosz gázzal fűtsük a magyar utcákat.Negyedszerre: ott van Magyarországról több magyar EP-képviselő, akik az Európai Bizottságtól megkérdezték, működnek-e ilyen konstrukciók az európai uniós országokban. Igen, működnek, az Európai Unióban több helyen zajlik ilyen program.Tisztelt Országgyűlés! Tisztelt Kormány! Elég a hazudozásból! Szeretnénk tudni, hogy hova akarják a magyar családoknak megígért pénzt tenni</seg>
<seg xml:id="IC7_7002.6">(Felzúdulás és moraj a kormánypárti padsorokban. - Közbeszólások a Fidesz soraiból: Csüccs! Csüccs!)</seg>
<seg xml:id="IC7_7002.7">Szeretnénk tudni, hogy miért nem tudják ezt a vissza nem térítendő támogatást a magyar családok megkapni</seg>
<kinesic type="applause"><desc>Taps az LMP soraiból. &#8209; Közbeszólás a Fidesz soraiból: Köszönjük szépen! Elég a hazudozásból!</desc></kinesic>
</u>
        <u xml:id="ParlaMint-HU_2015-11-02-interpellation-IC7_7004" who="#RichárdHörcsik" ana="#regular"><kinesic type="noise"><desc>DR. HÖRCSIK RICHÁRD (Fidesz): Köszönöm a szót. Tisztelt Államtitkár Úr! Jól látható, hogy a migránsválság jelentős terhet ró Európára, ugyanis egyes tagországok nem tudják vagy nem akarják megoldani a problémát. Éppen ezért az összefogás jegyében zajlott az a vasárnapi csúcstalálkozó Brüsszelben, amelyen a migráció által érintett országok vezetői vettek részt. A megbeszélésen három fontos dolgot vitattak meg: 1. a menekülteknek megfelelő menedék biztosítása még a tél előtt, 2. az emberi áramlatnak a kezelése, végül pedig a határok ellenőrzése. Az érintett tagországok vezetői 17 pontos akciótervet fogadtak el a válság kezelésére, többek között megegyeztek, hogy Görögországban növelik az ország szálláshely-kapacitását, és a Nyugat-Balkánon százezerre nő a menekültek befogadására alkalmas férőhelyek száma, ebből Görögország év végére 30 ezerre növeli a férőhelyek számát, tárgyaltak a görög, a macedón, a szerb határok ellenőrzésének a megerősítésérőlA csúcstalálkozón hazánk is képviseltette magát, annak ellenére, hogy a nyugat-balkáni migrációs útvonal már nem érinti Magyarországot, mégis Magyarország minden technikai segítséget meg fog adni az érintett tagállamoknak, és természetesen összekötőt jelöl ki a bevándorlás ügyében történő cselekvés lebonyolítására. Tisztelt Államtitkár Úr! Ezen a csúcstalálkozón is bebizonyosodott, hogy a tagállamok elismerik Magyarország migránspolitikájának a sikerességét, és a nemzetközi sajtó állításának nincs semmi alapja, ami vádolja Magyarországot. Egyébként ezt támasztja alá az Európai Néppárt madridi kongresszusán való eredményes magyar részvétel is: az alelnöki pozícióért folyó versenyben Gál Kinga, a Fidesz jelöltje volt miniszterekkel, miniszterelnökökkel, európai biztosokkal mérettette meg magát. Gál Kinga egyébként a 12 jelölt versenyében az előkelő 7. helyen végzett, 57 tagpárt 600 küldöttjéből 373-an szavaztak rá. Úgy vélem, hogy mindez ellentmond azoknak a híreszteléseknek, miszerint a Fideszt ki akarnák zárni az Európai Néppártból. A fideszes jelölt sikere egyben elismerés a magyar kormány eredményeinek, például a gazdaság és a munkahelyteremtés terén, valamint megerősítése a magyar kormány felelős fellépésének a migrációs válságra adott válaszában. Úgy vélem, hogy már Brüsszelben is egyre többen látják, hogy a magyar reformok működnek. Tisztelt Államtitkár Úr! Kérdezem: végre elismeri az Európai Unió a magyar kormány politikájának az eredményességét? Mennyiben fogja érinteni a kormány külpolitikáját ez az új néppárti pozíció? Várom megtisztelő válaszát</desc></kinesic>
<kinesic type="applause"><desc>Taps a kormánypártok soraiban.</desc></kinesic>
</u>
        <u xml:id="ParlaMint-HU_2015-11-02-interpellation-IC7_7006" who="#GyörgySzilágyi" ana="#regular"><note>SZILÁGYI GYÖRGY (Jobbik):</note>
<seg xml:id="IC7_7006.1">Köszönöm szépen a szót. Tisztelt Államtitkár Úr! Ha hallgattál volna, bölcs maradtál volna &#8209; tartja a mondás, amelyet minden bizonnyal nem mindenki ismer a Miniszterelnökség soraiban. Amint azt tisztelt államtitkár úr is bizonyára tudja, pár nappal ezelőtt az ön államtitkártársa, L. Simon László kivételesen őszinte megjegyzésre ragadtatta magát itt a parlament padsorai között, a kijelentés a Jobbiknak címezve pontosan így hangzott: önöknek az fáj, hogy nem az önöké a biznisz</seg>
<seg xml:id="IC7_7006.2">(Az elnöki széket Jakab István, az Országgyűlés alelnöke foglalja el.)</seg>
<seg xml:id="IC7_7006.3">A cinikus megjegyzés mögött egy egészen határozott kijelentés húzódik meg, amely nem más, mint hogy: van biznisz, és ez a biznisz bizony a kormányoldalon va</seg>
<kinesic type="noise"><desc>Közbeszólás a Jobbik soraiból: Így van!</desc></kinesic>
<seg xml:id="IC7_7006.4">&#8209; hallhattuk ezt egy fideszes országgyűlési képviselőtől, a Miniszterelnökség államtitkárától. De ne azt figyeljük, amit L. Simon Lászlótól hallottunk, hanem amit L. Simon László ez idáig tett, egy olyan emberről van szó ugyanis, akinek egész politikai pályafutását végigkísérte a biznisz. Azokról a bizniszekről beszélek, amelyek külön-külön is a széles körű közvélemény megbotránkozását váltották ki, gondolok itt például arra, amikor 795 millió forintért újítják fel azt az Agárdot Zichyújfaluval összekötő utat, amely L. Simon László panziójához és borászatához is vezet. Tudja, államtitkár úr, ez az a panzió, amelyet a legenybucsu.lap.hu oldalon hirdetnek, számos kifejezetten erotikus tartalmú apróhirdetéssel egyetembe</seg>
<seg xml:id="IC7_7006.5">(Derültség a kormánypártok soraiban.)</seg>
<seg xml:id="IC7_7006.6">&#8209; de hát a biznisz, az biznisz</seg>
<kinesic type="noise"><desc>Közbeszólások a kormánypártok soraiból.</desc></kinesic>
<seg xml:id="IC7_7006.7">De az agrártámogatások területe is láthatóan bizniszként jelenik meg az államtitkár úr felfogásában: L. Simon László családi cégei az általuk birtokolt 80 hektáros földterület után a 2010-es kormányváltást követően 160 millió forint állami támogatáshoz jutottak, köztük a rákellenes barackmag botrányában elhíresült agárdi Simon és Simon Mezőgazdasági Kft. &#8209; de hát a biznisz, az biznisz. Mint ahogyan biznisz lehetett az is, amikor meglepő módon 267 millió forint vissza nem térítendő támogatáshoz jutott a kápolnásnyéki Dabasi-Halász-kastély felújítására az a társaság, amely egyébként korábban L. Simon László könyveinek kiadója volt. Hogy mi ebben a meglepő? Hogy a támogatásra irányuló pályázatot korábban már két ízben is elutasították. És hogy miért nem meglepő mégsem? Mert korábban maga a kastély is L. Simon László vállalkozásáé volt &#8209; de tudják: a biznisz, az biznisz. Értem én, hogy ezek után a miniszter úr számára nem maradt más lehetőség, és a botrányos államtitkárt mintegy lefokozta a legutóbbi kormányátalakítás leple alatt. Nem gondolják úgy, államtitkár úr, hogy a legutóbbi beismerő vallomás kellő súlyú intézkedés hiányában lemoshatatlan bélyeget nyom a minisztérium, az egész kormány, sőt alapvetően a kormánypártok homlokára? Kérdezem tehát: meddig és mire tartják még a moralitás teljes hiányába süllyedt, végletekig vállalhatatlanná vált államtitkárt? Várom válaszát</seg>
<kinesic type="applause"><desc>Taps a Jobbik soraiban.</desc></kinesic>
</u>
        <u xml:id="ParlaMint-HU_2015-11-02-interpellation-IC7_7007" who="#R.BenedekSallai" ana="#regular"><kinesic type="noise"><desc>SALLAI R. BENEDEK (LMP): Köszönöm a szót, elnök úr. Lázár miniszter urat nem látom, az államtitkár úr még soha nem adott nekem választ. A miniszter úr viszonylag korrekt válaszokat szokott adni. Bízom benne, hogy a személyes távolléte ellenére megkaphatom ezeket.Gyakorlatilag sajtónyilvánosságra került, hogy a Kehi készített jelentést állami erdészetekről. Az állami erdészetek esetében több szabálytalanságot tártak fel, és nagyon magas személyi költségeket. Emiatt a miniszter úr egy korábbi interpellációmra azt válaszolta, hogy kiterjesztette a Kehi vizsgálatát az összes állami erdészetre annak érdekében, hogy feltárják, mi is zajlik ezekben az erdészetekben. A magyar közvélekedés szerint &#8209; de szintén hivatkozom a miniszter úrra is, aki egy bizottsági ülésen elmondta, hogy sajnos egyetért ezzel &#8209; itt nagyon régóta zajlik pazarlás. Az, hogy 92 milliárdos forgalom után 1-2 milliárdos leadózott jövedelem van, ez már önmagában is gyanúra ad okot. Mindemellett az Index megírta a Kehi-jelentésre hivatkozv</desc></kinesic>
<seg xml:id="IC7_7007.1">(Moraj a kormánypárti padsorokból.)</seg>
<seg xml:id="IC7_7007.2">, hogy egyes állami erdészeteknél 46-48 százalékos személyi költségek is voltak vezetői jutalmakként elszámolva. Október 2-án a földművelésügyi miniszter az egyik napilapnak azt nyilatkozta, hogy ő még nem is látta ezt a jelentést, szerinte az is lehet, hogy nem is létezik, és teljes mértékben meg van elégedve az állami erdészetek működésével, és semmiféle kiterjesztett vizsgálatról és ehhez hasonlóról nem tud. Lázár miniszter úr egy korábbi interpellációmra adott válaszában megerősítette, hogy létezik ez a Kehi-jelentés, ennek ellenére a földművelésügyi miniszter azt állítja, hogy szerinte lehet, hogy ez nem is létezik, és ha létezik, akkor sem marasztalhatja el ezeket az erdészeteket, mert szerinte példaszerűen, jól gazdálkodnak. Ezt a miniszteri állítást egyébként nyilvánvalóan megerősítették az állami erdészetek is, amelyek közül hat közös közleményben mondta, hogy márpedig ők nagyon jól gazdálkodtak. Tájékozódni szeretnék, hogy akkor létezik az a jelentés vagy nem létezik, ha létezik, a képviselők számára lehet-e ebbe betekintést kérni, mármint abba, ami elkészült, tehát a 6 állami erdészetre, nem pedig a 22-re. Amennyiben van a 22 erdészetre kiterjesztett vizsgálat, érdeklődnék, mikorra várható, hogy a jelentés elkészüljön, illetve szeretném, ha tisztába tennénk ezt a helyzetet, hogy a földművelésügyi miniszter milyen okok miatt nyilatkozhat teljesen eltérően ezen tényektől. Köszönöm szépen, elnök úr</seg>
<kinesic type="applause"><desc>Taps az LMP padsoraiból.</desc></kinesic>
</u>
        <u xml:id="ParlaMint-HU_2015-11-02-interpellation-IC7_7009" who="#IstvánTukacs" ana="#regular"><note>TUKACS ISTVÁN (MSZP):</note>
<seg xml:id="IC7_7009.1">Megvárom, míg államtitkár úr elfoglalja a helyét, azt hiszem, ez így korrekt. Államtitkár úr pedig, akit tisztelettel köszöntök, és köszönöm elnök úrnak a szót, bizonyára el fogja tőlem fogadni azt, hogy nem interpellációs témától való eltérés, hogyha néhány mondatban interpellációm elején együttérzéssel gondolunk mindazokra, akik daganatos betegségekben szenvedtek, gyógyultak vagy sajnos nem tudtak megküzdeni ezzel a betegséggel. És persze kifejezzük köszönetünket a gyógyítóknak, akik néha erejükön felül teljesítenek, akár ágy mellett, akár más módon segítve a gyógyulását vagy a betegség elviselhetővé tételét a betegeknek. Azért is kértem lehetőséget interpellációra társaimtól, mert egy konkrét kormányzati intézkedés eredményeire vagy eredménytelenségére szeretnék rákérdezni, ugyanakkor szeretném felidézni a körülményeket, amelyekben ez a kormányzati intézkedés megszületett. Daganatos megbetegedésekről beszélünk, és nem árt felidézni azt, hogy 2010-ben kiemelkedően magas, 78 ezer új beteget regisztráltak, és nemcsak ez, hanem főleg a gyógyulások alacsony száma a riadalmat keltő, hiszen 32 ezer végződött halállal. A nőknél emlő- és tüdőrák, a férfiaknál pedig tüdő-, vastagbél- és prosztatarák a legfőbb okok. A szakma azt mondja, hogy a megelőzéstől a hospice-ig kellene kiterjedt és nagyjából mindenki számára hozzáférhető eszközöket alkalmazni, szervezett betegutak kellenek és nem kevésbé az, amit a Nemzetközi Rákellenes Unió is mond, hogy célszerű lenne oszlatni a betegség körüli kételyeket, ugyanakkor pedig a korai felismerést &#8209; a korai felismerést &#8209; segíteni. A minisztérium egy kéthetes időintervallumot írt elő azoknak, akiket daganatos betegséggel küldenek kontrollvizsgálatokra, CT-re, MRI-re, képalkotásra. Nagyon sok kétely volt ezek körül a döntések körül, főleg a finanszírozás módját tekintve és azt is, hogy ha eddig a kapacitások elégtelenek voltak, vajon sikerül-e mindenkinek eljutni a vizsgálatig. De a legfontosabb kérdés azonban az, hogy sikerül-e eljutni a terápiáig és főleg a gyógyulásig. Ezért kérdezem tehát, hogy hány ilyen beteg volt, akinél daganatos betegséget regisztráltak a kéthetes időintervallum alatt. Milyen számú volt ez az elmúlt időszakhoz képest? Hogyan alakult a finanszírozása ezeknek a vizsgálatoknak? De legfőképpen azt, hogy hányan jutottak el a pozitív lelet után oda, hogy gyógyulhassanak, akár úgy, hogy egészségügyi szolgáltatónál vagy kórházban teszik ezt. Erre várnám a válaszokat, államtitkár úr, és köszönöm szépen a lehetőséget</seg>
<kinesic type="applause"><desc>Taps az MSZP soraiban.</desc></kinesic>
</u>
        <u xml:id="ParlaMint-HU_2015-11-02-interpellation-IC7_7010" who="#LajosKorózs" ana="#regular"><kinesic type="noise"><desc>KORÓZS LAJOS (MSZP): Köszönöm szépen a szót. Tisztelt Ház! Tisztelt Államtitkár Úr! Bizonyára ön is tudja, hogy naponta három orvos és két szakdolgozó hagyja el átlagosan hazánkat, és távozik elsősorban Nyugat-Európába, illetve Skandináviába. Kérdezhetnénk, hogy miért ez a nagy elvándorlás. Azt hiszem, nem kell különösebben magyarázni, hogy egy Nyugat-Európában dolgozó, praktizáló orvos vagy egy kórházi orvos akár a tízszeresét is keresi a magyar béreknek. Ezen túlmenően az országunkból távozó szakdolgozók és orvosok rendszerint azon a véleményen vannak, hogy a kiszámíthatóbb jogi környezet, a megbecsültség és a korrekt elszámolás az, ami motiválja őket az ország elhagyására, és egy jelentős részüknek esze ágában sincs visszajönni az országba. A Szinopszis közvélemény-kutató által végzett felmérés szerint a megkérdezettek &#8209; a kivándorolt magyar orvosokat kérdezték meg &#8209; negyede a hálapénzrendszert jelölte meg fő visszataszító magyar sajátosságként, ami miatt nem is tervezik visszatérni a magyar egészségügybe. Az itthon tevékenykedő magyar orvosok jelentős része is elítéli a hálapénz intézményének meglétét, mellyel a rendszer egyértelmű, a legalsóbb szinteken is jelen lévő korrupció kritikáját fogalmazzák meg. Az egészségügyért felelős államtitkárnak a kinevezését követően a sajtóban megjelent nyilatkozatai alapján arra lehetett következtetni, hogy egyelőre nem lehet számítani radikálisabb lépésekre az egészségügy helyzetének látványos és eredményes elősegítésének érdekében. Örvendetes tény, hogy állítása szerint ugyanakkor miniszterelnöki kinyilatkoztatás is született az ügyben, hogy biztosításra kerülnek a szükséges eszközök az egészségügy helyzetének javítására, azonban az ilyen formában nem elég, ahogy én gondolom. Az újonnan kinevezett államtitkár elmondta, hogy elsődleges elérendő céljaként az ápolásban részesültek igényeinek felmérését tartja a célból, hogy előkészítse az ellátás hatékonyságának növelését szolgáló gyakorlati lépéseket. A felmérés várható eredménye teljesen evidens, stílszerűen az érintettek felmerülő problémáinak orvoslására elsődlegesen és mostanra halaszthatatlanná vált intézkedést köteles alkalmazni a kormány, és ez az ágazati dolgozók azonnali béremelése. Szeretném megkérdezni államtitkár urat, hogy hajlandó-e kiharcolni a betegek és a dolgozók érdekeit szem előtt tartva azt a miniszterelnöki kinyilatkoztatást, amely arra vonatkozik, hogy kiemelt prioritásként fogja a kormány kezelni az egészségügy talpra állítását. Második kérdésem pedig az államtitkár úrhoz, hogy racionális lépésnek tartaná-e ön, hogy a közel 200 milliárd forintos taojóváírások kedvezményezettje a sportklubok helyett vagy mellett a magyar egészségügy legyen. Köszönöm szépen, várom megtisztelő válaszát</desc></kinesic>
<kinesic type="applause"><desc>Taps az MSZP soraiban.</desc></kinesic>
</u>
        <u xml:id="ParlaMint-HU_2015-11-02-interpellation-IC7_7015" who="#ErikBánki" ana="#regular"><note>BÁNKI ERIK (Fidesz):</note>
<seg xml:id="IC7_7015.1">Köszönöm szépen a szót. Tisztelt Elnök Úr! Tisztelt Államtitkár Úr! Tisztelt Képviselőtársaim! Annak az országnak van jövője, amelyben a fiatalok megtalálják a számításaikat, és biztató jövőképpel rendelkeznek. Az a fiatal él szívesen ebben az országban, aki látja, hogy az az energia, amelyet a tanulásba, a gyermekvállalásba vagy éppen a munkába fektetett, előbb vagy utóbb meg fog térülni. Azt is elvárja minden magyar fiatal állampolgár, helyesen egyébként, hogy ezekben a kezdeményezésekben a magyar állam, a magyar kormány és a magyar parlament is támogatója legyen. Nemrég egy civil ifjúsági szervezet is, a Fidelitas, jelentkezett egy olyan programma</seg>
<kinesic type="noise"><desc>Derültség a Jobbik soraiból. &#8209; Közbeszólások a Jobbik soraiból: Ne röhögtessél már! &#8209; Derültség az ellenzéki pártok soraiból.</desc></kinesic>
<seg xml:id="IC7_7015.2">, amely konkrét javaslatokat tett le az asztalra. Fontos, hogy figyeljünk az ilyen kezdeményezésekre, és hogy más téren is érzékeltessük a magyar fiatalokkal, hogy ők fontosak nekünk.(16.20)Ezeknek a gondolatoknak a jegyében történtek már fontos intézkedések az elmúlt időszakban, amelyekre nem árt, ha emlékezünk. 2015. július 1-jétől lehet igényelni a családok otthonteremtési kedvezményét, amely az eddigieknél szélesebb körben segíti elő a fiatal házaspárok és családok lakáshoz jutását. A széles körű családtámogatási eszközök közül a hallgatói vagy diplomásgyed kiemelten célozza a fiatalokat, segítve abban, hogy ne az anyagi források hiánya álljon a gyermekvállalás útjában. 2013. január 1-jétől lépett életbe a munkahelyvédelmi akcióterv, amelynek célja, hogy a leginkább érzékeny helyzetben lévő munkavállalói csoportok vonatkozásában a munkáltatók bérköltségét csökkentse, segítve ezzel a munkahelyek megtartását és a foglalkoztatás bővítését. A munkahelyvédelmi akciótervvel 2014-ben már több mint 150 ezer pályakezdő, 25 év alatti fiatal foglalkoztatását támogattuk járulékkedvezményekkel. Az ifjúsági garancia egy átfogó, az ifjúsági munkanélküliség csökkentését, a fiatalok élethelyzetének javítását célzó rendszer. Az idehaza több lépcsőben megvalósuló program első szakaszában főként a legalább hat hónapja álláskeresőként regisztrált, 25 év alatti fiatalok kapnak segítséget. A nemzeti tehetségprogramot az Országgyűlés 2008-ban ötpárti konszenzussal fogadta el. Eddig 2009 és 2014 között 6139 projekt nyert el támogatást, összesen csaknem 7 milliárd forint összegben. Azt gondolom, azt gondoljuk, érdemes folytatni ezt a programot, és odafigyelni azokra a fiatal tehetségekre, akikben megvan az elszántság, a kitartás terveik, céljaik megvalósítására. A fentiekre tekintettel kérdezem tisztelt államtitkár urat, mi a célja a kormánynak ezzel a tehetségprogrammal, a nemzeti tehetségprogramot kívánják-e folytatni a következő években, és ha igen, milyen feltételekkel. Várom megtisztelő válaszát</seg>
<kinesic type="applause"><desc>Taps a kormánypártok soraiban.</desc></kinesic>
</u>
        <u xml:id="ParlaMint-HU_2015-11-02-interpellation-IC7_7017" who="#ErzsébetSchmuck" ana="#regular"><note>SCHMUCK ERZSÉBET (LMP):</note>
<seg xml:id="IC7_7017.1">Köszönöm a szót, elnök úr. Tisztelt Államtitkár Úr</seg>
<kinesic type="noise"><desc>Folyamatos zaj. &#8209; Az elnök csenget.</desc></kinesic>
<seg xml:id="IC7_7017.2">A múlt héten nyilvánosságra került, hogy a kormány továbbra is tízmilliárdokkal támogatja a Városliget beépítését; azt a projektet, amelynek költségvetése nem egészen fél év alatt 150 milliárdról 200 milliárd forintra nőtt. A Liget Budapest projekt két legkárosabb eleme, az új Nemzeti Galéria és a Magyar Zene Háza, továbbra sem került le a napirendről. Az LMP meggyőződése, hogy a projektnek nincs sem gazdasági, sem szakmai megalapozottsága, ellenben súlyosan károsítaná a kevés belvárosi zöldterületek egyiké</seg>
<seg xml:id="IC7_7017.3">(Dr. Hoppál Péter: Nem igaz!)</seg>
<seg xml:id="IC7_7017.4">, Európa legrégebbi közparkját. Ezért vannak a szakmai és lakossági tiltakozások. A civilek rövid idő alatt 20 ezer tiltakozó aláírást gyűjtöttek össze. Az érintett önkormányzatok is ellenzik, még a fideszes vezetésűek is, nem véletlenül ajánlott fel alternatív helyszíneket Terézváros vagy Józsefváros képviselő-testülete. Ez a projekt nem növelné érdemben a külföldi turisták számát, ami egyébként nem is nagy baj, ha a parkot meg akarjuk védeni. A tervezett múzeumoknak együttesen sincs olyan erejű gyűjteménye, ami idevonzana plusz kétmillió látogatót évente, amiről a KPMG-tanulmány beszél. Múzeumi negyed egyébként Budapesten már van. A Szépművészeti Múzeum, a Műcsarnok, a Mezőgazdasági Múzeum, a Közlekedési Múzeum az egyik végpontja, míg a másik maga a Vár a Nemzeti Galériával és más múzeumokkal, köztük pedig a Lánchíd, az Andrássy út, a Bazilika és a környék számos látnivalója, amelyekre igaz, amit egy híres építész mondott: Budapest maga a múzeum. Hamis érv, hogy nő a zöldfelület, hiszen a park beépítettsége 5,5 százalékról 7 százalékra módosulna. Eleve rossz érv, hogy 300-500 fa és sok ezer négyzetméternyi park elpusztítása elfogadható lenne, ha azt pótolják. A pótlás illúzió: egy 50 éves fa pótlása éppen 50 évbe telik. A projekt gazdaságilag sem térül meg, hiszen olyan adatokkal kalkulálnak, amit a tények nem támasztanak alá. Egyetlen érvük maradt már csak, hogy voltak épületek, amiket a tervezéskor utáltak, aztán mennyire megszerettek, például az Eiffel-torony. Erre ne építsenek! Rengeteg rossz példát is lehet hozni. A Sztálin-szobor annak idején, a Szervita téri parkolóház, a KÖKI régi épülete, a korábbi Spenótház mind azt mutatják, hogy az erőszakosság, a voluntarizmus és a hozzáértés hiánya leginkább selejtet tud termelni, értéket teremteni kevésbé. Mindezek alapján kérem államtitkár urat, álljanak el a projekt káros elemeinek támogatásától, és szervezzék át úgy, hogy a budapestiek és minden magyar ember érdekét szolgálja. Köszönöm a figyelmet.</seg>
</u>
        <u xml:id="ParlaMint-HU_2015-11-02-interpellation-IC7_7019" who="#JánosVolner" ana="#regular"><note>VOLNER JÁNOS (Jobbik):</note>
<seg xml:id="IC7_7019.1">Köszönöm szépen, elnök úr. Tisztelt Államtitkár Úr! Nemrég látott napvilágot az Európai Unió statisztikai hivatalának új jelentése, amely szerint a magyar lakosság 31,1 százaléka, tehát durván egyharmada szegénynek számít. 2008-hoz képest nemhogy csökkent volna &#8209; minden kormányzati propaganda ellenére &#8209; a szegények részaránya Magyarországon, de egyenesen nőtt is 3 százalékkal. Uniós szinten a legnagyobb csökkenést Lengyelország, Csehország és Románia érte el a szegénység elleni küzdelemben. Itt csökkent a leginkább a szegények száma. Tehát nem arról van szó, hogy valami régiós trendnek felel meg, hogy Magyarországon elszegényednek az emberek. Más országokban javul a helyzet, Magyarországon sajnos ugyanezt már nem mondhatjuk el</seg>
<seg xml:id="IC7_7019.2">(Az elnöki széket Sneider Tamás, az Országgyűlés alelnöke foglalja el.)</seg>
<seg xml:id="IC7_7019.3">A súlyos anyagi nélkülözésnek kitett emberek tekintetében az egész Európai Unión belül Magyarország foglalja el a harmadik legrosszabb helyezést az Európai Unió statisztikai hivatala szerint. Az Orbán-kormány hogy is &#8222;küzdött&#8221; - idézőjelben &#8209; a szegénység ellen? Bevezette az egykulcsos adót, amivel a legmagasabb jövedelmű 10 százalék részére több mint 500 milliárd forint adókedvezményt juttatott, és eközben emelte a szegény emberek adókulcsát. A szegényeknek nőtt az effektív adóterhelése. Hogyan küzdött még az Orbán-kormány? Kezébe került 3 ezer milliárd forintnyi magánnyugdíj-pénztári vagyon, aztán ezt a pénzügyi szabadságharc tekintetében villámgyorsan felélte az Orbán-kormány: részben adósságcsökkentésre, részben pedig a költségvetés folyó kiadásaira fordította, a pénz tehát eltűnt. Bevezették &#8209; szintén idézőjelben &#8209; &#8222;a szegények megsegítésére&#8221; a világ legmagasabb áfáját; 27 százalékos áfakulcsot sehol nem fizetnek, csak Magyarországon. Az ország szegényedik, a fiatalok elvándorolnak Magyarországról. Eközben azt láthatjuk, hogy milliárdossá elsősorban az Orbán Viktor közvetlen környezetében lévő nagyvállalkozói kör tagjai válnak. Fontos látni azt is, hogy az a megszorító gazdaságpolitika, amit a Széll Kálmán-tervvel kezdett el az Orbán-kormány, aztán oly sok lépésen keresztül adóemelésekkel folytatott, látványosan megbukott. A fiatalok az országból elmenekülnek, a lakosság &#8209; még az Európai Unió statisztikai hivatala szerint is &#8209; a régiós trenddel ellentétben nem gazdagodik, hanem szegényedik Magyarországon, az ország pedig egyre élhetetlenebbé válik. Kérdezem én: mikor látja be a kormány, hogy az eddigi megszorításokra alapozó gazdaságpolitika megbukott, és valamit érdemben tenni kell a szegénység ellen Magyarországon? Köszönöm szépen</seg>
<kinesic type="applause"><desc>Taps a Jobbik padsoraiban.</desc></kinesic>
</u>
        <u xml:id="ParlaMint-HU_2015-11-02-interpellation-IC7_7020" who="#LajosKepli" ana="#regular"><note>KEPLI LAJOS (Jobbik):</note>
<seg xml:id="IC7_7020.1">Köszönöm szépen, elnök úr. Tisztelt Államtitkár Úr! Némi aggódással olvashattuk a hírekben a minap, hogy csúszik a 800 millió forint értékű, a felcsúti stadiont az alcsúti arborétummal összekötő kisvasútnak az átadása. Annak a kisvasútnak, amely nemzetstratégiai fontosságú, hiszen a kormány kiemelt beruházássá nyilvánította az Orbán Viktor házától az alcsúti arborétumig tartó kisvasúti beruházást; addig az alcsúti arborétumig, amelyre egyébként az elmúlt években 2010 óta több száz millió forintot vagy százmilliós nagyságrendben költött a kormány. Az egyetlen probléma ezzel az, hogy ahogy az most lenni szokott az utóbbi időben Magyarországon, ez a százmilliós nagyságrendű összeg vajon ki másnál landolhatott, mint az ország kedvenc gázszerelőjénél, a milliárdos, kérges tenyerű parasztgazda Mészáros Lőrincnél, aki több száz millióért vagy százmilliós nagyságrendű összegben kertészkedhetett az arborétumban, hiszen ő ebben is kiváló, mint oly sok minden másban. Ha már a Duna-Ipoly Nemzeti Park Igazgatóságnál tartunk, a legújabb pletykák szerint az Orbán család egyik tagja, ifjabb Orbán Győző és érdekeltsége kívánja rátenni a kezét egy fokozottan védett természeti értékünkre, a II. kerületben található, termálvízzel borított Mészáros Lőrinc&#8230; &#8209; Mészáros Lőrinc-barlangnak még nem hívják, de akár így is hívhatná</seg>
<seg xml:id="IC7_7020.2">(Derültség.)</seg>
<seg xml:id="IC7_7020.3">, Molnár János-barlangra, ami késik, nem múlik, tisztelt képviselőtársaim, a Fidesz-kormányt ismerv</seg>
<seg xml:id="IC7_7020.4">(Közbekiáltások a Fidesz padsoraiból: Volner János! Volner János!)</seg>
<seg xml:id="IC7_7020.5">; annak víz alatti szakaszai búvármerüléses látogatására és barlangibúvár-oktatási célú hasznosítására, a barlang légteres és víz alatti szakaszainak kulturális célú hasznosításaira. Ez egy Európában egyedülálló természeti képződmény, ahogy azt bizottsági meghallgatásán a miniszter úr is elismerte, a hasznosítására azonban a természetvédelmi hatóság nem rendelkezik a megfelelő eszközökkel, ezért pályázat útján át kívánja adni egy magántársaságnak. A szakma és a hírek szerint a pályázat ifjabb Orbán Győző érdekeltségére lett személyre szabva. Senki más azon az egy bizonyos búvártársaságon kívül nem képes ezeknek a pályázati feltételeknek megfelelni. Információink szerint maga az érintett személyesen is több egyeztetésen vett részt a hatóságnál ezzel kapcsolatban. Felmerül a kérdés, hogy miért érdekli az Orbán családot egy barlang. Mint mondtam, egy, a világon egyedülálló képződményről van szó. A barlangi búvárkodás egyik ideális helyszíne lehetne, és a barlangi búvárkodásban pedig pénz van, hiszen nem a szegények sportja, ezt mindnyájan sejthetjük. Innentől kezdve már érthető, hogy miért is van szüksége erre a barlangra az Orbán családnak, illetve az Orbán család érdekkörébe tartozó búvárkörnek. Jelen esetben azonban egy évezredek vagy évtízezredek alatt kifejlődött természeti értékről van szó, és a barlang különleges faunája is veszélybe kerül, ha hozzá nem értők kezébe kerül. Nem utolsósorban pedig a Lukács fürdő is innen nyeri a vizét, tehát egy gyógyfürdő vízminőségére is behatással van, hogy mi történik ott a barlangban. Kérdezem tehát államtitkár urat: Magyarországon ma már semmi nincs biztonságban, ha a kormányfő családja, barátai és üzletfelei vetik ki rá csápjaikat? Nem számít sem a törvény, sem a jövő nemzedékek magyarjainak érdeke természeti értékeink megőrzésére? Mi lesz a Molnár János-barlanggal és mi lesz Magyarországgal? Várom érdemi válaszát</seg>
<kinesic type="applause"><desc>Taps a Jobbik padsoraiban.</desc></kinesic>
<seg xml:id="IC7_7020.6">(16.40)</seg>
</u>
        <u xml:id="ParlaMint-HU_2015-11-02-interpellation-IC7_7024" who="#ElődNovák" ana="#regular"><note>NOVÁK ELŐD (Jobbik):</note>
<seg xml:id="IC7_7024.1">Tisztelt Államtitkár Úr! Az elmúlt 25 év, különösen a Fidesz-KDNP-kormányok szégyene, hogy még mindig nem történt meg az állambiztonsági múlt, így többek közt az ügynöklisták feltárása, a pártállami vezetők elszámoltatása és közéletből való kitiltása, valamint a kommunista luxusnyugdíjak megvonása, ami talán a legfelháborítóbb. Így a három legfontosabb antikommunista követelésünk közül ezt az interpellációnkat most ennek az ügynek szenteli a Jobbik. Félmegoldásnak is kevés, látszatintézkedés a kommunista kitüntetések után járó néhány ezer forintos nyugdíjpótlékok megvonása és az is csak az érintettek tizedénél, miközben a Mansfeld Péterre halálos ítéletet kérő ügyész, Mátsik György juttatása egy forinttal sem csökkent. Akié pedig csökkent: Biszku Béla és Nyers Rezső esetében is láthattuk, hogy csak minimális mértékben, így még mindig több százezres luxusnyugdíjat kapnak havonta. A kormány nevében Rétvári Bence rendszeresen hazudik &#8209; örülök, hogy most nem ő válaszo</seg>
<seg xml:id="IC7_7024.2">(Dr. Rétvári Bence: Tőled ez dicséret, Előd!)</seg>
<seg xml:id="IC7_7024.3">&#8209;, például az Országgyűlésben néhány hónapja úgy fogalmazott, idézem: &#8222;Ezeknek az embereknek ez a pluszjuttatása, ez a fajta privilégiuma megszűnt, és mostantól nem kapnak ilyen kiemelt nyugdíjat.&#8221; Tisztázzuk még egyszer! Wittner Mária és Iván László fideszes, valamint Sneider Tamás, Murányi Levente, Szilágyi György, Hegedűs Lorántné és jómagam jobbikos képviselőkként közösen nyújtottuk be 2012-ben azt a nyugdíjtörvény-módosító javaslatunkat, amelyet el is fogadott az Országgyűlés, és ez alapján meg kellett vonni a kommunista kitüntetések után járó nyugdíjpótlékokat. Akkor a Nyugdíjbiztosítási Főigazgatóságtól azt a tájékoztatást kaptam, hogy alanyi vagy özvegyi jogon körülbelül 1200 személy kap évente összesen 200 millió forintot például Vörös Csillag Érdemrend vagy fegyveres harcokban részt vett partizán és még 17 hasonló kitüntetés nyomán. Sajnos, a megvonást előíró törvényünk ellenére 90 százalékuk a mai napig kapja, hiszen a végrehajtásért felelős Navracsics Tibor miniszter először teljesen szabotálta a törvényt, a határidőig senkitől se vonták meg a kommunista kitüntetések után járó nyugdíjpótlékot, majd többszöri számonkérésemre a törvénytelenséget a törvény módosításával orvosolták: kitolták a határidőt, azaz a kormánypártok húzták az időt, mint Biszku Béla elszámoltatása esetében is. Végül a kormány a Szocialista Hazáért Érdemrend és hasonló kitüntetések után járó nyugdíjpótlékok 90 százalékáról állapította meg, hogy méltó azokat folyósítani az állítólagos rendszerváltás után 25 évvel, tehát ma is, de mindez csak hab a tortán. Az igazi probléma az, hogy amit mi kommunista luxusnyugdíjaknak nevezünk, azt nem a kitüntetések után folyósítják, hanem mert az előző rendszerben pártállami vezetőként kiemelt bérezésben részesültek, ezáltal ma tehát akár pótlék nélkül is kiemelt alapnyugdíjban részesülhet Biszku Béla és több ezer társa. Juttatásuk felülvizsgálatához a Jobbik által már 2010 júliusában benyújtott törvényjavaslat elfogadása volna szükséges, amelyet számtalan alkalommal szavazott le az Országgyűlés az MSZP és a Fidesz összefogásával, Biszku Béla legnagyobb örömére</seg>
<seg xml:id="IC7_7024.4">(15.20)Hajlandóak-e végre elfogadni ezt a kommunista luxusnyugdíjak megvonása érdekében, vagy e téren is a kommunista önkényuralmi rendszer vezetőinek oldalára állnak</seg>
<kinesic type="applause"><desc>Taps a Jobbik soraiban.</desc></kinesic>
</u>
        <u xml:id="ParlaMint-HU_2015-11-02-interpellation-IC7_7025" who="#IstvánHollik" ana="#regular"><kinesic type="noise"><desc>HOLLIK ISTVÁN (KDNP): Köszönöm szépen. Tisztelt Elnök Úr! Tisztelt Ház! Tisztelt Államtitkár Úr! A kormány az elmúlt évek során több alkalommal is biztosította az önkormányzatokat arról, hogy együtt kíván működni velük, és fontos számára, hogy mi történik egy-egy településen, legyen szó a legapróbb kistelepülésről, megyei jogú városról vagy éppen a fővárosról. Az önkormányzatok többségét érintette az elmúlt négy évben lezajlott adósságkonszolidáció, amelynek keretei között 2011 vége és 2014 májusa között mintegy 1368 milliárd forint adósságot vállalt át a kormány az érintett önkormányzatoktól. A konszolidációt követően fontos, hogy az önkormányzatok stabil lábakon tudjanak megállni, és ne kelljen hitelből finanszírozni a települések működését. Ennek érdekében még 2013-ban a kormány szigorította a települések hitelfelvételének a lehetőségeit. Ezzel az intézkedéssel elkerülhető, hogy falvaink, városaink újra olyan adósságcsapdába keveredjenek, mint amilyenbe az MSZP kormányzása alatt sajnos belekerültek. Fontos szempont, hogy a jövőben a megyék és településeik olyan programok részeseivé váljanak, amelyek hosszú távon képesek biztosítani versenyképességüket és talpon maradásukat. Ezeknek a céloknak az eléréséhez szükség van a helyi gazdasági szereplők megerősítésére, valamint a helyi munkaerő bevonására. Az önkormányzatok hatékony munkája nélkül nem beszélhetünk fejlődő Magyarországról. Ahhoz, hogy a kormány jól tudjon együttműködni a településekkel, feltétlenül szükséges a párbeszéd a megyékkel és a településekkel egyaránt, hiszen ők látják a legjobban azt, hogy az adott térségnek mikor, mire és milyen formában van szüksége. Ezek alapján tisztelettel kérdezem az államtitkár urat: milyen fejlesztések elé néznek a megyei és a települési önkormányzatok a jövőben, valamint milyen az önkormányzatok és a kormány együttműködése? Várom a megtisztelő válaszát</desc></kinesic>
<kinesic type="applause"><desc>Taps a kormánypártok soraiban.</desc></kinesic>
</u>
        <u xml:id="ParlaMint-HU_2015-11-02-urgent_question-AC7_7104" who="#DóraDúró" ana="#regular"><note>DÚRÓ DÓRA (Jobbik):</note>
<seg xml:id="AC7_7104.1">Köszönöm a szót. Tisztelt Elnök Úr! Tisztelt Államtitkár Úr! Gyakorlatilag állandósult a fizetésképtelenség a KLIK-nél. Látjuk azt, hogy még mindig körülbelül 6,5 milliárd forintos adósságot görget maga előtt, több pedagógusnak egyáltalán nem fizették ki az óraadásért járó fizetéseket, van olyan tankerület, amelyik utazási költségtérítést ebben a tanévben még egyáltalán nem fizetett, pedig már november van. Több hónapos csúszások vannak. Vannak olyan tanárok, akik május óta nem kapták meg a nekik járó fizetéseket, és már odáig süllyedt az oktatási rendszer, hogy a szülőktől kérnek osztálypénzt arra, hogy működtessék egyáltalán az iskolát.</seg>
<seg xml:id="AC7_7104.2">Az Arany János-programban nagyon súlyos nehézségek vannak szintén, szegény sorsú gyerekek nem tudnak elmenni nyelvvizsgázni, nem tudnak jogosítványt szerezni, pedig a program során finanszírozták a felkészülésüket erre, azonban, mire odaértek volna, hogy megszerezzék a jogosítványt vagy a nyelvvizsgát, elfogyott a pénz, azt nem tudták befizetni. Olyan is előfordult, hogy erdélyi utat kellett lemondaniuk osztályoknak pont azért, mert bár az Arany János-programban a központi költségvetés biztosítja a finanszírozást, a KLIK nem fizeti ki az iskoláknak.</seg>
<seg xml:id="AC7_7104.3">Államtitkár úr, hol tűnik el ez a pénz? Ki a felelős azért, hogy a központi költségvetéstől a KLIK-en keresztül nem jut el az iskolákhoz? Látható, hogy a KLIK kevesebbet fordít az iskolák működtetésére, mint amennyit elkér tőlük, így számos önkormányzat azon gondolkodik, hogy szeretné a működtetést visszakapni, amelyet a KLIK-nek adtak; ott is eltűnik a pénz.</seg>
<seg xml:id="AC7_7104.4">(17.30)</seg>
<seg xml:id="AC7_7104.5">Óriási problémák vannak tehát az oktatási rendszerben, a KLIK nem váltotta be a hozzáfűzött reményeket, hiába mondta azt a kormányzat, hogy egy sikertörténetről van szó, állandósultak a problémák, a kifizetések nem jutnak el a pedagógusokhoz, akiknek ez a néhány ezer forint is nagyon sokat jelent. Államtitkár úr, ki a felelős mindezért? Várom válaszát</seg>
<kinesic type="applause"><desc>Taps a Jobbik soraiból.</desc></kinesic>
</u>
        <u xml:id="ParlaMint-HU_2015-11-02-urgent_question-AC7_7105" who="#DánielZ.Kárpát" ana="#regular"><note>Z. KÁRPÁT DÁNIEL (Jobbik):</note>
<seg xml:id="AC7_7105.1">Tisztelt Elnök Úr! Tisztelt Ház! A devizahiteles helyzettel kapcsolatos úgynevezett rendezési folyamat végén a károsultak talán a magáncsőd vagy családi csődvédelem intézményétől várták a csodát, még akkor is, ha ez több év csúszással, öt év tötymörgést, időhúzást követően került be a Ház elé. Láthatjuk ugyanakkor, hogy miközben nemcsak a kormányzat, de a Magyar Nemzeti Bank egyik ügyvezető igazgatója is mintegy 20-25 ezer lehetséges igénybevevőről beszélt, aki a családi csődvédelem vagy magáncsőd intézményében kedvezményekre, könnyítésre számíthat, elképesztő módon az aláírt szerződések száma valahol száz körül ingázhat, és további pár száz állhat előkészítés alatt, de a teljes károsulti létszámhoz képest ez egészen elképesztően alacsony szám.</seg>
<seg xml:id="AC7_7105.2">Azt is láthatjuk, hogy egy póthatáridő kitűzésével a kormány próbálja menteni a menthetetlent, de a számok nem hazudnak, mintegy 626 millió forintot költött eddig a magáncsőd rendszerére az a kormányzat, amely ha az érintett száz aláírt személynek a teljes tartozását kiegyenlítette és kifizette volna, olcsóbban kijött volna a végszámlából, mint így, ezen a módon, ahol önmagára és a rendszerre tulajdonképpen teljesen feleslegesen elköltöttek ennyi pénzt. Nem azt mondjuk, hogy ki kell fizetni a tartozást ezek helyett az emberek helyett, hanem mi mindig is azt mondtuk, hogy csak az indokolt tartozásukat fizessék ki, tehát a bankok által rárakott büntetőkamatokat, adókat és igazságtalan tételeket vegyük le az emberekről. De az egészen elképesztő, hogy miközben 140 ezer család nem tud teljes mértékben normálisan törleszteni, fizetni, jórészt önhibájukon kívül kerültek ebbe a helyzetbe, hiszen a kormány legalizálta az emberek nyakába rakott büntetőtételeket, és a forintosítás az úgynevezett elszámolás során és nem a felvételkori árfolyamon forintosított, hanem a bankoknak sokkal inkább kedvező módon.</seg>
<seg xml:id="AC7_7105.3">Adódik tehát a kérdés: ha 140 ezer család volna olyan helyzetben, hogy indokolt lenne esetében a segítség, akkor miért csak száz esetben sikerült látszólagos segítségnyújtást biztosítani, amikor még a 10 ezer is kevés volna</seg>
<kinesic type="applause"><desc>Taps a Jobbik soraiban.</desc></kinesic>
</u>
        <u xml:id="ParlaMint-HU_2015-11-02-urgent_question-AC7_7107" who="#IstvánIkotity" ana="#regular"><note>IKOTITY ISTVÁN (LMP):</note>
<seg xml:id="AC7_7107.1">Köszönöm, elnök úr. Tisztelt Államtitkár Úr! A 2013-ban elinduló pedagógus-életpályamodell jelentősen fokozta a pedagógusok terheit. A kötelező óraszámok és az iskolákban kötelezően eltöltött idő megemelése az egyébként is féloldalas béremelést szintén más megvilágításba helyezi.</seg>
<seg xml:id="AC7_7107.2">A pedagógusok terhelését hiába kifogásolta a Pedagóguskar vagy a szakszervezetek, egyelőre nem foglalkoznak a problémával. Még Aáry-Tamás Lajos, az oktatási jogok biztosa is elmondta a tavaly decemberi parlamenti bizottsági meghallgatásán, hogy „A fáradtságnak és a kimerültségnek olyan jeleit látom a közoktatásban, amit - mondom - júniusban megszokottnak tekinthettünk, de most legalábbis meglepő, nem tudok magyarázatot adni a helyzetre.”</seg>
<seg xml:id="AC7_7107.3">Az LMP kérdéseire adott kormányzati válaszból - ezek írásbeli kérdések voltak - most újra bebizonyosodott a pedagógusok túlterhelése, de az is, hogy milyen igazságtalan a munkaterhek elosztása. Az LMP kiderítette, hogy a pedagógusok kétharmadának 24 vagy még több órát kell tanítania, ami jóval több, mint az életpályamodell előtti rendszerben. Mindannyian tudjuk, hogy heti 24, 25, 26 órára felkészülni milyen komoly erőfeszítés, sok-sok további munkaórát igényel, ha azt valaki komolyan veszi. Ezt erősítette meg a Pedagógusok Szakszervezetének korábbi felmérése is.</seg>
<seg xml:id="AC7_7107.4">Szerintünk tarthatatlan az a helyzet, hogy már ősszel elfáradnak és kimerülnek a pedagógusok. Ennek a gyerekek fogják leginkább kárát látni. Újra azt javasoljuk, hogy mielőbb vizsgálják felül a Nemzeti alaptantervet és a pedagógusok munkaterhelését is. Ne kenjék el azzal a problémát, hogy a munkaidő-statisztikákat elemzik, ez nem fog megoldásra vezetni!</seg>
<seg xml:id="AC7_7107.5">Tisztelt Államtitkár Úr! Hajlandók-e végre korábbi téves döntéseik felülvizsgálatára? Mikor mérik fel független résztvevővel a pedagógusok munkaterhelését? Mikor készítik el az új munkaidő-szabályozásokat? Várom válaszát</seg>
<kinesic type="applause"><desc>Taps az LMP soraiból.</desc></kinesic>
</u>
        <u xml:id="ParlaMint-HU_2015-11-02-urgent_question-AC7_7108" who="#IstvánIkotity" ana="#regular"><note>IKOTITY ISTVÁN (LMP):</note>
<seg xml:id="AC7_7108.1">Köszönöm, elnök úr. Tisztelt Államtitkár Úr! A minisztérium honlapján október 19-én megjelent egy törvényjavaslat, többek között az elektronikus egészségügyi szolgáltatási tér, az ESZT létrehozásáról rendelkezik, amely valamennyi állampolgár egészségügyi adatát gyűjtené össze.</seg>
<seg xml:id="AC7_7108.2">Az elmúlt időszakban már a második olyan országos adatbázis létrehozásáról szóló tervezetről van szó, amely érzékeny személyes adatokról rendelkezik. Ahogyan az arcképadat-nyilvántartásnak, úgy az egészségügyi adatok nyilvántartásának is vannak teljesen racionális indokai, például, hogy ne kelljen egyes vizsgálatokra méretes dokumentumcsomaggal menniük az embereknek.</seg>
<seg xml:id="AC7_7108.3">(18.10)</seg>
<seg xml:id="AC7_7108.4">A hírek szerint azonban a saját egészségügyi adataink gazdái nem mi magunk leszünk, nem mi döntjük majd el, hogy azokat pontosan ki és mire használja fel.</seg>
<seg xml:id="AC7_7108.5">A tervezett szabályozás szerint az adatok átvétele után sem a bíróság, sem a NAIH nem avatkozhat majd be az adatokkal végzett folyamatokba, ami sérti az Európa Tanács adatvédelmi egyezményének egyes rendelkezéseit, az Unió adatvédelmi irányelvét és természetesen az alapvető emberi jogokat leíró egyezményeket, köztük az emberi jogok európai egyezményét és az alapvető jogok chartáját.</seg>
<seg xml:id="AC7_7108.6">Az új adatbázisban minden egyes laboreredmény, szöveges anamnézis, az összes képalkotó eljárással készült kép, a vizsgálatok összes megállapítása szerepelne. Megjegyzem, ez nem lesz egy egyszerű technikai feladat. A kórházak csatlakozásának feltétele, hogy a náluk húsz év alatt felhalmozódott zárójelentéseket, ambulánslapokat, leleteket, képalkotó diagnosztikai ellátásokat, műtéti leírásokat átadják.</seg>
<seg xml:id="AC7_7108.7">Kérdezem az államtitkár urat, hogy kikérték-e minderről a NAIH véleményét. Készültek-e hatástanulmányok? Komolyan gondolják-e, hogy a polgárok nem rendelkezhetnek saját személyes egészségügyi adataikkal? Várom válaszát</seg>
<kinesic type="applause"><desc>Taps a Jobbik padsoraiból.</desc></kinesic>
</u>
        <u xml:id="ParlaMint-HU_2015-11-02-urgent_question-AC7_7110" who="#JózsefAttilaMóring" ana="#regular"><note>MÓRING JÓZSEF ATTILA (KDNP):</note>
<seg xml:id="AC7_7110.1">Köszönöm a szót. Tisztelt Elnök Úr! Tisztelt Ház! Tisztelt Államtitkár Úr! Nagy fába vágja a fejszéjét az, aki a rászorulók téli fűtését meg akarja oldani. A szocialista kormányok számára biztos nagy volt a fa már ránézésre is, hiszen ők kormányzásuk idején ezt meg sem próbálták.</seg>
<seg xml:id="AC7_7110.2">Az Orbán-kormány 2011-ben indította el a szociálisan rászorulók téli fűtését könnyítő programot. Az 5 ezer lakosnál kisebb települések állami támogatást kaptak ahhoz, hogy a lakosság rászoruló részének térítésmentesen adhassanak tüzelőt. Ekkor 900 millió forint volt a megpályázható összeg, amelyhez csekély, mintegy 10 százalékos önerő szükségeltetett, illetve a házhoz szállítást kellett megszervezni, amit az önkormányzatok meg is oldottak. Tudjuk, hogy a helyhatóságok szükség szerint a tűzifa felfűrészelésében és sok esetben a hasogatásban is segítettek. Az azóta rendelkezésre álló forrás összege folyamatosan emelkedett, a többszörösére, és a támogatási forma pedig az elmúlt évben kibővült a barnakőszénnel.</seg>
<seg xml:id="AC7_7110.3">Tisztelt Államtitkár Úr! A fűtési szezon elindult, tél tábornok megint kopogtat az ajtóinkon. Éppen ezért tisztelettel kérdezem, idén hány önkormányzat jut kedvezményesen tűzifához vagy barnakőszénhez, hozzájutnak-e az önkormányzatok a támogatáshoz még az igazi tél beállta előtt. Várom megtisztelő válaszát.</seg>
</u>
        <u xml:id="ParlaMint-HU_2015-11-02-urgent_question-AC7_7111" who="#JózsefTóbiás" ana="#regular"><note>TÓBIÁS JÓZSEF (MSZP):</note>
<seg xml:id="AC7_7111.1">Köszönöm a szót, elnök úr. Tisztelt Ház! Tisztelt Miniszter Úr! Elnökünk, Göncz Árpád, az 1956-os forradalom hősének ötletére készült el Lugossy Mária gyönyörű alkotása, A forradalom lángja, amely itt állt a Kossuth téren majdnem két évtizeden át. Évközben őrizte a lángot, de október 23-a és november 4-e között fellobogott, jelezte, hogy a nemzet főterének és vele együtt minden magyarnak a szívében 1956 hogyan szerepel.</seg>
<seg xml:id="AC7_7111.2">Itt lobogna ma is, ha lehetne. De nincs itt, mert amikor önök átalakították a Kossuth teret, bár ígérték, mégis az 1944 előtti állapotot kívánták rekonstruálni, és A forradalom lángját elvitték, amelyet szégyenszemre egy vidéki kőfaragó telepen tárolnak - nem tudjuk, mi lesz a sorsa -, itt lelte fel Göncz Árpád egykori társa a forradalomban és a rabságban, Mécs Imre.</seg>
<seg xml:id="AC7_7111.3">Értjük, hogy önök nagyon messze kerültek ’56 ethoszától, a forradalométól, amelyben munkástanácsok alakultak, a forradalomtól, amelyben a nép hallatta a hangját, ahol a Petőfi-kör értelmisége, a pesti srácok, a munkások fogtak össze; a forradalométól, amely azt kívánta, hogy hazánk legyen független, az orosz katonák hagyják el hazánkat, legyünk szuverén ország, amelyben ma Magyarországon a közmédia úgy viselkedik, mint egy moszkvai rádió hangja, ahol homályos üzleti ügyek vannak Moszkva és a magyar kormány körei között. A nemzet számára azonban a forradalom szent, és a nemzet elsöprő többségének Göncz Árpád marad ma is „a” köztársasági elnök.</seg>
<seg xml:id="AC7_7111.4">Arra kérem a tisztelt miniszter urat, legyen annyi tisztesség és jóakarat önökben, hogy A forradalom lángját helyezzék vissza oda, ahová való, a Kossuth térre. Önök szeretik úgy hívni, hogy a Nemzet Főtere, töltsék meg ezt némi tartalommal, állítsák helyére A forradalom lángját! Köszönöm</seg>
<kinesic type="applause"><desc>Taps az MSZP soraiban.</desc></kinesic>
</u>
        <u xml:id="ParlaMint-HU_2015-11-02-urgent_question-AC7_7112" who="#LászlóVarga" ana="#regular"><note>DR. VARGA LÁSZLÓ (MSZP):</note>
<seg xml:id="AC7_7112.1">Köszönöm, elnök úr. Tisztelt Államtitkár Úr! Lázár János miniszter úr a 2015. október 15-ei kormányinfón a következőket mondta: „A társadalombiztosítási nyugellátási rendszerben meglévő számla arra alkalmas, hogy az ember számára befizetett járulék és az eltöltött évek arányában a nyugdíj összegét megállapítsa. Az, amit számon kérnek rajtunk, hogy a magánnyugdíj-pénztári megtakarítással kapcsolatosan nyilvántartsa ezeket, ezzel összeegyeztethetetlen, ennek a rendszernek nem ez a célja.”</seg>
<seg xml:id="AC7_7112.2">Még egy idézet Orbán Viktortól, 2011. február 2.: „Ebben az évben a magyar nyugdíjrendszer is átáll az egyéni számlán vezetett nyugdíjrendszerre.” Egy harmadik, egyébként egy mai napig hatályos kormányhatározatból: „A kormány egyetért azzal, hogy a társadalombiztosítási nyugdíjrendszerbe átlépő magánnyugdíj-pénztári tag egyéni számlán nyilvántartott, felhalmozott nyugdíjcélú megtakarítása az átlépést követően egyéni számlán kerüljön nyilvántartásra.”</seg>
<seg xml:id="AC7_7112.3">(17.50)</seg>
<seg xml:id="AC7_7112.4">Ez 2010 decemberéből való, csakúgy, mint a kötelező magánnyugdíj-pénztári tagok védelméről szóló politikai nyilatkozat, amelyben az szerepel, hogy garantálni kell az egyéni számlavezetés intézményét az állami nyugdíjrendszerbe átlépő korábbi kötelező magánnyugdíj-pénztári tagoknak. Ezek sarkos mondatok. Nem véletlenül mondom ezt, hiszen 3000 milliárdnyi megtakarítását vették el 3 millió magyar embernek, amikor megszüntették a magánnyugdíjpénztárakat. Ez a pénz mára eltűnt, nem áll rendelkezésre, az ő nyugdíjvárományuk ilyen módon jelentősen szűkült és csorbult. Megígérték az egyéni számlát. Még egyszer hangsúlyozom, mi az egész szétveréssel nem értettünk egyet, de ha már megígérték az egyéni számlát, akkor azt vártuk volna, hogy ezt az ígéretüket teljesítik. Erre várt ez a 3 millió ember is.</seg>
<seg xml:id="AC7_7112.5">Adódik a kérdés, tisztelt államtitkár úr: hová tűnt a pénz, és mi lesz végre az egyéni számlákkal? Köszönöm, elnök úr</seg>
<kinesic type="applause"><desc>Taps az MSZP soraiban.</desc></kinesic>
</u>
        <u xml:id="ParlaMint-HU_2015-11-02-urgent_question-AC7_7113" who="#AnitaHeringes" ana="#regular"><note>HERINGES ANITA (MSZP):</note>
<seg xml:id="AC7_7113.1">Köszönöm szépen. Tisztelt Miniszter Úr! Nyugtasson meg, hogy a múlt héten megjelent cikkek a Központi Nukleáris Pénzügyi Alap befagyasztásáról csak egy hirtelen jött rossz ötlet volt, amire azóta önök is rájöttek, hogy rossz ötlet. 1998-ban az akkori felelősségteljes döntéshozók jóvoltából egy kormányváltásoktól független Nukleáris Pénzügyi Alap jött létre, melynek fő célja az volt, hogy a radioaktív hulladékok végleges elhelyezésének, a kiégett üzemanyagok átmeneti tárolásának és a nukleáris létesítmények leszerelésének a finanszírozását ne a jövő generációjának kelljen megfizetni, hanem előre takarékoskodjuk ki. Az alapba a Paksi Atomerőmű minden évben 21 milliárd forintot fizetett be, így a tavalyi év végén 17 év alatt 243 milliárd forint gyűlt össze a kasszában.</seg>
<seg xml:id="AC7_7113.2">A múlt héten megjelent cikkek szerint a Miniszterelnökség egy vitaanyagában az atomerőmű befizetésének leállítása szerepel, és az így felszabadult pénzből a 2017. évben, gondolom, nem véletlenül a választások előtt egy évvel kampányeszközként rezsicsökkentésre fordítanák az itt lévő pénzt, amit a Paksi Atomerőmű befizetne a következő időszakban.</seg>
<seg xml:id="AC7_7113.3">Csakhogy ez, miniszter úr, nem egy talált pénz az állam egyik zsebében, mert az így kivett pénz később hiányozni fog. Idővel a gyermekeinknek ezt a pénzt ki kell majd valahonnan pótolniuk. Miniszter úr, ez erkölcsi kérdés is, hiszen az elődeink előre gondolkodtak és félreraktak. Ezt a jelenben nem lehet elherdálni. Az a gondolkodásmód, ami az ön kormányának gondolkodása, hogy majd a jövőben megoldja, aki akarja, ebben a dologban felelőtlenség lenne, miniszter úr.</seg>
<seg xml:id="AC7_7113.4">Nyugtasson meg, az atomerőmű kérdésében ennél felelősségteljesebben gondolkodnak a jövőről. Várom válaszát</seg>
<kinesic type="applause"><desc>Taps az MSZP soraiban.</desc></kinesic>
</u>
        <u xml:id="ParlaMint-HU_2015-11-02-urgent_question-AC7_7114" who="#LászlóPósán" ana="#regular"><note>DR. PÓSÁN LÁSZLÓ (Fidesz):</note>
<seg xml:id="AC7_7114.1">Köszönöm szépen, elnök úr. Tisztelt Államtitkár Úr! Hosszú időre visszatekintő probléma, hogy a felsőoktatás összességében eladósodott, az intézmények minden évben hangot is adtak meg adnak annak, hogy nem jönnek ki az állami támogatásból. Ám a szocialista kormányok 2004-től kezdődő megszorításai - emlékszünk a Draskovics-csomagokra - éveken át egyre magasabb bevétellel próbálták a lyukakat tömködni, de ez csak arra volt elég, hogy egyfajta szinten tartást tudjanak megvalósítani, ám sok esetben még ezt sem, hiszen jelentős létszámleépítésekre is kényszerültek.</seg>
<seg xml:id="AC7_7114.2">Tovább súlyosbította a felsőoktatás helyzetét, amikor elkezdődtek a PPP-beruházások, illetve majd azt követően azoknak a törlesztései, amibe szintén a szocialista kormányok rángatták bele a felsőoktatást; különösen akkor kerültek nehéz helyzetbe, amikor kiderült, milyen kockázatot vállaltak a felvett devizahitelekkel. A magyar polgárok mára már értik, mit jelenthetett ez, hiszen sokan a bőrükön érezhették annak az elviselhetetlenségét, hogy minél tovább törlesztenek, annál többel tartoznak. További terhet jelentett, hogy mire a PPP-konstrukcióban elindított beruházások elkészültek, a demográfiai csökkenés hatására a felsőoktatás egy részében kapacitásfelesleg alakult ki, így volt olyan intézmény, amely azonnal bérbe is adta az újonnan elkészült épületet, épületrészt, mert egész egyszerűen nem tudta kihasználni, ám így is igen magasnak bizonyult a törlesztőrészleteket megfejelő fenntartás költsége.</seg>
<seg xml:id="AC7_7114.3">Érthető, hogy mindezek miatt folyamatosan napirenden volt a meglévő felsőoktatási intézményrendszer teljes körű fenntarthatatlansága, amit a szocialista kormány 2006-ban a hallgatói tandíj bevezetésével akart kezelni, és amit később népszavazás hiúsított meg. Jogos elégedetlenséget szült az is, hogy eközben hosszú-hosszú évek óta a felsőoktatási bérek nem nőttek, sőt a Bajnai-kormány idején még csökkentek is, hiszen a 13. havi bért elvonták, mindezzel veszélyeztetve az oktatói-kutatói utánpótlást is.</seg>
<seg xml:id="AC7_7114.4">Tisztelt Államtitkár Úr! Milyen intézkedéseket hozott a tárca a felsőoktatás pénzügyi helyzetének megszilárdítására</seg>
<kinesic type="signal"><desc>Az elnök csengetéssel jelzi az időkeret leteltét.</desc></kinesic>
<seg xml:id="AC7_7114.5">Hozott-e a bevezetett kancelláriai rendszer kézzelfogható eredményt? És lát-e lehetőséget a pénzügyi helyzet további stabilizálására? Köszönöm szépen.</seg>
</u>
      </div>
    </body>
  </text>
</TEI>
