<?xml version="1.0"?>
<TEI xmlns="http://www.tei-c.org/ns/1.0" xml:id="ParlaMint-HU_2014-10-20" xml:lang="hu" ana="#parla.sitting #reference">
  <teiHeader>
    <fileDesc>
      <titleStmt>
        <title xml:lang="hu" type="main">A Magyar Országgyűlés Korpusza ParlaMint-HU 2014-10-20 [ParlaMint]</title>
        <title xml:lang="en" type="main">Hungarian parliamentary corpus ParlaMint-HU 2014-10-20 [ParlaMint]</title>
        <title xml:lang="hu" type="sub">A Magyar Országgyűlés ülései, 7. ciklus</title>
        <title xml:lang="en" type="sub">Minutes of the National Assembly of Hungary, Term 7</title>
        <meeting ana="#parla.term" corresp="#OGY" n="7">7. ciklus</meeting>
        <respStmt>
          <persName>Miklós Sebők</persName>
          <persName>Orsolya Ring</persName>
          <resp xml:lang="hu">Parla-CLARIN TEI XML korpusz létrehozása</resp>
          <resp xml:lang="en">Parla-CLARIN TEI XML corpus encoding</resp>
        </respStmt>
        <funder>
          <orgName xml:lang="hu">CLARIN Kutatási Infrastuktúra</orgName>
          <orgName xml:lang="en">The CLARIN research infrastructure</orgName>
        </funder>
        <funder>
          <orgName xml:lang="hu">Társadalomtudományi Kutatóközpont, Eötvös Loránd Kutatási Hálózat</orgName>
          <orgName xml:lang="en">Centre for Social Sciences, Eötvös Loránd Research Network</orgName>
        </funder>
      </titleStmt>
      <editionStmt>
        <edition>2.0</edition>
      </editionStmt>
      <extent>
        <measure xml:lang="hu" quantity="19" unit="speeches">19 beszéd</measure>
        <measure xml:lang="en" quantity="19" unit="speeches">19 speeches</measure>
        <measure xml:lang="hu" quantity="6603" unit="words">6603 szó</measure>
        <measure xml:lang="en" quantity="6603" unit="words">6603 words</measure>
      </extent>
      <publicationStmt>
        <publisher>
          <orgName xml:lang="hu">CLARIN Kutatási Infrastuktúra</orgName>
          <orgName xml:lang="en">CLARIN research infrastructure</orgName>
          <ref target="https://www.clarin.eu/">www.clarin.eu</ref>
        </publisher>
        <idno type="handle">http://hdl.handle.net/11356/1388</idno>
        <pubPlace>
          <ref target="http://hdl.handle.net/11356/1388">http://hdl.handle.net/11356/1388</ref>
        </pubPlace>
        <availability status="free">
          <licence>http://creativecommons.org/licenses/by/4.0/</licence>
          <p xml:lang="hu">
            Ez a munka az alábbi licence alapján használható
            <ref target="http://creativecommons.org/licenses/by/4.0/">Creative Commons Attribution 4.0 International License</ref>
          </p>
          <p xml:lang="en">
            This work is licensed under the
            <ref target="http://creativecommons.org/licenses/by/4.0/">Creative Commons Attribution 4.0 International License</ref>
          </p>
        </availability>
        <date when="2021-03-31">2021. 03. 31.</date>
      </publicationStmt>
      <sourceDesc>
        <bibl>
          <title xml:lang="hu" type="main">A Magyar Országgyűlés ülései</title>
          <title xml:lang="en" type="main">Minutes of the National Assembly of Hungary</title>
          <idno type="URI">https://https://www.parlament.hu/ </idno>
          <date when="2014-10-20">2014. 10. 20.</date>
        </bibl>
      </sourceDesc>
    </fileDesc>
    <encodingDesc>
      <projectDesc>
        <p>
          <ref target="https://www.clarin.eu/content/parlamint">ParlaMint</ref>
        </p>
      </projectDesc>
      <tagsDecl>
        <namespace name="http://www.tei-c.org/ns/1.0">
          <tagUsage gi="text" occurs="1"/>
          <tagUsage gi="body" occurs="1"/>
          <tagUsage gi="div" occurs="1"/>
          <tagUsage gi="u" occurs="19"/>
          <tagUsage gi="seg" occurs="79"/>
          <tagUsage gi="kinesic" occurs="24"/>
        </namespace>
      </tagsDecl>
    </encodingDesc>
    <profileDesc>
      <settingDesc>
        <setting>
          <name type="address">Kossuth Lajos tér 1-3.</name>
          <name type="city">Budapest</name>
          <name type="country" key="HU">Magyarország</name>
          <date ana="#parla.sitting" when="2014-10-20">2014-10-20</date>
        </setting>
      </settingDesc>
    </profileDesc>
  </teiHeader>
  <text xml:lang="hu" ana="#reference">
    <body>
      <div type="debateSection">
        <u xml:id="ParlaMint-HU_2014-10-20-interpellation-IC7_1518" who="#TamásAttilaHarangozó" ana="#regular"><note>DR. HARANGOZÓ TAMÁS ATTILA (MSZP):</note>
<seg xml:id="IC7_1518.1">Köszönöm a szót, elnök úr. Tisztelt Országgyűlés! 2010 tavaszán Orbán Viktor kormányprogramjában jó fizetséget és olyan karrierpályát ígért a rendőröknek, idézem: „amelybe a kiszámítható és biztos jövedelemmel járó előmenetel vagy a lakáshelyzet megoldása egyformán beletartozik.” A kormányváltást követően meg is kezdték a tárgyalásokat egy új hivatásos életpályamodell bevezetéséről. Azonban ezek a tárgyalások néhány hónapon belül megszakadtak, és a jó fizetség helyett illetménybefagyasztás, kiszámítható előmenetel helyett a szolgálati nyugdíj megszüntetése következett.Most, négy évvel később ismét a hivatásos életpályamodell ígéretével álltak elő. Újra egyeztetnek a szakszervezetekkel, van a feladatra kinevezett kormánybiztosuk, sőt egy komplett minisztériumi főosztályt is létrehoztak. Meg persze ott van az ezerszer elkoptatott ígéret, hogy majd minden rendészeti dolgozónak sokkal jobb lesz. A konkrétumok azonban továbbra is hiányoznak. Így nem ismert, hogy ismét bevezetnek-e egyfajta szolgálati nyugdíjrendszert, vagy továbbra is azt várják, hogy rendőrök, vonulós tűzoltók vagy a bv-felügyelők 60 éves korukig aktív szolgálatot teljesítsenek. Bár csak napok vannak hátra a jövő évi költségvetés benyújtásáig, nem ismert az sem, szánnak-e többletforrásokat az új illetményrendszer bevezetésére.Az MSZP álláspontja jól ismert ezekben a kérdésekben. Nincs új előmeneteli rendszer ésszerűen szabályozott szolgálati nyugdíjrendszer nélkül, sem érdemi illetményfejlesztés jelentős költségvetési többletforrások nélkül. Négy év kormányzás és ígérgetés után még az életpályamodell bevezetésének menetrendje sem látszik. Ezekre a konkrétumokra még az Országgyűlés szakbizottságának sincs rálátása, holott miniszter úr kinevezése előtti meghallgatásán ígéretet tett a bizottság előzetes tájékoztatására és bevonására.Ezért kérem államtitkár urat, adjon tájékoztatást az életpályamodell kidolgozásának és bevezetésének menetrendjéről. Mikorra készíti el a Belügyminisztérium a tervezetet? Mikor kerülhet sor annak közigazgatási egyeztetésére? Ígéretükhöz híven be fogják-e mutatni a terveket a Honvédelmi és rendészeti bizottságnak, és ha igen, mikor kerül erre sor? Mi az életpályamodell bevezetésének konkrét céldátuma? Mennyi többletforrást biztosítanak az életpályamodell bevezetésével együtt járó illetményemelésre? Itt a lehetőség, hogy a konkrét menetrend ismertetésével bizonyítsák az irányításuk alatt álló több tízezres hivatásos állománynak, hogy ezúttal valóban komolyan gondolják az új életpályamodell bevezetését; itt a lehetőség, hogy bemutassák, mennyi pénzt sikerült kiharcolniuk a kormánytól a rendészeti dolgozók illetményének rendezésére. Várom válaszát, államtitkár úr</seg>
<kinesic type="applause"><desc>Szórványos taps az MSZP soraiban.</desc></kinesic>
</u>
        <u xml:id="ParlaMint-HU_2014-10-20-interpellation-IC7_1522" who="#NándorGúr" ana="#regular"><note>GÚR NÁNDOR (MSZP):</note>
<seg xml:id="IC7_1522.1">Köszönöm szépen, alelnök úr. A Magyar Szakszervezetek Szövetsége úgy két héttel ezelőtt tüntetést tartott a Nemzetgazdasági Minisztérium épülete előtt. Közben Orbán a parlament falai között papolt a munka világáról. Most már látom, Bánki Erik is tudja követni őt, hogy a statisztikák hogyan és miként alakulnak. Igen, Bánki úr, a statisztikák rendben vannak. Csak a statisztika és a valóság nagyon messze van egymástól! Tudja, a szakszervezetek nem véletlenül tiltakoznak, mondjuk, azzal kapcsolatban, hogy a kollektív szerződések hogyan érvényesülnek ebben az országban, hogy olyan munka törvénykönyvet szültek, amelynek keretei között gyakorlatilag a kollektív szerződések az állami cégek esetén nem téríthetők el pozitívabban a munka törvénykönyve alapszabályaitól. Azt gondolom, a kollektív szerződésnek nem ez a lényege.(15.50)Ráadásul önök a közalkalmazottak tekintetében a kollektív szerződés működését sem biztosítják. De nem akarok csak a kollektív szerződéssel foglalkozni, hogy miért tiltakoznak a szakszervezetek.A figyelmüket is megpróbálják felhívni, de ezzel együtt az emlékezőtehetségüket is megpróbálják erősíteni, például arra, hogy a munkaadóknak és a kormánynak együttesen állni kell a szavát. Azt a szavát, amelyet a korábbiakban adott a munkavállalói jogok érvényesülése érdekében. És tudják, miért fontos ez? Egyszerűen azért, hogy munkabéke legyen ebben az országban. Azért, hogy az emberek tisztes jövedelemhez jussanak, és a normális megélhetésük adott legyen. No, ez hiányzik az elmúlt négy esztendőből nagyon sok ember esetében! Nem tíz-, nem százezer ember esetében; milliós nagyságrendben az emberek esetében. És persze, hozzáteszem, hogy az emlékezésen túl nyilván figyelmeztetnek; figyelmeztetnek arra, hogy például a korengedményes nyugdíjazás, a korkedvezményes nyugdíjazás vagy épp a közalkalmazotti bértábla, de nézhetjük a köztisztviselői illetményalap kérdését, hogyan és miképpen alakul. Tudják, önök azoktól az emberektől veszik el az engedményeket, akik akár melegüzemi, akár sugárveszély keretei között és a bányákban és sok egyéb más ilyen típusú tevékenységet folytatva élik a mindennapjaikat. Tudják, önök azoknak nem adják meg a lehetőséget, akik helyett a munkaadók átvállalják a többletterheket, és egy összegben kifizetik előre, ami egyszerűen nonszensz, elfogadhatatlan, érthetetlen, hogy csak azért teszik, hogy az emberek biztonsága ne legyen meg. Nem értem, miért csinálják mindezt. El kellene gondolkodni ezen, hogyan és miképpen kell ezen változtatni.És mindazt, amit a szakszervezetek e tekintetben mondanak, azt, hogy ha mi az ellenzéki oldalról egy országgyűlési határozattervezet keretei között visszük be a parlament falai közé vagy akarjuk behozni a parlament falai közé, akkor zsigerből elutálják. Szóval a kérdés igazából az: miért csinálják mindezt? Miért nem akarják azt, hogy a 38 650 forintos, lassan öt éve befagyasztott, önök által működtetett köztisztviselői illetményalap változzon és nőjön? Miért nem akarják azt, hogy a kollektív szerződések normálisan az emberek érdekeit szolgálják? Miért nem akarják azt, hogy a kedvezmények - korengedmény, korkedvezmény ? működőképesek legyenek</seg>
<kinesic type="signal"><desc>Az elnök a csengő megkocogtatásával jelzi az időkeret leteltét.</desc></kinesic>
<seg xml:id="IC7_1522.2">Ezekre adjon választ, államtitkár úr! Köszönöm szépen</seg>
<kinesic type="applause"><desc>Taps az MSZP padsoraiban.</desc></kinesic>
</u>
        <u xml:id="ParlaMint-HU_2014-10-20-interpellation-IC7_1528" who="#ErikBánki" ana="#regular"><note>BÁNKI ERIK (Fidesz):</note>
<seg xml:id="IC7_1528.1">Köszönöm a szót. Tisztelt Elnök Úr! Tisztelt Képviselőtársaim! Tisztelt Államtitkár Úr! Bizonyára ön is, a Házban ülő képviselők is emlékeznek azokra az időkre, újabb képviselőknek feleleveníteném a 2002 és 2010 közötti időszakot, amikor szocialista kormányok irányították a magyar gazdaságpolitikát, amikor a gazdaságpolitikának egyetlen csodafegyvere volt, a megszorítások eszközrendszere. Sokáig az volt a természetes, hogy ha a gáz- vagy áramár emelkedéséről beszéltek, vagy éppen tisztességtelenül számoltak fel kamatokat a bankok, akkor a kormánypárti képviselők csak feltették a kezüket és azt mondták, hogy nem tudnak beavatkozni a piaci mechanizmusokba. Miközben a végtelenségig adóztatták a magyar cégeket és állampolgárokat, eközben sorra szűntek meg a vállalkozások és csökkentek a munkahelyek. Ezzel a gazdaságpolitikával szakított 2010-ben az Orbán-kormány, amikor elkezdett kiépíteni egy új magyar gazdaságpolitikai modellt. A nemzeti együttműködés kormánya volt az első Európában, amely a közteherviselés jegyében meg merte adóztatni a bankokat. Ez nemcsak jelképes összeget jelentett, hanem érdemi hozzájárulást a magyar költségvetéshez. Emlékezzünk csak vissza, tisztelt képviselőtársaim, hogy a bankadó bevezetése után micsoda óriási nyomás érte a magyar kormányt Európából és belföldön egyaránt. Mára érdekes módon Európa több országában átvették ezt a modellt, és ott is bevezették a bankadót a közteherviselés jegyében. Az új modell részei voltak azok az ágazati különadók is, amelyeket az energetikai cégeknek, a telekommunikációval foglalkozó, valamint a kiskereskedelmi tevékenységet végző társaságoknak kellett fizetniük azért, hogy ők is kivegyék a részüket a közteherviselésből. Eközben a kis- és közepes vállalkozók adóztatása jelentősen csökkent, és Európa legalacsonyabb szintű társaságiadó-mértékét dolgoztuk ki. Az új modell fontos eleme a foglalkoztatás bővítése és az eddig segélyből élők számára a közmunka lehetőségének biztosítása annak érdekében, hogy idővel a versenyszférában is munkába tudjanak állni. A magyar modell nem szokványos lépései meghozták az általunk várt eredményeket. Sikerült megállítani, majd csökkenteni az államadósság növekedését, az utolsó fillérig visszafizettük a Gyurcsány-kormány által felvett IMF-hitelt, és az ország 2013-ban, 9 év után kikerült a költségvetési túlzottdeficit-eljárás alól. Eközben bővült a foglalkoztatás, és elindult a nagy elosztórendszerek átalakítása. Hangsúlyozom: minderre a pénzt nem a bérből és fizetésből élők további terhelésével teremtette elő a kormány. Sereghajtóból így Európa éltanulói lettünk. Most már az IMF is kénytelen elismerni, amely még néhány éve megszorításokat követelt a magyar kormánytól, hogy igen, a magyar gazdasági modell működőképes, hiszen az idei évre 2 százalékra prognosztizált GDP-növekedést 3 százalékra módosították még ők is. A fentiekre való tekintettel kérdezem az államtitkár urat, mire számíthatunk a jövőben, a magyar gazdasági modell hogyan működik majd a következő évek során. Köszönöm szépen. Várom a megtisztelő válaszát</seg>
<kinesic type="applause"><desc>Taps a kormánypártok padsoraiból.</desc></kinesic>
</u>
        <u xml:id="ParlaMint-HU_2014-10-20-interpellation-IC7_1587" who="#IldikóBangónéBorbély" ana="#regular"><note>BANGÓNÉ BORBÉLY ILDIKÓ (MSZP):</note>
<seg xml:id="IC7_1587.1">Köszönöm, elnök úr. Tisztelt Miniszter Úr! A napokban derült ki, hogy a KSH nem hozza nyilvánosságra a szokott időben a szegénységi adatokat. Az Unió statisztikai hivatala azonban már nyilvánosságra hozta az előzetes adatokat, amiket egyébként feltehetően a magyar Statisztikai Hivataltól kell megkapnia. Az Eurostat szerint egy év alatt 2013-ra százezerrel nőtt a szegénységben és kirekesztésben élők száma, és a magyarok harmadának havi 65 ezer forintja sincs. A KSH késlekedésével kapcsolatos kérdésekre, miszerint vajon mi lehet az oka annak, hogy a választások előtt nem jelenteti meg a szegénységi adatokat, Németh Szilárd rezsibiztos így reagált: szerintem ez nem valós szám, én itt élek ebben a világban, és abszolút nem valós számokról beszélünk. Márpedig a magyar emberek saját szemükkel is látják, hogy milyen helyzetben vannak ma a családok, és milyen nélkülözésben élnek a gyerekek, miközben egyesek megmagyarázhatatlan vagyonra tesznek szert. Hiába titkolóznak, más hazai intézetek és nemzetközi kutatások is segítenek abban, hogy tisztán lássanak az emberek. A Tárkitól, az UNICEF-től és a Galluptól is tudjuk, hogy a gyerekekkel rendelkező családok majdnem felében fordult már elő az elmúlt egy évben, hogy nem tudták a szükséges élelmiszert megvásárolni maguknak és családjuknak. Az OECD-től tudjuk: annak ellenére nőtt a szegénység, hogy csökkentek a szociális kiadások. Az OECD által készített felmérés szerint Magyarország volt a legkeményebb a szociális kiadások megnyirbálásában, 2009 és ’13 között a GDP-hez viszonyítva 10 százalékkal csökkentette a kabinet ezen költségvetési kiadásokat, miközben azok az országok, ahol a gazdaság még nem állt helyre, inkább növelték azokat. Az egyik legfrissebb jelentés is lesújtó képet ad az országról. Magyarországgal kapcsolatban kiemelték, hogy aggasztóan negatív trendek érvényesülnek. A gyerekek és a fiatalkorúak 43 százalékát fenyegeti a szegénység és a társadalmi kirekesztés, és minden harmadik gyerek súlyos anyagi nélkülözés közepette él. A hírek szerint egy, a múlt héten történt kormányülésen tárgyaltak a szociális ellátórendszer átalakításáról, a sajtó információi szerint kormánypárti politikusok úgy nyilatkoztak, hogy Orbán Viktor célja az állami transzferek átalakítása, a szociális kiadások mérséklése.Emiatt kérdezem miniszter urat: tudott-e arról a kormány, hogy a KSH nem szándékozik a szokásos időben megjeleníteni a szegénységgel kapcsolatos adatokat? Ön szerint valósak-e az Eurostat adatai? Jól tudom-e, hogy az Eurostat a KSH-tól kapja az adatokat? Mit kívánnak tenni a magyarországi elszegényedés megállításáért és az elviselhetetlen mértékű gyermekszegénység felszámolásáért? Kérem, ne áltasson azzal minket, hogy a közmunkaprogram és a szociális kiadások csökkentése lesz erre a megoldás. Várom megtisztelő válaszát</seg>
<kinesic type="applause"><desc>Taps az MSZP soraiból.</desc></kinesic>
</u>
        <u xml:id="ParlaMint-HU_2014-10-20-interpellation-IC7_1589" who="#R.BenedekSallai" ana="#regular"><note>SCHMUCK ERZSÉBET (LMP):</note>
<seg xml:id="IC7_1589.1">Köszönöm, elnök úr. Tisztelt Országgyűlés! Az Orbán-kormány idehaza állandóan a magyar érdekekről, a multik megregulázásáról beszél, miközben lelkes támogatója a TTIP-nak, a világ eddigi legátfogóbb szabad kereskedelmi megállapodásának.A TTIP pontos tartalma nem ismert, mert azt az Európai Bizottság és az USA képviselői a közvélemény teljes kizárásával, de a legnagyobb multinacionális cégek és a vállalati lobbicsoportok közvetlen részvételével készítik elő. Annyi azonban a kiszivárgott információkból tudható, hogy például az Egyesült Államok tárgyalói számára az egyik nagyon fontos cél a szigorú európai GMO-szabályozás feloldása és a génmanipulált összetevőt tartalmazó élelmiszerek, takarmányok kötelező jelölésének eltörlése. Továbbá tudható, hogy az egyezmény lazítana a növényvédő szerek használatának korlátozásain. Idén májusban ? megerősített sajtóinformációk szerint ? többek között a klórral és peroxisavval fertőtlenített csirkék, a nem terápiás célú antibiotikumokkal takarmányozott marhák húsának európai engedélyezéséről tárgyaltak, hogy Európa itt is átvegye a lazább amerikai előírásokat. Az LMP szerint a magyar kormány nem asszisztálhat egy olyan szabad kereskedelmi megállapodáshoz, amely leépíti a meglévő európai környezet- és egészségvédelmi, illetve munkajogi garanciákat, de nem fogadható el az egyezmény a transzparencia teljes hiánya miatt sem. A magyar kormány az eddigi deklarációk szerint általánosságban támogatja az egyezményt, aminek oka a várt gazdasági növekedés, miközben a kormány által a Corvinus Egyetemtől megrendelt hatástanulmány szerint jó esetben 0,3-0,5 százaléknyi GDP-növekedés várható az egyezménytől, és az is nagyrészt az ipar meg a kereskedelem nemzetközi szereplőinél fog lecsapódni. Az LMP véleménye egyértelmű: szerintünk a magyar élelmiszerpiac, a meglévő élelmiszer-biztonsági, környezetvédelmi és munkajogi garanciák megőrzése a nemzeti érdek, nem pedig a szabad kereskedelem. A kormány képviselőitől pedig azt kérdezzük, hogy tudnak-e olyan magyar érdeket említeni, amely indokolttá teszi, hogy mindezt kockára tegyük a már eddig is túlságosan szabadjára engedett világkereskedelem további felszabadításáért.</seg>
</u>
        <u xml:id="ParlaMint-HU_2014-10-20-interpellation-IC7_1590" who="#LászlóFöldi" ana="#regular"><note>FÖLDI LÁSZLÓ (KDNP):</note>
<seg xml:id="IC7_1590.1">Köszönöm a szót, elnök úr. Tisztelt Elnök Úr! Tisztelt Államtitkár Úr! Tisztelt Képviselőtársaim! A 2013. év januárjában indult munkahelyvédelmi akcióterv fő célja a munkahelyek megvédése, megőrzése volt oly módon, hogy a munkáltatók adókedvezmények révén megtartsák alkalmazottaikat, és új munkavállalókat foglalkoztassanak.A munkahelyvédelmi akcióterv által megvalósuló kedvezmények és lehetőségek elősegítik és elősegítették, hogy a foglalkoztatásban az európai uniós átlagnál alacsonyabb aktivitással rendelkező 25 év alattiak, az 55 év felettiek, a szakképzetlenek, a tartós álláskeresők és a kisgyermekes munkavállalók részesüljenek előnyben. A nemrégiben közzétett adatok azt mutatják, hogy az akcióterv beváltotta a hozzá fűzött reményeket. Eddig több mint 890 ezer munkahelyet sikerült megerősíteni, melyek a támogatott csoportokat tekintve: 360 ezer 55 év feletti, minden harmadik munkavállaló alacsony iskolázottságú, minden ötödik munkavállaló, mintegy 170 ezer fő 25 év alatti pályakezdő és 40 ezer kisgyermekes édesanyát sikerült támogatni.Fontos kiemelni, hogy az akcióterv bevezetése 205 milliárd forinttal csökkentette a munkáltatók terheit. A terv közvetett eredményeként a gazdaság fehéredett, a vállalkozások pedig egyszerűbben vallhatják be jövedelmüket.Tisztelt Államtitkár Úr! A munkahelyvédelmi akcióterv mennyiben járult hozzá a munkanélküliség visszaszorításához, illetve várható-e a támogatottak számának további növekedése? Várom megtisztelő válaszát</seg>
<kinesic type="applause"><desc>Taps a kormánypártok soraiban.</desc></kinesic>
</u>
        <u xml:id="ParlaMint-HU_2014-10-20-interpellation-IC7_1593" who="#GyörgySzilágyi" ana="#regular"><note>SZILÁGYI GYÖRGY (Jobbik):</note>
<seg xml:id="IC7_1593.1">Köszönöm szépen a szót, elnök úr. Tisztelt Ház! A közelmúltban a népligeti teniszakadémián történt tragikus haláleset nemcsak a sportemberek számára volt letaglózó, hanem a teljes közvélemény felháborodását vonta maga után. Még inkább felháborító volt azonban olvasni azokat a nyilatkozatokat, amelyek az esettel kapcsolatos megütközéseket és megnyilatkozásokat alantas politikai támadásnak kívánták beállítani. Ugyanis itt éppen nem erről van szó. Sokkal inkább arról, vajon például az önök felelősségi körébe sorolt közlekedésrendészet mennyiben állt a helyzet magaslatán akkor, amikor hagyták, hogy egy igen nagy bázissal rendelkező, sportolóközönséget kiszolgáló sporttelepet különböző fizikai útakadályokkal úgy vegyenek körül, hogy azt mentőautóval se lehessen megközelíteni. Jóllehet, az üzemeltető több tucat írásos levél keretében éveken át hívta fel az illetékesek figyelmét a helyzet tarthatatlanságára, balesetveszélyes mivoltára, az esetleges mentés lehetetlenségére, önök a fülük botját sem mozgatták.(16.00)Most, hogy a veszélyhelyzet halálos tragédiához vezetett, György István, Budapest főváros kormánymegbízottja, Budapest egykori városüzemeltetésért felelős főpolgármester-helyettese nyílt levélben mindössze annyival intézi el az ügyet: „Az ominózus betonelemek az illegális behajtók elől a Népligetet és a Népligetben pihenni vágyókat védték, nem politikusokat.” A tagadás inkább beismerés. Széles körben ismert ugyanis, hogy a fizikai akadályok létesítésére éppen a szomszédos Taraliget-lakópark érdekében került sor, nem a Népligetben pihenni vágyókról van tehát szó, hanem valószínűle</seg>
<seg xml:id="IC7_1593.2">(Révész Máriusz közbekiált.)</seg>
<seg xml:id="IC7_1593.3">a lakóparkról, leginkább annak is politikus lakóiról. Az egyes ingatlanok tulajdoni lapjait ugyanis, ha megnézzük, arról tesznek tanúbizonyságot, hogy éppen itt szerzett magának lakást Kovács Róbert, Kőbánya fideszes polgármestere, továbbá az imént említett György István élettársa, de még a Fővárosi Közterület-fenntartó Zrt. gazdasági igazgatója, Vida István is. Az impozáns névsor láttán gyomorforgatónak tartom ? és azt gondolom, ezzel nem vagyok egyedül ? a Népligetben pihenni vágyókra történő hivatkozást.Eltekintve azonban mindettől, kérdezem öntől, hogy ha valóban cél a Népliget zöldterületként történő megőrzése és ennek érdekében a gépjárműforgalom kizárása, akkor a betonelemekkel történő hermetikus lezárás helyett közlekedésrendészeti szempontból nem lett volna-e helyesebb például sorompó alkalmazása. A Népliget nyugati oldala miért nem élvez hasonló védelmet, mint a lakópark és környéke? Az ottani gépjárműforgalom nem zavarja a pihenni vágyókat? Hány olyan közlekedésrendészeti szempontból elfogadhatatlan, lezárt területről van tudomása, amelyek jelenleg is súlyosan balesetveszélyes kockázatot hordoznak magukban? A konkrét esettel kapcsolatosan sor került-e vizsgálat elrendelésére a közlekedésrendészetnél a mulasztásért felelős személyek kilétének megállapítása végett, és amennyiben nem, úgy várható-e az eset teljes körű kivizsgálása? Itt nem arról van szó, hogy kampány van vagy nincs kampány, vége van a kampánynak, egy ember meghal</seg>
<kinesic type="noise"><desc>Révész Máriusz közbeszól.</desc></kinesic>
<seg xml:id="IC7_1593.4">, szeretnénk megtudni az okokat, és szeretnénk megtudni az önök válaszát erre</seg>
<kinesic type="applause"><desc>Taps a Jobbik soraiban.</desc></kinesic>
</u>
        <u xml:id="ParlaMint-HU_2014-10-20-interpellation-IC7_1600" who="#ZoltánMagyar" ana="#regular"><note>MAGYAR ZOLTÁN (Jobbik):</note>
<seg xml:id="IC7_1600.1">Köszönöm a szót, elnök úr. Tisztelt Ház! Tisztelt Államtitkár Úr! Mélységesen felháborító az a hír, hogy az állampolgárok személyi jövedelemadójának parlagfűirtásra befolyt összegeit a felajánlók megkérdezése nélkül, nemes egyszerűséggel átcsoportosították más kiadásokra. Itt a Ház falai között is nemegyszer beszéltünk arról, hogy az állampolgárok bizalmát növelni kellene az 1 százalékos felajánlások irányában, hogy többen tegyék meg ezt a nem csak gesztusértékű lépést, hiszen az összeg is mutatja, hogy több mint egymilliárd forintról van szó, tehát nagyon komoly segítségek lehetnének ezek a befizetések egy-egy célzott programnak.Csak gratulálni tudok önöknek, újra tönkretették évekre a bizalmat. Sokan éppen a nyomon követhetőség hiánya miatt nem ajánlották fel eddig sem az 1 százalékukat, erre most kiderül, hogy maga az állam veri át őket, maga az állam az, aki visszaél az ő bizalmukkal. Egy bírói döntés eredményeként ma már világosan látható az a mélységesen elszomorító, egyben felháborító tény, hogy a minisztérium felélte a több mint 1,1 milliárd forint kétharmadát működési költségekre, a maradék egyharmadát pedig átcsoportosította. A bíróság által elrendelt beszámolóból kiderült ? egyáltalán azért volt szükség erre a beszámolóra, mert önök sunnyogtak, és nem vallották be az első kérdésekre azt, hogy mire is költötték a parlagfűirtás helyett ezt az összeget ?, hogy önök többek között végkielégítésekre, sütikre, konferenciákra költötték ezt a pénzt.Hogyan gondolja a kormány, hogy szembemegy 177 ezer ember jóhiszemű akaratával? Miért nézik le azokat, akik önöket egyébként a hatalomra juttatták? Egyébként azzal is törvénysértést követtek el, hogy a zárszámadási törvényben elfelejtettek beszámolni a pénz elköltésének módjáról ? nyilván nem véletlenül ?, de a Vidékfejlesztési Minisztérium nemcsak a törvényt sértette meg, hanem saját rendeleteit is, egész sorát ezen rendeleteknek. Az még nem derült ki, hogy szándékosan, cinkosságból vagy mulasztás miatt, de az adóhivatal sem ellenőrizte eddig ezt a költést. Természetesen én az ügy napvilágra kerülését követően azonnal feljelentést tettem különösen nagy vagyoni hátrányt okozó sikkasztás miatt, de úgy gondolom, hogy ellenzéki képviselőként nem feltétlenül az én feladatom lett volna ezt az ügyet felgöngyölíteni vagy ennek az ügynek a felgöngyölítését elindítani. Csak megjegyezném, hogy csekély három évet kaphat az is, aki az előírt elszámolási, számadási vagy tájékoztatási kötelezettségnek nem vagy csak hiányosan tesz eleget, így úgy gondolom, hogy elég súlyos ez az ügy, és érdemes lenne itt a parlament falai között is tisztázni.Néhány kérdés, amire most azonnali és őszinte választ várok államtitkár úrtól. Mikorra várható az, hogy helyükre kerülnek ezek az adóforintok, és valóban parlagfűirtásra lesznek elkötve, amit arra szántak az állampolgárok? Hogyan próbálják ezt a megrendült bizalmat helyreállítani? Mikor indul a Kehi-vizsgálat? Mert gondolom, egy normális országban ezt egy Kehi-vizsgálat kell hogy kövesse. Illetve a legfontosabb: ki viseli az azonnali politikai felelősséget? Várom érdemi válaszát</seg>
<kinesic type="applause"><desc>Taps a Jobbik soraiban.</desc></kinesic>
</u>
        <u xml:id="ParlaMint-HU_2014-10-20-urgent_question-AC7_1396" who="#ElődNovák" ana="#regular"><note>NOVÁK ELŐD (Jobbik):</note>
<seg xml:id="AC7_1396.1">Köszönöm a szót. Tisztelt Miniszterelnök Úr! Az ön kormánya sajnos tovább folytatja az átmentett állambiztonsági múlt rehabilitációját, az egykori hivatásos állomány és az ügynökhálózat egyes tagjainak pozícióba helyezését. Kormányzati funkciót is kaphatnak, megbecsülik és kitüntetik őket.</seg>
<seg xml:id="AC7_1396.2">Már az első Orbán-kormány kinevezéseinél, személyzeti politikájában, káderfejlesztési terveiben versenyelőnyt jelentett az állambiztonsági múlt. Ezt bizonyítja Martonyi János, Boros Imre, Nógrádi László, Járai Zsigmond, Kopátsy Sándor vagy Szita Károly esete. Ön máig megkülönböztetett kapcsolatokat ápol Bátori és Lawrence fedőnevű ügynökökkel, az előbbi egy református, az utóbbi egy katolikus püspök.</seg>
<seg xml:id="AC7_1396.3">A D-209-es ügynök, Medgyessy Péter egykori kollégája, a Marosvásárhelyi, majd Magasdi fedőnéven beszervezett III/II-es ügynök után a Nagy Imre újratemetése állambiztonsági megfigyelését is irányító Tasnádi László egykori III/II-es főtisztet, Pintér Sándor kabinetfőnökét nevezték ki belügyi-rendészeti államtitkárrá, ami még a fideszesek körében is kiverte a biztosítékot. Megjegyzem, Pintér Sándor nemzetbiztonsági főtanácsadójának nevezte ki Kocsis Kálmán vezérőrnagyot, a III/I. csoportfőnök helyettesét is.</seg>
<seg xml:id="AC7_1396.4">Gyáva módon megpróbálták önök áthárítani a felelősséget a Nemzeti Emlékezet Bizottságára, ami csak időhúzást és maszatolást szolgál mind a mai napig.</seg>
<seg xml:id="AC7_1396.5">Végül szeretném álláspontját megtudakolni Lázár János elhíresült tanácsadója, az egykori munkásőr Zoltai Gusztáv ügyében is, hiszen róla még Gulyás Gergely, az Országgyűlés fideszes alelnöke is úgy nyilatkozott: „egy volt kommunista munkásőr kormány-tanácsadói kinevezése kibékíthetetlen ellentétben áll mindazzal, amit a totalitárius diktatúrákhoz való viszonyulásunkról sokszor és sokan elmondtunk, ahogy az Alaptörvény értékrendjével is összeegyeztethetetlen.” ? mondja ezt az Országgyűlés fideszes alelnöke. Kérdés: mit mond Orbán Viktor</seg>
<kinesic type="applause"><desc>Taps a Jobbik soraiban.</desc></kinesic>
</u>
        <u xml:id="ParlaMint-HU_2014-10-20-urgent_question-AC7_1650" who="#BernadettSzél" ana="#regular"><note>DR. SZÉL BERNADETT (LMP):</note>
<seg xml:id="AC7_1650.1">Köszönöm a szót. Tisztelt Elnök Úr! Tisztelt Miniszter Úr! Most már évek óta azt találgatjuk, hogy hány százezer magyar állampolgár menekült külföldre azért, mert Magyarországon nem tud egyről a kettőre jutni. A legújabb statisztikák 2013 elejéről származnak, és azt mondják, hogy már akkor körülbelül 350 ezer magyar állampolgár, többségében fiatal állampolgár ment külföldre. Azóta is tízezrek mentek el ebből az országból. Úgy is fogalmazhatnék, hogy mintha komplett magyar kisvárosok ürülnének ki és mennének el külföldre.</seg>
<seg xml:id="AC7_1650.2">Ha megkérdezzük ezeket az embereket, hogy mégis miért hagyják el a hazájukat, a válaszok kísértetiesen egybecsengenek. Olyan válaszok érkeznek, hogy nincs megélhetésük, nem látják a jövőjüket, nem tudják, hogy hogyan tudnak egyről a kettőre jutni, nem tudnak családot alapítani, míg nincs lakásuk, és önerő nélkül nem tudnak lakáshoz jutni. Elmondják azt is, hogy méltatlannak érzik azt, hogy ha vállalkozni kezdenének, akkor nem tudnak kicsiben kezdeni, hogy aztán a vállalkozásuk naggyá válhasson, egész egyszerűen a lendületet megöli a bürokrácia a vállalkozásokban.</seg>
<seg xml:id="AC7_1650.3">Szóval, számos olyan problémát sorolnak föl, amit mi itt ellenzékben ? és az LMP kiemelten ? mondunk önöknek hétről hétre, önök azonban folyamatosan rezsicsökkentésről beszélnek, meg olcsó áramról, meg egyéb kormányzati propagandáról, és egész egyszerűen nem válaszolnak ezekre a felvetésekre, amelyeket ha egymás mellé teszünk, mind megmutatják azt, hogy miért mennek el a magyar fiatalok ebből az országból.</seg>
<seg xml:id="AC7_1650.4">Egy olyan országban élünk jelenleg, ahol az érettségiző fiataloknak immár a fele abban gondolkodik, hogy el kell menni ebből az országból, ha karriert akar magának, ha családot akar magának, vagy egész egyszerűen, ha csak meg akar élni.</seg>
<seg xml:id="AC7_1650.5">Én kérdezem öntől, tisztelt miniszter úr: hány százezer magyar embernek kell elhagyni ezt az országot, hogy végre önök lépjenek, és végre komolyan vegyék ezeket az aggályokat, hogy ne csak a kormányzati propagandát halljuk folyamatosan?</seg>
<seg xml:id="AC7_1650.6">(17.20)</seg>
<seg xml:id="AC7_1650.7">És mit reméljünk önöktől, ha még az ifjúsági garanciaprogramot sem tudták bevezetni, ami már év elejétől mehetne, és biztos megélhetést biztosítan</seg>
<kinesic type="signal"><desc>Az elnök csengetéssel jelzi az időkeret leteltét.</desc></kinesic>
<seg xml:id="AC7_1650.8">a 18-25 éves fiataloknak?</seg>
<seg xml:id="AC7_1650.9">Köszönöm</seg>
<kinesic type="applause"><desc>Taps az LMP padsoraiban. - Közbeszólás ugyanonnan.</desc></kinesic>
<seg xml:id="AC7_1650.10">Orbán Viktor?!</seg>
</u>
        <u xml:id="ParlaMint-HU_2014-10-20-urgent_question-AC7_1651" who="#R.BenedekSallai" ana="#regular"><note>SALLAI R. BENEDEK (LMP):</note>
<seg xml:id="AC7_1651.1">Köszönöm szépen, elnök úr. Tisztelt Országgyűlés! Tisztelt Államtitkár Úr! Több esetben több miniszter urat volt alkalmam megkérdezni a vidékfejlesztés irányairól, a kistelepülések lehetőségeiről, és az elmúlt hetekben több országgyűlési képviselőhöz hasonlóan én is szerte az országban jártam önkormányzati kampányokba besegítve, és nagyon sok helyen tapasztaltam azt, hogy sajnos nemcsak az, amit én a Közép-Tisza-vidéken otthon tapasztalok, hanem szerte az országban mindenhol nagyon-nagyon lesújtó a helyzete a kistelepüléseknek.</seg>
<seg xml:id="AC7_1651.2">Seszták Miklós miniszter úr a szakbizottságunknál történt meghallgatása során arról biztosított, hogy a fejlesztéspolitikai irányok egyértelműen a kistelepülések irányába fognak menni. Ugyanakkor nagyon komoly aggályaim vannak azzal kapcsolatban, hogy ez meg tud-e valósulni. Azért van aggályom, mert a magyar utak fele megbukott egy közelmúltbéli szakmai megmérettetésen. A burkolt utak állapota az Országos Közúti Adatbank szerint rossz minősítést kapott. Az útburkolatok állapota csak az országos közutak 8,2 százalékán, 2553 kilométeren nevezhető jónak; megfelelőnek 6,5 százalékán, vagyis 2009 kilométeren; míg tűrhetőnek 20 százalékán, 6433 kilométeren. A fennmaradó 64 százalék, majdnem 20 ezer kilométer minőségéről teljesen lesújtó vélemény jött vissza. 1000 milliárd forintra volna szükség, hogy a 31 ezer kilométeres országos közúthálózat állagromlását megállítsuk.</seg>
<seg xml:id="AC7_1651.3">Magyarországon gyakorlatilag tény az, hogy az autópályáktól való távolság, az egy számjegyű főutaktól való távolság, a két számjegyű főutaktól való távolság meghatározza a fejlesztési lehetőségeket, az ipar odatelepülését és a munkahelyek lehetőségét. Nagyon komoly mulasztása van ebben a magyar kormányoknak az elmúlt tíz évben, és összességében nem nyugtat meg az a tény, hogy néhány kiemelt beruházással próbálja a kormány ezt elfedni. A miniszter úr mondta, hogy ő is Kisvárdáról jár be és tapasztalja ezeket.</seg>
<seg xml:id="AC7_1651.4">Most örömmel láttam, hogy kiemelt jelentőségű beruházás lett Kisvárda stadionjának megépítése 920 millió forintból</seg>
<kinesic type="signal"><desc>Az elnök a csengő megkocogtatásával jelzi az idő leteltét.</desc></kinesic>
<seg xml:id="AC7_1651.5">Összességében ez nem elegendő a vidék felzárkóztatására, és többet kellene tenni. Köszönöm szépen</seg>
<kinesic type="applause"><desc>Taps az LMP soraiban.</desc></kinesic>
</u>
        <u xml:id="ParlaMint-HU_2014-10-20-urgent_question-AC7_1653" who="#ZoltánLukács" ana="#regular"><note>LUKÁCS ZOLTÁN (MSZP):</note>
<seg xml:id="AC7_1653.1">Köszönöm szépen. Tisztelt Ház! Tisztelt Hölgyeim és Uraim! Napok óta az egyik legfontosabb nemzetközi és belpolitikai hír Magyarországon annak a hat, kormányzati kapcsolatokkal rendelkező, illetve kormányzati tisztségviselőnek az ügye, akinek a beutazását megtiltották az Egyesült Államokba. Ma már beszélhetünk arról, hogy hat emberről van szó, és arról is beszélhetünk, hogy kormányzati alkalmazottakról van szó, ugyanis a mai napon ezt megerősítették az Egyesült Államok nagykövetsége részéről.</seg>
<seg xml:id="AC7_1653.2">Azt is halljuk, hogy azért tiltották meg a beutazásukat az Egyesült Államokba, mert korrupciógyanús ügyekbe keveredtek, sőt a sajtó a mai napon már konkrét cégeket és ügyeket említett meg. Ehhez képest a mai napon a kormányzati szereplők még mindig arról beszélnek, hogy fogalmuk sincs, hogy kikről van szó, fogalmuk sincs, hogy mi történt, és egyáltalán nem tudják megnevezni a felelősöket, sem azokat, hogy kiről van szó. Azt egy ilyen ügyben elég nehéz elhinni, hogy egy online hírportálnak nagyobb befolyása van arra, hogy megtudja, hogy mi történik, mint a magyar kormánynak, ezért azt gondoljuk, hogy önök tudnak arról, hogy mi történt, és azt is tudják, hogy kik az érintettek.</seg>
<seg xml:id="AC7_1653.3">Azt kérdezném államtitkár úrtól, hogy az önök minisztériumában van-e érintett, annál is inkább, mert a Nemzeti Adó- és Vámhivatal is megnevezésre került ebben az ügyben. Van-e érintett? Ha most nem tud erre válaszolni, akkor hajlandóak-e legalább a vezetői, tisztségviselői szinten kérni nyilatkozatokat arról, hogy a minisztériumokban van-e érintett ebben az ügyben, és ha van érintett ebben az ügyben, akkor megteszik-e a megfelelő lépéseket. Egyébiránt azt gondoljuk, hogy ezt minden minisztériumban meg kéne tenni, nem kéne az amerikaiakra várni és mutogatni.</seg>
<seg xml:id="AC7_1653.4">Ezt a kormány egy egészen egyszerű vizsgálattal ki tudná deríteni, ha akarná. Várom a válaszát. Köszönöm szépen</seg>
<kinesic type="applause"><desc>Taps az MSZP soraiban.</desc></kinesic>
</u>
        <u xml:id="ParlaMint-HU_2014-10-20-urgent_question-AC7_1654" who="#MártaDemeter" ana="#regular"><note>DEMETER MÁRTA (MSZP):</note>
<seg xml:id="AC7_1654.1">Köszönöm a szót, elnök úr. Államtitkár úr, minthogy önök felügyelik a NAV-ot, ha másként nem, a sajtóból bizonyára értesült a Rogán Antal vagyonosodásával, illetve annak adóhatósági ellenőrzésével összefüggő vitatott kérdésekről. Mint az közismert, tavasszal Rogán Antal kétszer is javította vagyonnyilatkozatát, miután kiderült, hogy a lakástulajdonára vonatkozóan megadott adatok nem a teljes valóságot tükrözik. A kormánypárti politikus egyúttal azt is bejelentette, hogy adóhivatali vizsgálatot kezdeményezett saját magával szemben.</seg>
<seg xml:id="AC7_1654.2">Rogán Antal az önkormányzati választásokat követően jelentette be, hogy a NAV 30-40 napig vizsgálta ingatlanvásárlásának fedezetét, és mindent rendben talált. Ezzel szemben szakértők mutattak arra rá, hogy a vagyonosodás eredetét ténylegesen, érdemben vizsgáló eljárás időtartama jóval meghaladja az említett 30-40 napot. Ugyanis ez alatt az idő alatt legfeljebb az egyes adókötelezettségek teljesítésére irányuló ellenőrzést lehet lefolytatni. Ebben a formai eljárásban a meglévő iratok alapján csupán azt ellenőrzik, hogy a vizsgált személy eleget tett-e adóbevallási kötelezettségének, illetve azt iratokkal megfelelően alá tudja-e támasztani. A vagyonosodás eredetét feltáró, átfogó ellenőrzés ennél jóval időigényesebb, és több hónapot vesz igénybe. Tehát feltételezhető, hogy ilyen vizsgálat elvégzésére nem került sor. És erre a vizsgálatra tekintettel tartja egyébként a Fidesz frakcióvezetője lezártnak ezt az ügyet, miközben a NAV mélyen hallgat, és minden erre irányuló újságírói kérdést is elhárít.</seg>
<seg xml:id="AC7_1654.3">Ezért kérdezem az államtitkár urat, hogy a vélhetően csak formai szempontokat vizsgáló eljárást követően hivatalból indítottak-e a vagyonosodás eredetét ténylegesen feltáró eljárást. Milyen intézkedést tesz annak a látszatnak az elkerülése érdekében, miszerint egyes, politikailag kényes ügyekben a NAV nem pártatlan és objektív hatóságként jár el</seg>
<kinesic type="applause"><desc>Taps az MSZP padsoraiból.</desc></kinesic>
</u>
        <u xml:id="ParlaMint-HU_2014-10-20-urgent_question-AC7_1656" who="#LászlóKiss" ana="#regular"><note>KISS LÁSZLÓ (MSZP):</note>
<seg xml:id="AC7_1656.1">Köszönöm a szót, elnök úr. Tisztelt Ház! A nyár folyamán írásbeli kérdéssel fordultam Matolcsy jegybankelnök úrhoz, amelyben azt firtattam, igaz-e, hogy a jegybank külföldi irodákat nyit New Yorkban, Párizsban, Hamburgban, Rómában, Buenos Airesben és Bejrútban. Válaszként azt kaptam, hogy a hír igaz, az irodák fő feladata a kapcsolattartás, az adott ország gazdasági folyamatainak figyelemmel kísérése, kutatás és monetáris elemző tevékenység. Azóta bombaként robbant a hír, hogy miközben közpénzből felesleges külföldi irodák nyitnak meg a jegybanknál, bezár hazánk észt és ciprusi nagykövetsége, anyagi okokra hivatkozva.</seg>
<seg xml:id="AC7_1656.2">Tisztelt Ház! Az előző héten, amikor kérdést kapott Matolcsy úr a szocialista frakciótól, folyamatosan azt hangoztatta: a Magyar Nemzeti Bank legfontosabb célja a magyar monetáris politika biztosítása. Felmerül a kérdés, miként biztosítja a magyar monetáris politikát az újabb államcsőd felé masírozó Argentína fővárosában nyitandó külföldi iroda. Talán az a szerepe, hogy ne érje a kormányt váratlanul, ha ez Magyarországon is bekövetkezik? És Bejrútban mi dolga lesz a drágán fenntartott intézménynek? Az eddig is méltán híres és elképesztő volumenű, nagy jelentőségű magyar-libanoni jegybanki kapcsolatok továbbfejlesztése a cél? Vagy esetleg jók a strandok? Első látásra érthetetlen Hamburg is, tekintettel arra, hogy az Európai Központi Bank, valamint a legjelentősebb német cégek központja Frankfurtban van. Talán elnézték a címet?</seg>
<seg xml:id="AC7_1656.3">Tisztelt Ház! Kérdésem a következő: újabb pazarlás a Magyar Nemzeti Banknál? Mi célt szolgálnak a megnyitandó külföldi irodák? Köszönöm szépen</seg>
<kinesic type="applause"><desc>Taps az MSZP soraiban.</desc></kinesic>
</u>
        <u xml:id="ParlaMint-HU_2014-10-20-urgent_question-AC7_1660" who="#GyörgySzilágyi" ana="#regular"><note>SZILÁGYI GYÖRGY (Jobbik):</note>
<seg xml:id="AC7_1660.1">Igen, elfogadom, ha az időm is nem menne. Köszönöm szépen.</seg>
<seg xml:id="AC7_1660.2">Az év elején jelentős sajtóvisszhangot kapott az egykori Szabad Demokraták Szövetségének gazdálkodásáról szóló, Állami Számvevőszék által készített jelentés, ami szerint a nemzetellenességéről és a kormányzati panamáiról elhíresült liberális párt az általa felvett hiteleket nem fizette vissza. A liberálisok adóssága a számvevői jelentés és az azóta nyilvánosságot látott sajtóinformációk szerint összesen mintegy 2 milliárd forint is lehet. A kérdéses hiteleket a párt a száz százalékban állami tulajdonú Magyar Fejlesztési Banktól vette fel az állami vagyonról szóló törvény alapján. A felvett hitelek tehát az adófizetők pénzéből származó források voltak, amit az adófizetők pénzéből fenntartott állami tulajdonú pénzintézet technikai segédletével fordított a liberális párt ingatlanok vásárlására.</seg>
<seg xml:id="AC7_1660.3">(17.40)</seg>
<seg xml:id="AC7_1660.4">Az ügyben több törvénytelenség gyanúja is felmerült, melyekkel kapcsolatosan büntetőfeljelentést is tettem: költségvetési csalás, tartozás fedezetének elvonása és hűtlen kezelés bűncselekmények alapos gyanúja miatt. A nyomozás azóta is folyamatban van.</seg>
<seg xml:id="AC7_1660.5">A liberálisok bűncselekménygyanús üzelmeitől függetlenül azonban a Magyar Fejlesztési Bank felelőssége is fennáll abban a tekintetben, hogy az immár négy éve nemfizetés miatt lejárt követelés behajtása iránt intézkedett-e már, ezért a bank tulajdonosi felügyeletét ellátó Németh Lászlóné miniszter asszonyhoz, majd később Lázár János miniszter úrhoz fordultam írásbeli kérdéssel. Mindkét megkérdezett arra való hivatkozással utasította el az érdemi választ, hogy az banktitkot érintene.</seg>
<seg xml:id="AC7_1660.6">Kérdezem a tisztelt miniszter urat: hogyan beszélhetünk banktitokról olyan esetben, amikor közpénzek kerülnek elköltésre? Hogyan lehetséges az, hogy a mintegy négy éve nemfizetés miatt felmondott, egyébként ingatlanzálogjoggal biztosított követelés behajtása felől a Magyar Fejlesztési Bank nem intézkedik? El kívánja-e számoltatni, tisztelt miniszter úr, a 100 százalékban állami tulajdonban álló bankot is a nyilvánvaló mulasztásért, amely mulasztás az adófizetőknek okoz anyagi kárt, vagy ezen elszámoltatási szándék is csak egy hangzatos kampányszlogen marad, mint oly sok szép ígéret korábban?</seg>
<seg xml:id="AC7_1660.7">Várom érdemi válaszát</seg>
<kinesic type="applause"><desc>Taps a Jobbik padsoraiban.</desc></kinesic>
</u>
        <u xml:id="ParlaMint-HU_2014-10-20-urgent_question-AC7_1661" who="#DánielZ.Kárpát" ana="#regular"><note>Z. KÁRPÁT DÁNIEL (Jobbik):</note>
<seg xml:id="AC7_1661.1">Tisztelt Elnök Úr! Tisztelt Ház! Az óriásplakátokon rendre visszaköszön a kormányzat bankokat elszámoltatni kívánó szándéka, és jellemzően rendre a devizahitelesekről szoktunk tárgyalni a Ház falain belül is. Én most kicsit kibővíteném ezt a kört, hiszen az a pénzügyi botrány, ami az utóbbi másfél évben elharapózott, minden magyar állampolgárt érint, aki fizetést kap, nyugdíjat kap, bankszámlával rendelkezik. Hiszen a legfrissebb adatok szerint szeptember elejéig több mint 186 milliárd forint folyt be a költségvetésbe az úgynevezett tranzakciós illetékből. Ezzel kapcsolatban elmondható, hogy a Statisztikai Hivatal kimutatása szerint egyrészt másfél év alatt emiatt 55 százalékkal nőttek a bankhasználók költségei, és előfordult az is, hogy a pénzügyi rezsicsökkentés szándékának kinyilvánítása mellett kimondták a pénzintézetek és a felügyeleti szervek is, hogy ezt a százmilliárdos nagyságrendű összeget teljes egészében áthárították a magyar polgárokra, a magyar ügyfelekre. És az önök által meghozott törvény szerint a bankok átháríthatják ezt az új adót, csak, idézem, „bizonyos szabályok betartásával”.</seg>
<seg xml:id="AC7_1661.2">Tehát egészen elképesztő módon, a jogalkotó szándéka szerinti százmilliárdos terhet nem azok a kivételezett, csókos bankok és pénzintézetek fizették, akiket egyébként az óriásplakátjaik szerint önök elszámoltatnának, hanem szinte kizárólag a magyar állampolgárok, de az MKB esetében is havi 2300 és 2900 forint közötti bankszámladíjtétel-emelkedést kénytelenek elszenvedni több típusú ügyfelek. És az is látható, hogy miközben egyes bankok növelik az éves kártyadíjakat, mások a havi számlavezetési díjakat, egy újabb, áttételes és másodfokú adózási forma sújtja a magyar állampolgárokat, amellyel szemben sem a felügyeleti rendszer, sem a kormányzat nem tesz semmit. Eközben a felügyelet egy részét beolvasztotta abba a Magyar Nemzeti Bankba, amelynek jelentését szintén ez a kormányzat nem engedi ide, a parlament elé, a plenáris ülésre kerülni.</seg>
<seg xml:id="AC7_1661.3">Adódik tehát a kérdés: leszámolás készül a banki károsultak ellen, vagy valóban várható az, hogy az elszámoltatás legalább csírájában megkezdődik? Várom érdemi válaszát</seg>
<kinesic type="applause"><desc>Szórványos taps a Jobbik soraiban.</desc></kinesic>
</u>
        <u xml:id="ParlaMint-HU_2014-10-20-urgent_question-AC7_1662" who="#JózsefAttilaMóring" ana="#regular"><note>MÓRING JÓZSEF ATTILA (KDNP):</note>
<seg xml:id="AC7_1662.1">Igen, köszönöm szépen. Tisztelt Elnök Úr! Tisztelt Ház! Ha már az imént a sikerről esett szó, mindannyian jól tudjuk, hogy az olimpiai, világbajnoki vagy Európa-bajnoki aranyérmeket nem adják ingyen a sportolóknak. Ahhoz, hogy valaki a világ élvonalába tartozzon, éveket kell áldozzon a felkészülésre az életéből, nem is beszélve a családja által vállalt terhekről. A rengeteg edzés, verseny rendkívül megnehezíti a sportolók iskolai tanulmányainak teljesítését is, ennek ellenére is sportolók sokasága vállalja a nehézségeket, s jut fel a csúcsra, ezzel hírnevet szerezve a magyar sportnak és dicsőséget az országnak.</seg>
<seg xml:id="AC7_1662.2">2013-ban 107, felsőoktatásban tanuló élsportoló részesült a Magyar Sportcsillagok-ösztöndíjban. A Magyar Sportcsillagok-ösztöndíjat a kormány alapította. Célja a magyarországi felsőoktatási intézményekben aktív hallgatói jogviszonnyal rendelkező, olimpiai vagy paralimpiai versenyrendszerben sportoló azon hallgatók támogatása, akik tanulmányi ideje alatt eséllyel rendelkeznek arra, hogy olimpiai vagy paralimpiai versenyszámban Európa-bajnoki, világbajnoki vagy olimpiai, paralimpiai érmet szerezzenek. A tavaly első alkalommal kiírt pályázatra 25 sportág 193 versenyzője jelentkezett. Az ösztöndíjprogram díjazottjai kategóriánként jelentős támogatásban részesültek.</seg>
<seg xml:id="AC7_1662.3">Tisztelt Államtitkár Úr! Kérdezem, hogy a kormány 2014-ben hogyan segíti a felsőoktatásban tanuló sportcsillagokat az első felsőfokú végzettség megszerzése érdekében. Várom megtisztelő válaszát. Köszönöm szépen</seg>
<kinesic type="applause"><desc>Taps a kormánypárti padsorokban.</desc></kinesic>
</u>
        <u xml:id="ParlaMint-HU_2014-10-20-urgent_question-AC7_1665" who="#JenőManninger" ana="#regular"><note>MANNINGER JENŐ (Fidesz):</note>
<seg xml:id="AC7_1665.1">Tisztelt Államtitkár Úr! A 2014-es lakossági energiahatékonysági barométer szerint idén nyáron a háztartások egyötöde tervezte, hogy a közeljövőben valamilyen energetikai célú felújításba fog, akiknek majdnem fele a rezsijük csökkentése érdekében vágna bele a munkálatokba</seg>
<kinesic type="noise"><desc>A kormánypártok soraiból többen kimennek az ülésteremből. ? Zaj.</desc></kinesic>
<seg xml:id="AC7_1665.2">A leggyakrabban a nyílászárók cseréjét és a homlokzati hőszigetelést említették terveik között. Azokban a háztartásokban, ahol az elmúlt években sikerült homlokzati hőszigetelést végezn</seg>
<kinesic type="signal"><desc>Az elnök csenget.</desc></kinesic>
<seg xml:id="AC7_1665.3">, a fenntartási költségek a legnagyobb arányban átlagosan mintegy 24 százalékkal csökkentek</seg>
<seg xml:id="AC7_1665.4">(Lukács Zoltán: Mi van? Elment a főnök? Jenő meg beszél feleslegesen.)</seg>
<seg xml:id="AC7_1665.5">A pályázati támogatásban a felújítók 7 százaléka részesült már az elmúlt tíz évben, a jövőben felújítani szándékozóknak viszont már 12 százaléka számít pályázati támogatásra</seg>
<kinesic type="noise"><desc>Zaj.</desc></kinesic>
<seg xml:id="AC7_1665.6">A kormány szeptemberben meghirdetette az új lakossági energiahatékonysági pályázatai</seg>
<seg xml:id="AC7_1665.7">(Lukács Zoltán: Figyeljünk az előadóra!)</seg>
<seg xml:id="AC7_1665.8">, melynek keretében támogatja a fűtőberendezések, a háztartási gépek, illetve a nyílászárók cseréjét és korszerűsítését.</seg>
<seg xml:id="AC7_1665.9">Tisztelt Államtitkár Úr! Mikor számíthatnak a háztartások a pályázatok megnyitására? Mikorra várhatók a pályázati eredmények, illetve a nyertes pályázóknak a kifizetések? Mekkora támogatásra számíthat egy háztartás? Várom válaszát. Köszönöm.</seg>
</u>
        <u xml:id="ParlaMint-HU_2014-10-20-urgent_question-AC7_1667" who="#IldikóBene" ana="#regular"><note>DR. BENE ILDIKÓ (Fidesz):</note>
<seg xml:id="AC7_1667.1">Köszönöm szépen, elnök úr. Tisztelt Államtitkár Úr! Hazánkban évente átlagosan 1500 új méhnyakrákos megbetegedést diagnosztizálnak. A betegség, ha időben felfedezik, gyakorlatilag teljesen meggyógyítható. Ami sajnálatos tény, hogy Magyarországon évente akár 400-nál is több nő hal meg méhnyakrák következtében.</seg>
<seg xml:id="AC7_1667.2">Hazánkban a méhnyakrák a 15-44 éves nők körében a második leggyakoribb daganattípus, mindazok ellenére, hogy ma Magyarországon biztosított a 25-65 év közötti hölgyek rendszeres szűrése, ennek ellenére a szűrési hajlandóság rendkívül alacsony. Az elvégzett epidemiológiai vizsgálatok kimutatták, hogy a méhnyakrák kialakulása több mint 90 százalékban összefügg a humán papillomavírus-fertőzéssel. Magyarországon 2009-től kezdődően helyi kezdeményezésekre önkormányzatok által támogatott HPV elleni kampányoltások indultak el, amelyek keretében az önkormányzatok a 13-14 éves lányok oltásához nyújtottak anyagi segítséget. Közel 300 önkormányzat döntött úgy, hogy száz százalékban vagy részben finanszírozza a településen élők méhnyakrák elleni védelmét.</seg>
<seg xml:id="AC7_1667.3">Örvendetes, hogy a kormányzat döntése alapján 2014-től a HPV elleni védőoltás belekerült a védőoltási programba. Első alkalommal azok a lányok kaphatják meg iskolai kampányoltás keretében, akik betöltötték a 12. életévüket, és az általános iskola hetedik osztályát a 2014-15-ös tanévben végzik. Rendkívül fontos, hogy az oltásra való felhíváshoz a szűrések fontosságát hangsúlyozó felvilágosító program is társul.</seg>
<seg xml:id="AC7_1667.4">(18.00)</seg>
<seg xml:id="AC7_1667.5">Az oltásra első alkalommal 2014. szeptember 15-ig várták a jelentkezést. Kiemelt fontosságúak a szűréseket népszerűsítő programok, a kötelezően felajánlandó HPV-védőoltás bevezetése. Rendkívüli jelentőségű, hogy növekedjen a szűrővizsgálatokon a részvételi arány.</seg>
<seg xml:id="AC7_1667.6">Államtitkár Úr! Hogyan értékelik a HPV elleni védőoltás országos bevezetésének első tapasztalatait? Hogyan éltek a lehetőséggel a szülők, és milyen további tervek, programok vannak a szűrési aktivitás növelése érdekében?</seg>
<seg xml:id="AC7_1667.7">Várom megtisztelő válaszát</seg>
<kinesic type="applause"><desc>Taps a kormánypártok soraiban.</desc></kinesic>
</u>
      </div>
    </body>
  </text>
</TEI>
