<?xml version="1.0"?>
<TEI xmlns="http://www.tei-c.org/ns/1.0" xml:id="ParlaMint-HU_2015-10-12" xml:lang="hu" ana="#parla.sitting #reference">
  <teiHeader>
    <fileDesc>
      <titleStmt>
        <title xml:lang="hu" type="main">A Magyar Országgyűlés Korpusza ParlaMint-HU 2015-10-12 [ParlaMint]</title>
        <title xml:lang="en" type="main">Hungarian parliamentary corpus ParlaMint-HU 2015-10-12 [ParlaMint]</title>
        <title xml:lang="hu" type="sub">A Magyar Országgyűlés ülései, 7. ciklus</title>
        <title xml:lang="en" type="sub">Minutes of the National Assembly of Hungary, Term 7</title>
        <meeting ana="#parla.term" corresp="#OGY" n="7">7. ciklus</meeting>
        <respStmt>
          <persName>Miklós Sebők</persName>
          <persName>Orsolya Ring</persName>
          <resp xml:lang="hu">Parla-CLARIN TEI XML korpusz létrehozása</resp>
          <resp xml:lang="en">Parla-CLARIN TEI XML corpus encoding</resp>
        </respStmt>
        <funder>
          <orgName xml:lang="hu">CLARIN Kutatási Infrastuktúra</orgName>
          <orgName xml:lang="en">The CLARIN research infrastructure</orgName>
        </funder>
        <funder>
          <orgName xml:lang="hu">Társadalomtudományi Kutatóközpont, Eötvös Loránd Kutatási Hálózat</orgName>
          <orgName xml:lang="en">Centre for Social Sciences, Eötvös Loránd Research Network</orgName>
        </funder>
      </titleStmt>
      <editionStmt>
        <edition>2.0</edition>
      </editionStmt>
      <extent>
        <measure xml:lang="hu" quantity="17" unit="speeches">17 beszéd</measure>
        <measure xml:lang="en" quantity="17" unit="speeches">17 speeches</measure>
        <measure xml:lang="hu" quantity="6257" unit="words">6257 szó</measure>
        <measure xml:lang="en" quantity="6257" unit="words">6257 words</measure>
      </extent>
      <publicationStmt>
        <publisher>
          <orgName xml:lang="hu">CLARIN Kutatási Infrastuktúra</orgName>
          <orgName xml:lang="en">CLARIN research infrastructure</orgName>
          <ref target="https://www.clarin.eu/">www.clarin.eu</ref>
        </publisher>
        <idno type="handle">http://hdl.handle.net/11356/1388</idno>
        <pubPlace>
          <ref target="http://hdl.handle.net/11356/1388">http://hdl.handle.net/11356/1388</ref>
        </pubPlace>
        <availability status="free">
          <licence>http://creativecommons.org/licenses/by/4.0/</licence>
          <p xml:lang="hu">
            Ez a munka az alábbi licence alapján használható
            <ref target="http://creativecommons.org/licenses/by/4.0/">Creative Commons Attribution 4.0 International License</ref>
          </p>
          <p xml:lang="en">
            This work is licensed under the
            <ref target="http://creativecommons.org/licenses/by/4.0/">Creative Commons Attribution 4.0 International License</ref>
          </p>
        </availability>
        <date when="2021-03-31">2021. 03. 31.</date>
      </publicationStmt>
      <sourceDesc>
        <bibl>
          <title xml:lang="hu" type="main">A Magyar Országgyűlés ülései</title>
          <title xml:lang="en" type="main">Minutes of the National Assembly of Hungary</title>
          <idno type="URI">https://https://www.parlament.hu/ </idno>
          <date when="2015-10-12">2015. 10. 12.</date>
        </bibl>
      </sourceDesc>
    </fileDesc>
    <encodingDesc>
      <projectDesc>
        <p>
          <ref target="https://www.clarin.eu/content/parlamint">ParlaMint</ref>
        </p>
      </projectDesc>
      <tagsDecl>
        <namespace name="http://www.tei-c.org/ns/1.0">
          <tagUsage gi="text" occurs="1"/>
          <tagUsage gi="body" occurs="1"/>
          <tagUsage gi="div" occurs="1"/>
          <tagUsage gi="u" occurs="17"/>
          <tagUsage gi="seg" occurs="60"/>
          <tagUsage gi="kinesic" occurs="21"/>
        </namespace>
      </tagsDecl>
    </encodingDesc>
    <profileDesc>
      <settingDesc>
        <setting>
          <name type="address">Kossuth Lajos tér 1-3.</name>
          <name type="city">Budapest</name>
          <name type="country" key="HU">Magyarország</name>
          <date ana="#parla.sitting" when="2015-10-12">2015-10-12</date>
        </setting>
      </settingDesc>
    </profileDesc>
  </teiHeader>
  <text xml:lang="hu" ana="#reference">
    <body>
      <div type="debateSection">
        <u xml:id="ParlaMint-HU_2015-10-12-interpellation-IC7_6413" who="#IstvánTukacs" ana="#regular"><note>TUKACS ISTVÁN (MSZP):</note>
<seg xml:id="IC7_6413.1">Köszönöm szépen a szót, elnök úr. Tisztelt Államtitkár Úr! Tisztelt Képviselőtársaim! Interpellációm második részében szívesen adnék én is zöld utat a válasznak, magyarul, én is mondanám azt, hogy elfogadom, ha a válasz tartalma ezt majd lehetővé teszi. Azért mondom ezt, mert amiről beszélni akarok, az komoly. Arról az állampolgárság-bizniszről van szó ugyanis, amely kiterjedten Szabolcs-Szatmár-Bereg megyében azokkal a jellemzőkkel bír, hogy magyar felmenőkkel nem rendelkezők, magyar nyelven nem beszélők szereznek a gyorsított honosítási eljárásban magyar állampolgárságot. Teszik ezt úgy, hogy kihasználják a törvény hézagait, és persze kihasználják néhány polgármester, jegyző vagy esetleg más tisztségviselő olthatatlan vágyát a pénz után. Tisztelt Ház! Tisztelt Képviselőtársaim! A motivációik egyértelműek: szerezni akarnak egy olyan útlevelet, amellyel szabadon mozoghatnak az uniós országokban. Lehet egyébként, hogy az ezt elősegítők megirigyelték a kormány munkáját, mert a kormány is működtet ilyesmit - nem hasonló tartalommal, de hasonló gyökerekkel -, csak a kormány ezt letelepedési kötvénynek nevezi. Tisztelt Képviselőtársaim! Ez a dolog most már több, mint egyszerű városi legenda. Most már a nyilvánosság szól a százszámra beadott kérelmekről, az éjjeli órákban tartott állampolgársági eskütételekről, és a fáma, különösen a megyénkben, most már meg is nevezi az érintetteket. Azt szeretném, ha itt is ez történne. Azt szeretném, tisztelt államtitkár úr, ha először is megmondaná, hogy a nemzetbiztonsági kockázatnak az a bizonyos vizsgálata ezeknek az embereknek az esetében hogyan történt, ha egyáltalán megtörtént. Történt-e valamiféle vizsgálódás abban a tekintetben - merthogy kellene -, hogy azok az emberek, akik egyébként jogtalanul magyar állampolgárságra vágynak, vajon hordoznak-e számunkra kockázatokat.Államtitkár úr, jó lenne tudnunk neveket, vagy legalább településneveket, hogy a megyénkben élők tudják, önök tisztában vannak a problémával és cselekszenek. A kérdésem nyilván az, hogy vajon mit. Melyek azok a cselekedetek, amelyek azt garantálják, hogy ezek a visszaélések ne történjenek meg? A &#8222;visszaélés&#8221; szót kéretik erősen idézőjelben érteni, merthogy ennél azért sokkal durvább jelzőt igényelne az ebben részt vevők tevékenysége. Úgy gondolom, hogy ezeket az embereket nemhogy önkormányzati tisztségviselőnek vagy netán anyakönyvvezetőnek alkalmazni nem lehet, hanem valahol sokkal inkább hűvösebb helyen látnák őket szívesen, különösen a megyémben. Ezekre várnám tisztelettel a válaszát, államtitkár úr, amit türelemmel fogok figyelni. Elnök úr, köszönöm a lehetőséget</seg>
<kinesic type="applause"><desc>Taps az MSZP soraiban.</desc></kinesic>
</u>
        <u xml:id="ParlaMint-HU_2015-10-12-interpellation-IC7_6414" who="#ZoltánGőgös" ana="#regular"><note>GŐGÖS ZOLTÁN (MSZP):</note>
<seg xml:id="IC7_6414.1">Köszönöm a szót, elnök úr. Tisztelt Ház! Tisztelt Államtitkár Úr</seg>
<kinesic type="noise"><desc>Zaj. &#8209; Az elnök csenget.</desc></kinesic>
<seg xml:id="IC7_6414.2">Sajnálom, hogy önre maradt ez a válasz, mert ezt kifejezetten Fazekas miniszter úrnak szántam, de gondolom, majd megpróbál megbirkózni ezzel a feladattal</seg>
<seg xml:id="IC7_6414.3">(Dr. Rétvári Bence: Eddig mindegyikkel sikerült.)</seg>
<seg xml:id="IC7_6414.4">A napokban megjelent tényfeltáró riport szerint a miniszter úr hetekkel a brókerbotrány kirobbanása előtt pontosan tudta, hogy mi zajlik az egyik háttérintézményénél. Ennek a cégnek a vezetői mindig az ő bizalmi emberei voltak, akik a cikk szerint sorozatos szabálytalanságokat követtek el. Korábban rohadt krumplit vásároltak fel milliárdokért a közigazgatási államtitkár tanácsadójától, amit utólag próbáltak egy kormányhatározattal tisztára mosni. Ebben az ügyben kettő éve tettünk feljelentést, kíváncsian várjuk a nyomozás eredményét.2013 júliusában az történt, amire korábban a TIG-nél soha nem volt példa. Szokatlanul magas áron, 1,6 milliárd forintért kötött portfóliószerződést a vállalkozás a Hungária Értékpapír Kereskedőházzal. A cikk szerint mindez nem csak az érintettek elmondásából derült ki, ezt egy belső felhasználásra készült dokumentum is alátámasztja. Az állami cég az 1,6 milliárdot nem a brókercégektől és a bankoktól már 2009 óta vásárolt diszkontkincstárjegyekbe, hanem Hungária-értékpapírba fektette. Tették ezt anélkül, hogy bármilyen kockázatelemzést vagy egyéb ajánlott összehasonlítást végeztek volna. Az is kiderült, hogy volt olyan időszak 2014-ben, amikor a Hungáriánál a TIG 2,7 millió forintot tartott ilyen kockázatos papírban. A miniszter úr által kinevezett vezetők a létező összes szabályt folyamatosan megszegték, kockáztatták az általuk vezetett intézmény teljes forgóeszköz-finanszírozását, elenyésző haszon reményében. Hiszen az iratokból az is kiderült, hogy az érintett vezetők pontosan ismerték a kockázatot. Államtitkár úr, az írás szerint a miniszter úr jóval a brókerügy kirobbanása előtt képben volt a TIG-ben történtekről, hiszen már február elején tájékoztatták erről, sőt egy vezetői összefoglaló készült, amiben pontosan leírták, hogy szabálytalan befektetések is vannak a TIG-ben. Kérdezem: vajon mire vártak akkor? Miért nem intézkedett a miniszter azonnal a közpénz védelméről? Nem furcsállja-e, hogy a tárca helyettes államtitkára a később csődbe ment brókercégtől érkezett a minisztériumba, majd az általa felügyelt minisztériumi intézmény milliárdokat fektetett be ennél a pénzügyi szolgáltatónál? Azt is tudnunk kell, mennyi a valós kár. A miniszter úr részletes vizsgálatot ígért még a tavasszal, és ennek a végén pontos tájékoztatást. Mikor kerül erre sor? Ugye, nem bűnözőket fedez a miniszter, államtitkár úr? Köszönöm a figyelmüket</seg>
<kinesic type="applause"><desc>Taps az MSZP padsoraiban.</desc></kinesic>
</u>
        <u xml:id="ParlaMint-HU_2015-10-12-interpellation-IC7_6466" who="#LászlóVarju" ana="#regular"><kinesic type="noise"><desc>VARJU LÁSZLÓ (független): Tisztelt Elnök Úr! Köszönöm szépen. Tisztelt Államtitkár Úr! Örülök annak, hogy Hollik István képviselő úr után a soros képviselő én vagyok, aki elmondhatja az interpellációját, mégpedig abban a témában, amiben közöttünk már régóta zajlik párbeszéd. Mégpedig pontosan: miért került több mint ötmilliárdba a milánói világkiállításon a magyar részvétel? Miért került ez ide, és miért téma ez ma is, tisztelt államtitkár úr? Az elmúlt időszakban önnek írásbeli kérdésben is feltettük, illetve ön volt az, aki a miniszter úr nevében válaszolt részletesen azokra a kérdésekre, hogy pontosan mennyibe került a pavilon, milyen kiegészítő programokra került sor, és miért kellett a kormánynak külön pótköltségvetést elfogadni. Az ezekre a kérdésekre érkezett válaszok azonban rendre kívánnivalót hagytak maguk után, éppen ezért került sor az interpellációmra, és sajnos folytatni kell ezt, hiszen a nemsokára bezáró világkiállításról szóló beszámolójuk továbbra sincs meg és elfogadhatatlan. Ez abban az esetben is így van, ha az önök által, az ön által adott válaszban közel kétmilliárd forintot sem költött el a kormány, mint ahogy ön a válaszában elmondta.Ezzel együtt látom, hogy a filmalkotásokkal kapcsolatos kérdésemre, miszerint látta-e ön a mind ez idáig senki által nem ismert filmalkotásokat, amelyek a világkiállításra készültek, az ön államtitkári válaszát idézem: a filmeket készítők határidőre leadták, azok egy-egy példánya a minisztériumba eljutott. Így azt kell hogy mondjam, tisztelt államtitkár úr, a kérdés továbbra is itt van: ön látta-e ezeket a filmeket? Mert egyébként az elkövetkezendő két hétben abban a programban, amit önök közzétettek, illetve ami Milánóban látszik, nem kerül sor ezek bemutatására. Így továbbra is kérdésként itt marad: mi indokolta a 900 millió forintos pótköltségvetést, ha az írásbeli válasz szerint a pavilon is kevesebb költségbe került, mint a tervezett, továbbá a kormány közel sem költötte el a kétmilliárd forintot a pavilonban megvalósult programokra? Milyen jellegű szervezői késedelem az, amely határidőre leadott filmeket öt hónapos késéssel sem volt képes levetíteni, és az a hátralévő egy hónapos programban sem szerepel? Várom megtisztelő válaszát, tisztelt államtitkár úr</desc></kinesic>
<kinesic type="applause"><desc>Taps a függetlenek soraiból.</desc></kinesic>
</u>
        <u xml:id="ParlaMint-HU_2015-10-12-interpellation-IC7_6521" who="#ErzsébetSchmuck" ana="#regular"><note>SCHMUCK ERZSÉBET (LMP):</note>
<seg xml:id="IC7_6521.1">Elnök Úr! Tisztelt Államtitkár Úr! Bár ma már egyszer azonnali kérdésben a téma elhangzott, de azt gondoljuk, hogy az ügy fontossága miatt nem baj, ha még egyszer elhangzik.Augusztusban ígérte meg a kormány, idézem: jövő tavasszal indul a korszerűtlen családi házak felújítását célzó pályázat, a 150 milliárd forintos támogatásból 2020-ig akár 3 millió ház is megújulhat. A kidolgozás alatt álló pályázat keretében az épületek hőszigetelését, a nyílászárók cseréjét, valamint a villamos hálózat felújítását támogatják, munkát adva ezzel a kis- és közepes méretű vállalkozásoknak. A felújítási költség 40 százaléka lesz vissza nem térítendő uniós támogatás, míg az önrész várhatóan 45 százalék lesz. A maradék 15 százalék pedig kamatmentes, visszatérítendő támogatásból származik majd.A közleményből három fontos dolog derült ki. A kormány szükségesnek tartja a lakóépületek energetikai korszerűsítését, erre a célra EU-támogatásokat kíván biztosítani, és a programot az EU nagyrészt már jóváhagyta. Az nem lehet vita tárgya, hogy a magyar lakóépület-állomány energetikai korszerűsítésre szorul. A Magyar Energiahatékonysági Intézet adatai szerint a hazai lakások több mint kétharmada energetikai szempontból korszerűtlen. A családok egynegyede korszerűsítene a következő három évben. Az emberek 87 százalékának azonban nincs megtakarítása, hitelt csak drágán tud felvenni. Ők önerőből nem tudják korszerűsíteni ingatlanjukat, hiába térülne meg később a beruházás. A fejlesztések egyik legnagyobb gátját a forráshiány jelenti. Mindezt a kormány is tudja, hiszen a tavalyi év végén elfogadott, és idén tavasszal kormányhatározatba foglalt, időközben az Európai Bizottságnak is benyújtott nemzeti épületenergetikai stratégiában kiemelt célként jelöli meg a lakóépületek energetikai korszerűsítését, amelytől a 2020-ig tervezett energiamegtakarítás háromnegyedét várja. Úgy ismert, hogy a 2014-ben kezdődő finanszírozási időszakban azonban az Európai Bizottság kifejezetten lehetővé tette lakóépületek korszerűsítését az EU-s forrásokból. Mindezek ismeretében érthetetlen Lázár miniszter úr október 1-jei bejelentése, amely szerint lakossági energetikai korszerűsítési program EU-s pénzből nem lesz, csak állami intézményi program, hogy az állam dologi kiadásai csökkenjenek. A lakosságnak részben a rezsicsökkentésben, részben banki eszközökkel nyílik majd lehetősége energetikai korszerűsítésre. Mindezek miatt az alábbiakat kérdezem. Miért változott meg a kormány elképzelése augusztus és október között? Ki és milyen háttérszámítások alapján döntött? Mikor értesítették az EU-t a változásról? Végül: hogyan teljesülnek így az energiamegtakarítási célok, amelyeket jórészt a lakásszektorban kívánt elérni a kormány? Köszönöm szépen</seg>
<kinesic type="applause"><desc>Ikotity István tapsol.</desc></kinesic>
</u>
        <u xml:id="ParlaMint-HU_2015-10-12-interpellation-IC7_6533" who="#DóraDúró" ana="#regular"><note>DÚRÓ DÓRA (Jobbik):</note>
<seg xml:id="IC7_6533.1">Köszönöm a szót. Tisztelt Elnök Úr! Tisztelt Államtitkár Úr! A pedagógusok sanyargatásának újabb lépcsője a pedagógus önértékelési csoportok létrehozása, amelynek rövidítését a Ház méltóságának érdekében nem is mondom. A tanárok adminisztrációs terhelése nemzetközi összehasonlításban is igen magas, a pedagógiai munkát segítők létszáma az OECD-országok átlagának egyharmada. Ezeknek az ellenőrző alakulatoknak a feladata lesz az éves önértékelési terv elkészítése és feltöltése az Oktatási Hivatal által működtetett online felületre, az önértékelés előkészítése és megtervezése, a tanárok, szülők, diákok tájékoztatása, az önértékelésbe bevont pedagógusok felkészítése és támogatása.</seg>
<seg xml:id="IC7_6533.2">Az értékelésben részt vevő tanárok szintén az online felületre viszik fel tapasztalataikat, és ide kell feltölteniük az érdekelteknek a saját önértékelésüketis. Az önértékelés tartalmaz dokumentumelemzést, megfigyelést, interjúkat és kérdőíveket. Megnézik a tanfelügyelet és az intézményi önértékelés pedagógusra vonatkozó értékelőlapjait, a tanmenetet, a tematikus, az óra- és más foglalkozásokhoz készült terveket, a naplót és a tanulói füzeteket is. Az értékelést végzők bejönnek az órákra, foglalkozásokra, és elbeszélgetnek a tanárral, illetve az intézményvezetővel.</seg>
<seg xml:id="IC7_6533.3">Az eredmények alapján a tanároknak a vezetővel egyeztetve két évre szóló egyéni önfejlesztési tervet kell készíteniük. Ha mindez nem lenne elég, a szülők értékelése sem maradhat el természetesen, bár a köznevelési törvény egyik vitájában épp egy kormánypárti politikus nevezte laikusnak őket, akiknek az iskolai életbe történő beleszólásuk korlátozása mellett érvelt. A tanároknak a kollégáikat körülbelül tíz szempont szerint kell értékelniük, amit már nem sorolok fel, mert az értékelés alaposságához nyilván kétség sem fér.</seg>
<seg xml:id="IC7_6533.4">Nem akarok tippeket adni, ám végigtekintve a hasznosabbnál hasznosabb feladatokat, hiba lenne nem felmérniük például, hogy miként alakult az alsó tagozatban a színeszsírkréta-fogyasztás a rendszerváltás óta, az iskolai büfék nyilvántartása hogyan befolyásolja a matematikai készségeket, vagy hány űrhajós és királylány lép ki húsz éven belül a munkaerőpiacra. Mindez tehát a tanárokra felülről ráerőltetett bürokratikus kényszer, egyes pedagógusok ingyenes többletmunkájával. A kormány szemléletét a bizalom hiánya, az adminisztratív terhek növelése jellemzi, a tanárok szakmai szabadságának folyamatos korlátozásával. Miért nem adnak segítséget nekik inkább ahhoz, hogy a gyerekekkel foglalkozhassanak, és a nevelésre, tanításra fordíthassanak több időt? Várom érdemi válaszát</seg>
<kinesic type="applause"><desc>Taps a Jobbik soraiban.</desc></kinesic>
</u>
        <u xml:id="ParlaMint-HU_2015-10-12-interpellation-IC7_6534" who="#JánosVolner" ana="#regular"><note>VOLNER JÁNOS (Jobbik):</note>
<seg xml:id="IC7_6534.1">Köszönöm szépen, elnök úr. Tisztelt Államtitkár Úr! A lakótelepeken élő emberek érdekében szeretnék önhöz szólni. Október 1-jén kiderült számunkra Lázár Jánosnak egy gazdasági konferencián elmondott szavaiból, hogy nem fog energetikai korszerűsítési program formájában támogatás jutni magánlakások korszerűsítéséhez</seg>
<seg xml:id="IC7_6534.2">(16.40)Az államtitkár úr az előbb már válaszolt egy képviselőtársamnak, és elmondta, hogy az Unió nem teszi lehetővé, hogy közvetlen formában ezt finanszírozza Magyarország. De fontos látni azt is, államtitkár úr, hogy több tízezer lakást lehet ilyen módon teremteni, egy ilyen program keretén belül. Önmagában az építőipar fellendülése magával hozza azt, hogy a kereskedelemben és a szolgáltatásban dolgozó emberek is jobban élnek, hiszen ha az építőiparban dolgozó asztalosoknak, kőműveseknek, festőknek, nagyon sokféle foglalkozást űző embereknek jobban megy, akkor a gazdaságba ez a pénz lecsorog, és egészében véve, különböző gazdasági számítások vannak erre, de olyan 70 milliárd forint az a költségvetési plusz, amit ezzel az intézkedéssel meg lehet termelni, túl azon, hogy több tízezer embernek munkát is biztosítunk.Azt is nagyon fontosnak tartja a Jobbik környezettudatos pártként, hogy ne használjunk el több energiát annál, mint amennyit feltétlenül muszáj, és általában elmondható, hogy az a legzöldebb energia, amit Magyarország el sem használ. És ebben az esetben mi azt szeretnénk elérni, hogy folytatódjon az eddig Panel Plusz néven megismert program, szigeteljük be minél nagyobb számban a panelházakat. Ezzel elérhetjük azt, hogy rengeteg embernek munkát biztosítunk, a magyar lakásállományt felértékeljük, hiszen értékesebb, energetikailag korszerűbb otthonok jönnek létre; elérhetjük azt, hogy Magyarország energiafüggősége csökkenjen, egyre kevésbé leszünk külföldieknek kiszolgáltatva, hiszen egyre kevesebb gázt kell hogy vásároljunk ebben az esetben. Én azt kérem öntől, államtitkár úr, hogy a kormány biztosítson forrást erre a programra. Ez a program régen is működött, nagyon jól működött, nagyon sok energiát megspórolt ezzel Magyarország. Ennek a költségvetési fedezetére most is meg lehet találni a forrást. Gondoljon arra, államtitkár úr, hogy amikor Matolcsy György a Magyar Nemzeti Bank élén 160 milliárd forintot meghaladó összeget tud elkölteni a Pallas Athéné Alapítványukon keresztül megvalósuló kastélyvásárlási, kastélyfelújítási és különböző műkincsvásárlási programokra, akkor joggal mondjuk azt mi, jobbikosok, hogy egy ennyire környezettudatos, a lakótelepeken élő emberek érdekét szolgáló programra ugyanekkora összeget simán el lehet költeni. Tehát azt kérem, államtitkár úr, képviselje ezt a nézetet a kormányon belül. Köszönöm szépen</seg>
<kinesic type="applause"><desc>Taps a Jobbik soraiból.</desc></kinesic>
</u>
        <u xml:id="ParlaMint-HU_2015-10-12-interpellation-IC7_6537" who="#MónikaDunai" ana="#regular"><note>DUNAI MÓNIKA (Fidesz):</note>
<seg xml:id="IC7_6537.1">Köszönöm szépen a szót, elnök úr. Tisztelt Államtitkár Úr! Fajsúlyos nemzetközi konferenciát szerveztek szeptember végén &#8222;A családok jövője, a jövő családjai&#8221; címmel Brüsszelben. Az Európai Parlamentben Pelczné Gáll Ildikó, az Európai Parlament alelnöke és Hölvényi György európai parlamenti képviselő szervezésében, valamint a Kárpát-medencei Családszervezetek Szövetsége és a Nagycsaládosok Országos Egyesülete társszervezésében megrendezett eseményen a kormány részéről Novák Katalin államtitkár asszony, a Fidesz képviselőcsoportja részéről pedig én magam vettem részt. A rendezvény célja az volt, hogy felhívja a figyelmet az európai demográfiai kihívásokra és a családok kulcsfontosságú szerepére napjaink társadalmában. Az Európai Unió csak akkor tud megújulni - ez volt a nemzetközi tanácskozás egyik leghangsúlyosabb gondolata -, ha sikerül visszatalálni önmagához, a család és a munka hagyományát sikerül visszahelyeznie életfelfogásának középpontjába. Az európai demográfiai kihívásokra a megoldás nem a bevándorlás, épp ellenkezőleg, a családok támogatása az, ami a legjobb befektetés a jövőbe. A Fidesz-KDNP-kormány tisztában van azzal, hogy a családokat kell erősíteni, ezért munkaalapú és családbarát társadalom felépítésén fáradozunk. Hosszú távú céljaink között a népességfogyás megállítása szerepel. Mi azt valljuk, hogy a hazai születésszám mértékét nem bevándorlókkal, hanem magyar gyermekek születésével kell megoldani. A magyar kormány a családok mellett áll, ezért évek óta következetesen szélesíti a családok támogatását szolgáló eszköztárat. A családi adókedvezmény bevezetése és fokozatos bővítése családpolitikánk egyik fő alappillére. Ezenkívül a gyed extra, munkahelyvédelmi akció, iskoláztatási támogatások is segítik a családokat. Szeptember 1-jétől felmenő rendszerben az általános iskolák első három évfolyamán ingyenes tankönyveket kapnak a gyermekek, a bölcsődékben és az óvodákban pedig a szülők 90 százalékának nem kell étkezési térítési díjat fizetniük. Egészségesebb lett a közétkeztetés, mindennapossá vált a testnevelésóra, a gyermekeknek tehát van jövőjük Magyarországon. Az adórendszert is a gyermekes családok megbecsülésére építjük. Magyarország családpolitikája Európában is példaértékű. A munkavállalók az egyik legalacsonyabb kulcsú személyi jövedelemadót fizetik. Mindezek mellett többlépcsős rezsicsökkentéssel is hozzájárultunk, hogy erősödjön a családok biztonsága.Tisztelt Államtitkár Úr! Jó volt látni ezen a konferencián ezekkel a gondolatokkal, amelyet mi, magyar előadók és hozzászólók hangsúlyoztunk ezen a brüsszeli konferencián, hogy már külföldön is elismeri</seg>
<kinesic type="signal"><desc>Az elnök a csengő megkocogtatásával jelzi az idő leteltét.</desc></kinesic>
<seg xml:id="IC7_6537.2">Magyarország családokat középpontba helyező politikáját. Ezért kérdezem tisztelt államtitkár urat, hogy nemzetközi összehasonlításban mi számít nóvumnak, példaértékűnek a magyar családbarát kormányzati intézkedések közül, és milyen további családpolitikai intézkedések várhatók a jövőben. Köszönöm szépen</seg>
<kinesic type="applause"><desc>Taps a kormánypárti padsorokban.</desc></kinesic>
</u>
        <u xml:id="ParlaMint-HU_2015-10-12-interpellation-IC7_6540" who="#IstvánHollik" ana="#regular"><note>HOLLIK ISTVÁN (KDNP):</note>
<seg xml:id="IC7_6540.1">Köszönöm a szót. Elnök Úr! Tisztelt Ház! Tisztelt Államtitkár Úr! Ép testben ép lélek - így szól a római mondás. A Fidesz-KDNP kormányra kerülésekor ennek a mondásnak a szellemében hajtott végre szemléletváltást a köznevelés, illetve a sportpolitika területén. A kormányzat az előző ciklusban megteremtette a köznevelés lelki, tartalmi alapjait, és hozzálátott a mondásban szereplő másik szükséges rész, a testi megteremtéséhez is. 2014-ben döntött úgy a kormány, hogy a nemzeti köznevelési infrastruktúra-fejlesztési programot el fogja indítani, amelynek gazdájaként a Nemzeti Fejlesztési Minisztériumot jelölte ki. A cél az, hogy olyan európai színvonalú tornatermek, tantermek és tanuszodák épüljenek, amelyek hosszú távon szolgálják a fiatalok fejlődését, elősegítve így az adott település köznevelési feladatainak ellátását is. A kormány XXI. századi színvonalú infrastrukturális hátteret kíván biztosítani a köznevelés számára, ennek érdekében országszerte tantermek, a mindennapos testnevelésórákhoz tornatermek, a gyermekek úszásoktatásához járásonként pedig tanuszodák épülnek. A beruházások demográfiai okokra visszavezethető többletigényeket is kiszolgálnak, a települések lakóinak jogos modernizációs elvárásait is teljesítik. Ezekkel a fejlesztésekkel hozzá lehet járulni a fiatalok szellemi és fizikai képességeinek folyamatos fejlesztéséhez, azaz az eredményes tanuláshoz és magasabb szintű sportolásra való ösztönzéshez</seg>
<seg xml:id="IC7_6540.2">(16.50)Reméljük, hogy ennek köszönhetően még több &#8222;Jó tanuló, jó sportoló&#8221; elismerést lehet majd átadni, és bízunk abban is, hogy a diákokból minél több olimpikon is részt vehet majd a majdani budapesti ötkarikás játékokon. Mindezek alapján szeretném kérdezni tisztelt államtitkár urat, a gyermekek mindennapi testmozgása érdekében hány sportlétesítmény-beruházás előkészítése van folyamatban, illetve milyen fejlesztések várhatóak ebben a tekintetben a közeljövőben. Várom államtitkár úr megtisztelő válaszát</seg>
<kinesic type="applause"><desc>Taps a kormánypártok soraiból.</desc></kinesic>
</u>
        <u xml:id="ParlaMint-HU_2015-10-12-urgent_question-AC7_6599" who="#BalázsGyőrffy" ana="#regular"><note>GYŐRFFY BALÁZS (Fidesz):</note>
<seg xml:id="AC7_6599.1">Köszönöm szépen. Tisztelt Országgyűlés! Tisztelt Államtitkár Úr! Ez év nyarán a Magosz és a Nemzeti Agrárgazdasági Kamara ellenszavazat nélkül fordult a kormányhoz, amelyben azt kezdeményezte - meghallva egyébként a gazdálkodók ez irányú kérését -, hogy a kormányzat fontolja meg az állami termőföldvagyon esetleges értékesítését. Miért, miképpen gondoltuk mi ezt? Fontos volt, hogy ezt a hatályos jogszabályok szerint, átlátható módon, a vagyont nem elkótyavetyélve, illetve megfelelő hitelkonstrukció mellett fontolja meg a kormányzat.</seg>
<seg xml:id="AC7_6599.2">Miért fordultunk a kormányzathoz ezzel a kérdéssel? Úgy gondoljuk, hogy mivel most csak földművesek tudnak termőföldet vásárolni Magyarországon, tehát olyan magánszemélyek, akik megfelelnek a földműves kritériumoknak - zárójelbe teszem, az Európai Unió erőteljes támadást intézett Magyarország ellen azzal a céllal, hogy társas vállalkozások is tudjanak termőföldet vásárolni -, ez mindenképpen időszerű kérdésnek tűnik. A mezőgazdaság hosszú távú tervezést igényel, pláne egy olyan szituációban, amelyben most vagyunk, hiszen generációváltás előtt áll az ágazat, és egy fiatalnak nem a húszéves bérlet, hanem a tulajdon jelenti azt a biztosítékot, amivel érdemben tud foglalkozni a gazdaság átvételével.</seg>
<seg xml:id="AC7_6599.3">(A jegyzői székben Móring József Attilát Földi László váltja fel.)</seg>
<seg xml:id="AC7_6599.4">Most kell versenyképessé tenni a magyar mezőgazdaságot, a magyar gazdatársadalmat a 2020 utáni időszakra, amikor is sokkal inkább élesedik majd a verseny. S az állam, szemben az erdőgazdaságokkal, az erdővagyonnal nem gazdálkodik ezeken a területeken, bérbe adja azokat, effektív tőkét von ki az ágazatból. Fontos leszögezni, hogy a gazdálkodók nem kérnek ingyenkenyeret, piaci áron vagy még afölött is hajlandók adni ezekért a területekért.</seg>
<seg xml:id="AC7_6599.5">Államtitkár úr, kérek egy tájékoztatást, hogy tudunk-e ilyen formában új esélyt adni a magyar vidéknek. Tudjuk-e garantálni, hogy ne strómanok kerüljenek birtokon belülre? Tudunk-e olyan pénzügyi segítséget adni a kevésbé tehetőseknek, hogy a kisgazdálkodók is bátran tudjanak tervezni? S államtitkár úr, arra várnám még a választ, hogy milyen nagyságú területen és mekkora parcellákon tudjuk ezt a programot, amelyen döntés születik, elindítani. Várom válaszát</seg>
<kinesic type="applause"><desc>Taps a kormánypártok soraiban.</desc></kinesic>
</u>
        <u xml:id="ParlaMint-HU_2015-10-12-urgent_question-AC7_6600" who="#JózsefAttilaMóring" ana="#regular"><note>MÓRING JÓZSEF ATTILA (KDNP):</note>
<seg xml:id="AC7_6600.1">Köszönöm szépen. Tisztelt Elnök Úr! Tisztelt Ház! Tisztelt Államtitkár Úr! A tél közeledtével ismét fokozott veszélyt jelent a hideg idő beállta az utcán élő hajléktalan emberek számára. Az ő védelmük mindig is nagy kihívás elé állítja a mindenkori kormányt. A kormány a 2014-15-ös téli időszakban több intézkedéscsomaggal segítette a rászorulókat, és a 2012-13-as évhez képest több mint 10 százalékkal, 8,2 milliárd forintról 9,2 milliárdra emelte a hajléktalanok ellátására fordított összeget.</seg>
<seg xml:id="AC7_6600.2">Az előző évekhez hasonlóan a kormány idén is új intézkedéseket vezet be, hogy segítse a nehéz körülmények közt élőket a téli időszakban, így többek között megerősíti a hajléktalanokat ellátó utcai szociális szolgáltatásokat. Fontosnak tartom megjegyezni azt, hogy a téli hajléktalanellátás kapcsán olyan, valódi eszközöket biztosító szabályozásra van szükség, amellyel nemcsak az elhelyezés elvi lehetősége valósul meg, hanem a gyakorlatban is hathatós megoldásra ad lehetőséget. Az ellátás biztosítása érdekében kívánatos, hogy az utcai szolgálatot végző szervezetek kiszámítható finanszírozásban részesüljenek, tervezhetővé váljon a munkájuk, ezáltal pedig biztosítva legyen a rászoruló embertársainknak nyújtott segítség. Mindezek alapján tisztelettel kérdezem államtitkár urat: mekkora forrással támogatja a kormány a hajléktalanokkal foglalkozó szervezeteket, ezáltal milyen módon segíti a télen komoly veszélynek kitett hajléktalan embertársainkat?</seg>
<seg xml:id="AC7_6600.3">Várom államtitkár úr megtisztelő válaszát</seg>
<kinesic type="applause"><desc>Taps a kormánypártok soraiban.</desc></kinesic>
</u>
        <u xml:id="ParlaMint-HU_2015-10-12-urgent_question-AC7_6602" who="#CsabaTóth" ana="#regular"><note>TÓTH CSABA (MSZP):</note>
<seg xml:id="AC7_6602.1">Köszönöm szépen, elnök úr. Tisztelt Miniszter Úr! Az előző uniós ciklusban a magyar kormány gyakran kifogásolta, hogy nincs lehetőség uniós forrásokat fordítani a lakóépületek korszerűsítésére. Ezzel indokolták, hogy 2008-2013 között mindössze 25 milliárd forint jutott a lakossági energetikai beruházások támogatására. Az új, 2014-ben kezdődő időszakban azonban az Európai Bizottság lehetővé tette lakóépületek korszerűsítését EU-s forrásokból.</seg>
<seg xml:id="AC7_6602.2">A magyar kormány a Brüsszelnek leadott operatív programokban 450 milliárd forintnyi forrást különített el energetikai korszerűsítésre, köztük a lakóépületek felújítására.</seg>
<seg xml:id="AC7_6602.3">Miniszter úr a hónap elején, egy gazdasági konferencián közölte, hogy 2020-ig a kormány nem ad uniós pénzt lakossági energia-korszerűsítési programra, az energetikai korszerűsítéseket, pontosan a bürokráciacsökkentés, az állam dologi kiadásainak csökkentése érdekében, az állami intézményeken kell kezdeni. Tehát európai uniós pénzből lakossági energia-korszerűsítési program nem lesz, mondta akkor miniszter úr.</seg>
<seg xml:id="AC7_6602.4">Ez azonban ellentétes a kormány által elfogadott nemzeti épületenergetikai stratégiával, amelyben hangsúlyos szerepet kap a lakossági energia-korszerűsítés. Ezeket a terveket, az operatív programokban meghatározott célszámokat nem lehet az Európai Unió beleegyezése nélkül megváltoztatni. Ez egy közös megállapodás, ami létrejött a kormány és az Európai Unió között arról, hogy ezeket a pénzeket lakossági, vissza nem térítendő, energiahatékonysági beruházásokra fogják költeni.</seg>
<seg xml:id="AC7_6602.5">A kis- és középvállalkozásoknál munkahelyek tízezrei kerülnek veszélybe az elmaradó beruházások miatt. 2020-ig már évi 40 ezer lakás rezsicsökkentő felújításával több tízezer új munkahely jönne létre, és évi 70 milliárd forint költségvetési többletbevétel keletkezne. Továbbá évente közel 100 milliárd forint energiaköltséget takarítana meg az ország, a földgázimport 4 százalékkal csökkenhetne, hangsúlyozzák a szakmai szervezetek.</seg>
<seg xml:id="AC7_6602.6">Ezek alapján kérdezem miniszter urat, lesz-e lakossági energia-korszerűsítési program uniós forrásból. Várom válaszát.</seg>
<seg xml:id="AC7_6602.7">Köszönöm, elnök úr</seg>
<kinesic type="applause"><desc>Taps az MSZP soraiban.</desc></kinesic>
</u>
        <u xml:id="ParlaMint-HU_2015-10-12-urgent_question-AC7_6603" who="#MártonGyöngyösi" ana="#regular"><note>GYÖNGYÖSI MÁRTON (Jobbik):</note>
<seg xml:id="AC7_6603.1">Köszönöm szépen a szót. Tisztelt Elnök Úr! Tisztelt Országgyűlés! Nemzetközi felmérésekből kiderül az, hogy Magyarország a korrupció csapdájában vergődik, és regionális összehasonlításban is egyre inkább csúszik lefelé. Az Orbán-kormányok alatt megszokhattuk azt a gyakorlatot, miszerint az állami és önkormányzati megrendelések általában Orbán Viktor környezetében találnak otthonra. Ilyen a 2013 óta elérhető letelepedési államkötvény gyakorlata is, az a konstrukció, amit maga Rogán Antal talált ki. Ezt a konstrukciót az ő nevével fémjelzik, amelynek a célja az, hogy 250 ezer eurós kötvénnyel egy Európai Unión kívüli állampolgár tartózkodási, illetve letelepedési engedélyhez juthat itt, Magyarországon, ezzel biztosítva az Európai Unión belüli utazást és tartózkodást is. A cél természetesen egy jó cél, amely a munkahelyteremtő befektetések növekedését célozta meg. Ehelyett azonban azt láthattuk, hogy offshore-cégek támogatásával a magyar állami pénzek kijátszását valósította meg a kormány verseny nélkül és a piac felosztásán keresztül. 51 milliárd forintra tettek szert két és fél év alatt azok a cégek, amelyeket Rogán Antal ügybuzgalmával közvetítő cégekként jelölt meg és vert keresztül azon a Gazdasági bizottságon, amelyet ő elnökölt még korábban, és természetesen az ezt alátámasztó törvényt is ő maga nyújtotta be. Az átláthatósággal kapcsolatban még Varga Mihály miniszter úrnak is kétségei merültek fel.</seg>
<seg xml:id="AC7_6603.2">Ezért kérdezem államtitkár úrtól, kinek az érdekét szolgálja a Rogán Antal által megalkotott letelepedési államkötvény. A cél a befektetések vonzása-e, vagy pedig egy újabb panam</seg>
<kinesic type="signal"><desc>Az elnök a csengő megkocogtatásával jelzi az idő leteltét.</desc></kinesic>
<seg xml:id="AC7_6603.3">, a haveri cégek kistafírozására állami pénzen, és milyen kapcsolatban ál</seg>
<kinesic type="signal"><desc>Az elnök ismét csenget.</desc></kinesic>
<seg xml:id="AC7_6603.4">Rogán Antal ezekkel a cégekkel? Várom érdemi válaszát</seg>
<kinesic type="applause"><desc>Taps a Jobbik padsoraiban.</desc></kinesic>
</u>
        <u xml:id="ParlaMint-HU_2015-10-12-urgent_question-AC7_6604" who="#DánielZ.Kárpát" ana="#regular"><note>Z. KÁRPÁT DÁNIEL (Jobbik):</note>
<seg xml:id="AC7_6604.1">Tisztelt Elnök Úr! Tisztelt Ház! Az utóbbi egy év tekintetében nemcsak Budapesten emelkedtek mintegy 40-60 százalékkal az albérleti díjak, de országosan a nagyvárosok tekintetében is egy 25 százalékos növekmény alakult ki. Ez főleg az egyetemisták tanév eleji költözésekor okozott a média berkein belül is nagyobb hullámokat és kavarta fel ezeket, de elmondhatjuk, hogy hosszú távon a kivándorlási spirált is megalapozza az, hogy egy átlagos magyar fiatal a KSH szerinti átlagfizetéséből tulajdonképpen képtelen önálló otthonhoz jutni és megalapozni az életét. Mindez, mint mondtuk, felpörgeti a kivándorlást, későbbre tolja a családalapítást, tehát számtalan negatív következménnyel jár.</seg>
<seg xml:id="AC7_6604.2">Ezzel párhuzamosan elmondhatjuk, hogy az úgynevezett gazdasági válság előtt még 39-40 ezer új építésű lakásról is tudtunk évente, azóta - bár a statisztika tükrében a kormány gazdasági csodáról és sikerekről számol be - 10 ezer alatti az új építésű lakások száma, és ami nagyon durva, ezeknek alig 4 százaléka bérlakás. Éppen ezért a Jobbik, amellett, hogy egy államilag támogatott otthonteremtési és bérlakás-építési program keresztülvitelére szólította fel a kormányt, tulajdonképpen minden költségvetési időszakban - bár ennek nyomát az önök költségvetésében nem látjuk - azt is fontosnak tartaná, hogy a most 27 százalékos rekorder áfakulccsal sújtott lakásépítések terén legalább 5 százalékra történő áfacsökkentéssel operáljunk.</seg>
<seg xml:id="AC7_6604.3">Ezáltal nemcsak több ezer új lakás épülhetne, növelve a kínálatot és szélesítve a lehetőségeket, de legalább az épített lakások számának négyszeresével felérő munkahelymennyiség jönne létre a versenyszférában; nem közmunkában, valódi munkahelyekről lenne szó, amelyek visszacsorgatják a magyar költségvetésbe az ide fektetett forintokat.</seg>
<seg xml:id="AC7_6604.4">A kérdés adódik: ha a Jobbik évről évre leteszi ezt a koncepciót az asztalra, ha most már a való élet eseményei többszörösen visszatükrözik azt, hogy hatalmas a probléma, miért nem cselekszik a kormány, miért nem csoportosít ide forrásokat, miért hagyja a kivándorlási spirál felpörgését, és miért szemléli tétlenül ezen eseményeket</seg>
<kinesic type="applause"><desc>Taps a Jobbik soraiban.</desc></kinesic>
</u>
        <u xml:id="ParlaMint-HU_2015-10-12-urgent_question-AC7_6606" who="#IldikóBangónéBorbély" ana="#regular"><note>BANGÓNÉ BORBÉLY ILDIKÓ (MSZP):</note>
<seg xml:id="AC7_6606.1">Köszönöm szépen, elnök úr. Tisztelt Miniszter Úr! Tisztelt Képviselőtársak! Először is szeretném megköszönni miniszter úr válaszát, amit levélben elküldött, de sajnos azt kell mondanom, hogy elbeszélünk egymás mellett. Ugyebár kiderült az elmúlt hetekben, hogy két oknál fogva bukott be az Eszosz által működtetett európai uniós program. Az egyik: a vizsgálatok lezárta után kiderült, hogy az Eszosz szabálytalanul használta fel a támogatásokat, a másik - hogy az ön szavait idézzem - probléma: ne söpörjük szőnyeg alá, hogy az erdőgazdaságok azt ígérték az Eszosz-programnak, hogy munkát biztosítanak ezeknek a munkavállalóknak, az erdőgazdaságok egy része azonban elszabotálta.</seg>
<seg xml:id="AC7_6606.2">(15.10)</seg>
<seg xml:id="AC7_6606.3">Tehát a magyar állam az egyik kezével adott, a másik kezével pedig részben hozzájárul a program megbuktatásához, tehát a magyar államnak keményen benne volt a keze, hogy ez a program végül nem tudott sikeresen folytatódni. De azért beszélünk el egymás mellett, ez a levélből is kiderül, hogy van egy része ennek a 2800 dolgozónak, aki már megkapta a felmondását, ők már fordulhatnak a megyei munkaügyi kirendeltségekhez, és talán némi kis szerencsével ellátásban is részesülnek, de 1400-2000 főre tehető még mindig azoknak a száma, akiknek a munkajogi helyzete nem rendeződött. Ezek az emberek még mindig alkalmazásban állnak ennél a cégnél, és több mint négy hónapja semmilyen jövedelemben nem részesülnek, úgy, hogy ezt a programot lényegében a magyar állam buktatta meg.</seg>
<seg xml:id="AC7_6606.4">Itt több kérdés felmerül. Én is olvastam a Kehi jelentését, és több kérdésre már választ is adott a miniszter úr. Hogy fordulhatott elő, hogy egymillió hektárnyi állami erdőterületből 20 ezer hektárt nem tudtak ennek a programnak odaadni? Hogyan fordulhatott elő, hogy ilyen helyzetbe hozta a magyar állam által kezelt cég ezeket a hátrányos helyzetű embereket? És még egy kérdés, miniszter úr: melyik minisztérium felügyelete alá tartoznak most az erdőgazdaságok?</seg>
<seg xml:id="AC7_6606.5">Várom válaszát</seg>
<kinesic type="applause"><desc>Taps az MSZP soraiban.</desc></kinesic>
</u>
        <u xml:id="ParlaMint-HU_2015-10-12-urgent_question-AC7_6607" who="#R.BenedekSallai" ana="#regular"><note>SALLAI R. BENEDEK (LMP):</note>
<seg xml:id="AC7_6607.1">Köszönöm a szót, elnök úr. Nem tudom, hogy kérdőjellel kell-e, majd miniszter úr elmondja. Ugyanis az állami erdőgazdaságok sorsáról szeretném kérdezni miniszter urat. A magam részéről nagy örömmel vettem tudomásul azt, hogy a Kehi-jelentés megállapította azokat a visszásságokat, amelyekről a közvélekedés már, ugye, jó tíz éve tud, és rendszeresen felmerülnek azok az aggályok, hogy ezeknél az állami erdőgazdaságoknál komoly pénzügyi visszaélések történhetnek, és nem a legnagyobb pénzügyi hatékonysággal dolgoznak.</seg>
<seg xml:id="AC7_6607.2">Tudomásunk szerint és a sajtó értesülése szerint miniszter úr elrendelte, hogy a többi állami erdőgazdaságnál is legyen ilyen jellegű átvilágítás és ellenőrzés, aminek szintén örülök, és szintén hasznosnak érzem. Viszont a baljós árnyak arra vonatkozik, hogy ez nem előkészítése-e esetleg valaminek. Azt szeretném, ha miniszter úr abban megnyugtatna bennünket, hogy az állami erdőket mint forgalomképtelen vagyonát az államnak és magukat az állami zrt.-ket nem tervezi az állam értékesíteni, és nem egy privatizációs folyamatnak az előkészítése zajlik ezekkel a vizsgálatokkal. A magam részéről azt gondolom, hogy az állami erdővagyon helyi foglalkoztatási szerepének megerősítése, az állami erdőkezelés újragondolása nagyon-nagyon kívánatos, és nyilvánvalóan ebben komoly szerepe lehet a vagyonkezelői jogokat fenntartó Földművelésügyi Minisztériumnak. Viszont szintén sajtóértesülés az, hogy a minisztérium állítólag nem is tud erről a Kehi-jelentésről, és nem is tudott a vizsgálatról.</seg>
<seg xml:id="AC7_6607.3">Az a kérdésem tisztelt miniszter úrhoz, hogy hogyan lesz tovább, mi lesz a folytatás. Most megtörténnek a további ellenőrzések, akkor lehet-e valamilyen kormányzati tervről tudni, hogy mi lesz a következő vizsgálatoknak, az eddigi jelentéseknek a következménye? Nyilvánvalóan látjuk, hogy a zrt.-k mereven elzárkóztak, és kikérték maguknak a Kehi jelentését. Kíváncsi lennék miniszter úr álláspontjára, hogy az állami erdőkezelésnek a vagyongazdálkodásában várható-e bármilyen fordulat, várható-e a jövőképében bármilyen átalakulás, és a Kehi-jelentések tükrében lehet-e számítani valami olyanra, ami ezt befolyásolja. Köszönöm, elnök úr.</seg>
</u>
        <u xml:id="ParlaMint-HU_2015-10-12-urgent_question-AC7_6608" who="#ErzsébetSchmuck" ana="#regular"><note>SCHMUCK ERZSÉBET (LMP):</note>
<seg xml:id="AC7_6608.1">Tisztelt Államtitkár Úr! Két hete azonnali kérdésben próbáltam meg szembesíteni önöket azokkal a kijelentésekkel, amelyeket ellenzékben tettek az elfogadhatatlanul magas fizetések radikális csökkentésének szükségességével kapcsolatban, és amelyek nyilvánvalóan ellentmondásban vannak az állami cégvezetők nemrég bejelentett fizetésemelésével egyes területeken: a bankszektorban havi 5 milliós, máshol 3-4 milliós fizetések.</seg>
<seg xml:id="AC7_6608.2">Államtitkár úr, ön azzal indokolta a 180 fokos fordulatot, hogy az ország jobban teljesít, az állami cégvezetők pedig sokat tettek a javuló gazdasági teljesítményért, és azért kellett először a vezetők fizetését emelni, mert ha ők nincsenek megfizetve, akkor az ország elveszíti a jó szakembereket. Csakhogy mindez arra a több millió munkavállalóra is igaz, akik az elmúlt években mindent megtettek azért, hogy az ország jobban teljesítsen. Köztük is vannak jó szakemberek, gondoljunk az egészségügyi, a szociális vagy a bölcsődei dolgozókra, akik ezrével hagyják el az országot az alacsony fizetések miatt. Abból a növekedésből, amire hivatkozva önök emelik a vezetői fizetéseket, az emberek 80 százaléka semmit nem érzékel. A nettó minimálbér alig nőtt az elmúlt öt évben, a közszféra bérei hetedik éve vannak befagyasztva, a reálkeresetek máig nem érték el a közszférában a válság előtti szintet. A dolgozók fele keres a megélhetési küszöb alatt, a létminimumnál is kevesebbet.</seg>
<seg xml:id="AC7_6608.3">A kérdésem az: valóban ötvenszer többet ér a kormánynak egy állami cég vezetője, mint egy minimálbéres közalkalmazott? Mikor tesznek érdemi lépéseket a több százezer, létminimum alatt kereső dolgozó érdekében? Köszönöm a válaszát előre is</seg>
<kinesic type="applause"><desc>Taps az LMP soraiban.</desc></kinesic>
</u>
        <u xml:id="ParlaMint-HU_2015-10-12-urgent_question-AC7_6610" who="#TamásHarangozó" ana="#regular"><note>DR. HARANGOZÓ TAMÁS (MSZP):</note>
<seg xml:id="AC7_6610.1">Köszönöm a szót, elnök úr. Államtitkár úr, múlt héten levélben fordultam Tolna megyei országgyűlési képviselőként Lázár János miniszterhez, aki a kormányhivatalokat is felügyeli, hogy legyen kedves ebben az ügyben most segíteni. Azt is leírtam neki, hogy ebben semmilyen pártpolitikai kérdés nincs.</seg>
<seg xml:id="AC7_6610.2">A helyzet az, hogy a 6-os út építése során nem egészen két héttel ezelőtt előkerült egy középkori gótikus magyar templom romja, ami még valószínűleg a török dúlásakor lett lerombolva valamilyen természeti jelenség segítségével vagy ennek okozójaként, és az elmúlt fél évezredben úgy maradt meg a föld alatt, hogy semmilyen beavatkozás ezen nem történt, tehát ilyen szempontból egyedülálló leletről beszélünk. Azóta ezt csak magyar Pompejiként ismerik az emberek a közvélekedésben.</seg>
<seg xml:id="AC7_6610.3">Amit hivatalos válaszként kaptunk, azt elfogadni nem tudjuk. Kiderült azóta, hogy nem uniós beruházás az útépítés, hanem a magyar kormány saját döntése. Ezért ez nem lehet oka annak, hogy ilyen gyorsan vissza akarják fedni ezt a régészeti leletet. Nincs még meg a feltárása ennek a régészeti leletnek, bárki bármit állít, és azt tudjuk, hogy a hivatalos szervek ezt egyszerűen el akarják takarni, és aszfaltúttal akarják leaszfaltozni, ami, azt gondoljuk, egyszerűen barbárság és nem megengedhető. Nem kérünk egyelőre többet, mint hogy segítsen abban a kormány, hátha nem jut el hozzá minden információ, hogy a szakma legalább arra kapjon esélyt, hogy ennek a régészeti leletnek a teljes feltárása megtörténhessen, az építészszakma pedig arra kapjon esélyt, hogy át tudják tervezni úgy ennek a bekötőútnak a bekötését a 6-os útba, hogy a következő fél évezredre ismét ne kerüljön föld alá ez az egyébként Magyarországon egyedülálló lelet. Várom a megtisztelő válaszát</seg>
<kinesic type="applause"><desc>Taps az MSZP soraiban.</desc></kinesic>
</u>
      </div>
    </body>
  </text>
</TEI>
