<?xml version="1.0"?>
<TEI xmlns="http://www.tei-c.org/ns/1.0" xml:id="ParlaMint-HU_2017-06-12" xml:lang="hu" ana="#parla.sitting #reference">
  <teiHeader>
    <fileDesc>
      <titleStmt>
        <title xml:lang="hu" type="main">A Magyar Országgyűlés Korpusza ParlaMint-HU 2017-06-12 [ParlaMint]</title>
        <title xml:lang="en" type="main">Hungarian parliamentary corpus ParlaMint-HU 2017-06-12 [ParlaMint]</title>
        <title xml:lang="hu" type="sub">A Magyar Országgyűlés ülései, 7. ciklus</title>
        <title xml:lang="en" type="sub">Minutes of the National Assembly of Hungary, Term 7</title>
        <meeting ana="#parla.term" corresp="#OGY" n="7">7. ciklus</meeting>
        <respStmt>
          <persName>Miklós Sebők</persName>
          <persName>Orsolya Ring</persName>
          <resp xml:lang="hu">Parla-CLARIN TEI XML korpusz létrehozása</resp>
          <resp xml:lang="en">Parla-CLARIN TEI XML corpus encoding</resp>
        </respStmt>
        <funder>
          <orgName xml:lang="hu">CLARIN Kutatási Infrastuktúra</orgName>
          <orgName xml:lang="en">The CLARIN research infrastructure</orgName>
        </funder>
        <funder>
          <orgName xml:lang="hu">Társadalomtudományi Kutatóközpont, Eötvös Loránd Kutatási Hálózat</orgName>
          <orgName xml:lang="en">Centre for Social Sciences, Eötvös Loránd Research Network</orgName>
        </funder>
      </titleStmt>
      <editionStmt>
        <edition>2.0</edition>
      </editionStmt>
      <extent>
        <measure xml:lang="hu" quantity="17" unit="speeches">17 beszéd</measure>
        <measure xml:lang="en" quantity="17" unit="speeches">17 speeches</measure>
        <measure xml:lang="hu" quantity="6519" unit="words">6519 szó</measure>
        <measure xml:lang="en" quantity="6519" unit="words">6519 words</measure>
      </extent>
      <publicationStmt>
        <publisher>
          <orgName xml:lang="hu">CLARIN Kutatási Infrastuktúra</orgName>
          <orgName xml:lang="en">CLARIN research infrastructure</orgName>
          <ref target="https://www.clarin.eu/">www.clarin.eu</ref>
        </publisher>
        <idno type="handle">http://hdl.handle.net/11356/1388</idno>
        <pubPlace>
          <ref target="http://hdl.handle.net/11356/1388">http://hdl.handle.net/11356/1388</ref>
        </pubPlace>
        <availability status="free">
          <licence>http://creativecommons.org/licenses/by/4.0/</licence>
          <p xml:lang="hu">
            Ez a munka az alábbi licence alapján használható
            <ref target="http://creativecommons.org/licenses/by/4.0/">Creative Commons Attribution 4.0 International License</ref>
          </p>
          <p xml:lang="en">
            This work is licensed under the
            <ref target="http://creativecommons.org/licenses/by/4.0/">Creative Commons Attribution 4.0 International License</ref>
          </p>
        </availability>
        <date when="2021-03-31">2021. 03. 31.</date>
      </publicationStmt>
      <sourceDesc>
        <bibl>
          <title xml:lang="hu" type="main">A Magyar Országgyűlés ülései</title>
          <title xml:lang="en" type="main">Minutes of the National Assembly of Hungary</title>
          <idno type="URI">https://https://www.parlament.hu/ </idno>
          <date when="2017-06-12">2017. 06. 12.</date>
        </bibl>
      </sourceDesc>
    </fileDesc>
    <encodingDesc>
      <projectDesc>
        <p>
          <ref target="https://www.clarin.eu/content/parlamint">ParlaMint</ref>
        </p>
      </projectDesc>
      <tagsDecl>
        <namespace name="http://www.tei-c.org/ns/1.0">
          <tagUsage gi="text" occurs="1"/>
          <tagUsage gi="body" occurs="1"/>
          <tagUsage gi="div" occurs="1"/>
          <tagUsage gi="u" occurs="17"/>
          <tagUsage gi="seg" occurs="65"/>
          <tagUsage gi="kinesic" occurs="24"/>
        </namespace>
      </tagsDecl>
    </encodingDesc>
    <profileDesc>
      <settingDesc>
        <setting>
          <name type="address">Kossuth Lajos tér 1-3.</name>
          <name type="city">Budapest</name>
          <name type="country" key="HU">Magyarország</name>
          <date ana="#parla.sitting" when="2017-06-12">2017-06-12</date>
        </setting>
      </settingDesc>
    </profileDesc>
  </teiHeader>
  <text xml:lang="hu" ana="#reference">
    <body>
      <div type="debateSection">
        <u xml:id="ParlaMint-HU_2017-06-12-interpellation-IC7_15964" who="#RichárdHörcsik" ana="#regular"><note>DR. HÖRCSIK RICHÁRD (Fidesz):</note>
<seg xml:id="IC7_15964.1">Köszönöm a szót. Tisztelt Elnök Úr! Tisztelt Államtitkár Úr! 682 évvel ezelőtt, 1335-ben Visegrádon találkozott Károly Róbert magyar, Luxemburgi János cseh és Nagy Károly lengyel király, aminek eredményeképpen megszűnt a csehek és a lengyelek közötti ellenségeskedés, a három fél között pedig egy rendkívül szoros gazdasági és politikai együttműködés jött létre az egyre fokozódó német és osztrák nyomás ellensúlyozására is. Ezt az együttműködést hat évszázad múltán, Antall József kezdeményezésére &#8217;91. február 15&#8209;én újították fel a felek.A négytagúvá bővült együttműködésnek voltak csúcspontja, de voltak mélypontjai is. A V4-es márka azonban manapság már egy olyan elismert védjeggyé vált az Unióban, amely a közép-európai tagállamok összefogásának szimbóluma, és amit kénytelenek az Unió vezetői is elismerni, hiszen az Európai Unió kormányszintű szerveiben, a döntéshozatali folyamatok során dicséretes együttműködés figyelhető meg a négy ország között például a schengeni határok védelmében. Ezért célszerű a visegrádi négyek kooperációjának a további mélyítése. 2014-ben a V4 magyar elnöksége javaslatára egy memorandumot fogadtak el a felek az együttműködés parlamenti dimenziójának a kiszélesítésére, a szlovák, majd pedig a lengyel elnökség &#8217;14-ben és &#8217;15-ben kiemelten kezelte ezt a kérdést, kormányfői szinten pedig felmerült például a közös tévécsatorna létrehozása mint a kulturális együttműködés egyik fontos eleme. Tisztelt Államtitkár Úr! Magyarország 2017 júliusától veszi át az elnökséget. A kormány előtt álló kihívások egyike, hogy az együttműködésben részt vevő felek érdekeit minél inkább összehangolja, például abban a harcban, ami a holnap Európájáért bontakozott ki, s ahol már megjelentek a törésvonalak, mint például a brüsszeli központosítás kontra nemzetállamok Európája vagy éppen a migránsok kötelező betelepítése ügyében. Hiszen egy történelmi sorsot osztunk Csehországgal, Lengyelországgal és Szlovákiával, tehát fontos megmutatnunk, hogy nemcsak a nyugati uniós tagállamok között van létjogosultsága a komoly regionális érdekegyeztetésnek, mint például a Benelux-országok között, hanem itt, nekünk is Közép-Európában. Ezért kérdezem az államtitkár urat, milyen reális perspektívái és esélyei lehetnek a visegrádi együttműködésnek</seg>
<kinesic type="noise"><desc>Közbeszólás az MSZP soraiból: Semmilyen!</desc></kinesic>
<seg xml:id="IC7_15964.2">Várom megtisztelő válaszát</seg>
<kinesic type="applause"><desc>Taps a kormánypártok soraiban.</desc></kinesic>
</u>
        <u xml:id="ParlaMint-HU_2017-06-12-interpellation-IC7_15998" who="#ErzsébetSchmuck" ana="#regular"><note>SCHMUCK ERZSÉBET (LMP):</note>
<seg xml:id="IC7_15998.1">Köszönöm a szót, elnök úr. Tisztelt Államtitkár Úr! Orbán Viktor &#8209; értesülve Donald Trump bejelentéséről, miszerint az Egyesült Államok kilép a párizsi klímaegyezményből &#8209; a napokban úgy nyilatkozott, hogy még sokkhatás alatt van. A miniszterelnök szerint Magyarország álláspontja az, hogy a klímaváltozás létezik, veszélyes és globális természetű, a vele szembeni fellépés pedig globális szintű cselekvést igényel, és hogy Donald Trump döntése mindezzel ellentétes, elhatározásának következményein még gondolkodnia kell.Az LMP osztozik a világ haladó felének véleményében, miszerint Trump ezen döntésével a Föld egészét cserben hagyta egy katasztrófával veszélyeztető helyzetben. De erre egy nemzet felelős vezetőjének sohasem azt a választ kell adnia, hogy éppen sokkhatás alatt van, és majd gondolkodik a következményeken, különösen, mert már három éve semmit nem tesz az éghajlatváltozás ügyében. Lehet, hogy az USA visszalép az éghajlatváltozás erősödéséért felelős üvegházhatású gázok kibocsátásának csökkentésétől, de ez számunkra csak még inkább halaszthatatlanná teszi a cselekvést.A magyar kormánynak pontosan tudnia kell, hogy e téren Európában az egyik leginkább veszélyeztetett, legsérülékenyebb ország vagyunk. Miért nem az sokkolja a miniszterelnököt, hogy a kormánynak nemhogy az energiahatékonysággal, a zöldgazdaság beindításával, a megújulóenergia-hasznosítással összefüggő érdemi intézkedései nincsenek, de még bünteti is azokat, akik ezért tennének valamit? A kormány hogyan számol majd el azzal, hogy semmilyen lépést nem tesz azért, hogy hazánk felkészüljön a kedvezőtlen hatások csökkentésére, beleértve az elsivatagosodáshoz vezető térségeket pusztító aszályt, a felszín alatti vizek növények számára elérhetetlen csökkenését, az új kártevők és betegségek várható pusztítását, a rendkívüli időjárás egészségre gyakorolt hatását?Mindezek orvoslására volna megoldás, ha a kormány valóban arra figyelne, ami fontos az országnak. Egy, a változó termőhelyi adottságokhoz igazodó agrár- és erdőpolitikára, a vízvisszatartásra, ár- és belvízgazdálkodásra épülő vízügyi politikára, élhető településpolitikára, önkormányzati és civilpolitikára, a szomszédos országokkal folytatott környezeti diplomáciára van szükség. Amerika vezető cégei, egyes államai, városai és civiljei hadat üzentek Trump politikájának, és továbbra is teljesítik, amit globális és helyi felelősségük megkíván. Mindez még gazdasági előnnyel is jár. Tisztelt Államtitkár Úr! Azt szeretném megtudni, hogy önök mit gondolnak, miért nem sikerült már harmadik éve napirendre tűzni az éghajlatváltozási stratégiát. Mi indokolja ennek a nemzetstratégiai kérdésnek a mellőzését?</seg>
</u>
        <u xml:id="ParlaMint-HU_2017-06-12-interpellation-IC7_16003" who="#SándorBurány" ana="#regular"><note>BURÁNY SÁNDOR (MSZP):</note>
<seg xml:id="IC7_16003.1">Köszönöm a szót. Tisztelt Elnök Úr! Tisztelt Államtitkár Úr! Látom, Rogán miniszter úr gyáván megfutott a kérdés elől, de vágjunk bele! A kormány tavaly az állami cégek kommunikációjának szervezésére egy 25 milliárdos büdzsét hagyott jóvá, a megbízások teljesítésére három cégcsoport kapott jogosultságot. Nem meglepő módon a cégcsoportok közül kettő &#8209; ahogy az önöktől már megszokott &#8209; kormányközeli, egy egyébként pedig amerikai hátterű cég. Meglehetősen bőkezűen bántak a közpénzekkel, 2016-ban már 6,3 milliárd forintot költöttek el propagandára, 80 százalékkal többet, mint 2015-ben. A pénzszórásnak csak egyetlen célja volt: az, hogy a haverok zsebeit ismét megtömjék. Ezt a folyamatot jól példázza a Ripost nevű bulvárlap esete, állami cégek és szereplők ugyanis csaknem 600 millió forint értékben, a piaci ár sokszorosáért hirdettek a Habony Árpád miniszterelnöki tanácsadóhoz köthető Ripostban. Az MVM ezen belül 180 millió forintért, az önök irányítása alá tartozó Miniszterelnöki Kabinetiroda 171 millió forintért, a Szerencsejáték Zrt. pedig 161 millió forintért vásárolt hirdetéseket. Ami önöket illeti, csak itt 100 millió forintot áldoztak a népszavazási kampány reklámozásáért. Úgy tűnik egyébként, hogy a magáncégek egyáltalán nem tartják értékes felületnek a Ripostot, az ő költésük még az 5 millió forintot sem érte el. Tisztelt Államtitkár Úr! Hogy, hogy nem, Rogán Antal Pasa parki szomszédjának, Csetényi Csabának a cége állami hirdetésekből csaknem 200 millió forintot kaszált</seg>
<seg xml:id="IC7_16003.2">(16.10)De szép summát szakított a Szijjártó Péter barátjaként ismert Kuna Tibor cége is, a maga 293 millió forintjával. Államtitkár úr, önök meglehetősen nagy arccal nyomják a kormányzati propagandát, gondosan ügyelve a baráti kör anyagi előmenetelére. Az újabb év közbeni költségvetési módosításokat látva elmondható, hogy erre a célra a világ pénze nem elég: újabb és újabb milliárdokra van szükségük mohóságukban. A kérésem tehát csak annyi lenne, mondjon már végre egy számot, a szíve szerint mennyi pénzből gazdálkodna a kabinetiroda. Mégis, legszebb álmai szerint hány milliárdot költenének még haverokra? Tisztelettel várom válaszát</seg>
<kinesic type="applause"><desc>Taps az MSZP soraiból.</desc></kinesic>
</u>
        <u xml:id="ParlaMint-HU_2017-06-12-interpellation-IC7_16005" who="#LászlóSzászfalvi" ana="#regular"><note>SZÁSZFALVI LÁSZLÓ (KDNP):</note>
<seg xml:id="IC7_16005.1">Köszönöm a szót, tisztelt elnök úr. Tisztelt Államtitkár Úr! A nyár beköszöntött, és hamarosan jelentős számú diák fejezi be az iskolát, így kézenfekvő, hogy kiemelt figyelmet fordítsunk a diákok nyári munkavállalásának lehetőségeire. Az év közben tanuló diákok nyáron egyfelől némi jövedelmet szerezhetnek, másfelől munkatapasztalatra, a jól elvégzett munka révén pedig sikerélményre tehetnek szert. 2010 óta csaknem 500 ezer új munkahely jött létre a versenyszférában, viszont egyes régiókban így is komoly munkaerőhiány alakult ki, amire jó megoldást kínálhat a diákok munkavállalása. A munkaerőpiac tárt karokkal várja a fiatal munkaerőt, és mivel a vállalatoknak egyre több jó szakemberre van szüksége, a naprakész tudást és gyakorlatot fiatalon elsajátító majdani munkavállalókat hajlandóak magasabb bérért foglalkoztatni.A jelenlegi szabályozás szerint a 16 év feletti diákok vállalhatnak munkát, és a diákok csak a törvényes képviselőjük hozzájárulásával, az adóhatóság ellenőrzésével és szigorú szabályok között, az egyenlő bánásmód elvének érvényesülésével köthetnek szerződést. A 16 év feletti fiatalok körében ez évente mintegy 200 ezer diák idénymunkáját jelenti, aminek nagy része iskolaszövetkezetekben valósul meg. Azért jó ez a forma, mert a szövetkezetek minden részfeladatot átvállalnak, megkönnyítve mind a munkaadó, mind a munkavállaló adminisztrációs és financiális terheit. Többek között a munkaadónak nem kell a bejelentéssel és a bérszámfejtéssel foglalkoznia, míg a fiatal munkavállalók az általuk megfelelő idénymunkát választhatják, és nem kell alkudozniuk a bérezésről.Tisztelt Államtitkár Úr! A megfelelően szabályozott és ellenőrzött keretek között megvalósuló nyári diákmunka mindenki számára előnyt és hosszú távú sikereket biztosíthat. Éppen ezért kérdezem tisztelettel az államtitkár urat, milyen feltételekkel vállalhatnak munkát nyáron a diákjaink, és ezt hogyan támogatja a kormány. Várom államtitkár úr megtisztelő válaszát. Köszönöm</seg>
<kinesic type="applause"><desc>Taps a kormányzó pártok padsoraiban.</desc></kinesic>
</u>
        <u xml:id="ParlaMint-HU_2017-06-12-interpellation-IC7_16008" who="#IstvánHiller" ana="#regular"><note>DR. HILLER ISTVÁN (MSZP):</note>
<seg xml:id="IC7_16008.1">Tisztelt Elnök Úr! Tisztelt Államtitkár Úr! Képviselő Asszonyok és Képviselő Urak! Régen beszéltek annyit a magyar felsőoktatásról, pontosabban, a magyar felsőoktatási törvény módosításáról határon innen és határon túl, mint amennyit az elmúlt hónapokban. Bár a parlamenti ülésszak végén jó lenne arról beszámolni, hogy ez a nagy visszhang dicsérő szavakat és elismerést jelent, de sajnos épp fordított a helyzet: Oxfordtól Vilniusig és Melbourne-től New Yorkig arról szóltak a híradáso</seg>
<kinesic type="signal"><desc>Az elnök csenget.</desc></kinesic>
<seg xml:id="IC7_16008.2">, a felháborodott vélemények, a tiltakozások, hogy a magyar kormány mondvacsinált okokból el akarja lehetetleníteni az országban működő egyik legszínvonalasabb felsőoktatási intézményt.Tisztelt Államtitkár Úr! Az a helyzet, hogy nagyon szeretném, ha rám figyelne, ez ugyanis a magyar parlament. Én ellenzéki képviselő vagyok, jogom van önt interpellálni, elvárom, hogy figyeljen rám. Tudom, hogy tud olvasni, mert le kell adni az interpellációt, de mégiscsak felháborító, hogy miközben felelős kormány tagjaként arra kellene hogy figyeljen, hogy én interpellálok, maga még rám se hederít. Ennyit a lex CEU-ról</seg>
<kinesic type="applause"><desc>Taps az MSZP padsoraiban. &#8209; Közbeszólás az MSZP soraiból: Szégyen!</desc></kinesic>
<seg xml:id="IC7_16008.3">Tisztelettel kérem, hogy azt a három percet, másfelet, amit interpellációként erre kell szánnom, figyelemmel fogadja.Hogy a szakmai vitát rövidre zárjuk, szögezzük le, hogy az az érvelés, amivel a kormányzat az akkreditációs és működési feltételek kapcsán élt, nemhogy parlamenti vitát és törvénymódosítást nem indokol, hanem aki egy kicsit is jártas a magyar felsőoktatás ügyeiben, tudja, hogy egyszerű hiánypótlással megoldható, amit a Magyar Akkreditációs Bizottság vagy az Oktatási Hivatal hatáskörében bőven el lehet intézni.A törvény szakmai indokoltsága, tisztelt államtitkár úr, nulla, ez egy politikai indíttatású törvény, nem véletlen, hogy sikerült bevásárolni egy olyan nemzetközi botrányt, amely messze túlnyúlik a politika határán: 15 Nobel-díjas, több tucat világhírű egyetem, kutatóintézet, több mint ezer, szakmájában magasan jegyzett professzor fejezte ki értetlenségét, elégedetlenségét, felháborodását, és nevezte az akadémiai szabadság megsértésének a lex CEU-t. Nem kétséges, hogy ez a törvénymódosítás, a kormányzat egész megközelítése súlyos kárt okoz a tudományos életnek, egész Magyarországnak, ez a törvény kárt okoz hazánknak.Azt kérdezem, államtitkár úr, hogy kinek jó ez. Belátja-e, hogy a törvény országunk érdeke ellen való</seg>
<kinesic type="signal"><desc>Az elnök csengetéssel jelzi az időkeret leteltét.</desc></kinesic>
<seg xml:id="IC7_16008.4">Mi az oka annak, hogy ezt a kimondottan ártalmas törvényt még nem vonták vissza? Kérem, mondja el, mikor vonják vissza. Köszönöm szépen a türelmét</seg>
<kinesic type="applause"><desc>Taps az MSZP padsoraiban.</desc></kinesic>
</u>
        <u xml:id="ParlaMint-HU_2017-06-12-interpellation-IC7_16010" who="#SzilárdIstvánNémeth" ana="#regular"><note>NÉMETH SZILÁRD ISTVÁN (Fidesz):</note>
<seg xml:id="IC7_16010.1">Köszönöm, elnök úr. Tisztelt Miniszter Úr! Tisztelt Országgyűlés! Közel százmillió uniós állampolgár juthat ugyanazon márkanév alatt a nyugati piacokon forgalmazottnál gyengébb minőségű termékekhez az Európai Unió keleti felén. Ez a felháborító gyakorlat főleg a multinacionális vállalatokhoz köthető, amelyek a fogyasztókkal való tisztességes bánásmód helyett kizárólag a profitmaximalizálásra törekednek. Az általuk másodrendűnek tekintett piacokra a másodrendű fogyasztóknak ugyanazon márkajelzés alatt másodrendű élelmiszereket hoznak. Az Unió Mezőgazdasági és Halászati Tanácsánál már nyolc ország képviselője tiltakozott a multinacionális cégek ilyen gyakorlata ellen, Magyarország és Szlovákia pedig közösen kezdeményezte az illetékes bizottságnál, hogy teremtse meg azokat a jogi kereteket, amelyek segítségével számonkérhető az egyenlő elbánás az élelmiszerekkel kapcsolatban. Azt hiszem, annak igen negatív jelzésértéke lenne, ha az Unió nem lépne ebben a kérdésben és nem próbálná jogi eszközökkel megszüntetni ezt a tűrhetetlen gyakorlatot, ugyanis uniós szinten kell megteremteni annak garanciáját, hogy az európai polgárok nemzetállami és földrajzi hovatartozásuktól függetlenül egyformán jó minőségű élelmiszerekhez juthassanak, hangsúlyozom, bárhol is éljenek az EU-n belül. A hazai ellenzék témához való hozzáállása is jellemző: vagy bagatellizálják, vagy mentegetik a multikat és Brüsszelt, sőt egyenesen a magyar kormányt vádolják a problémáért. Az mindenesetre sokat elárul, hogy képviselőik sem itt az Országgyűlésben, sem pedig az Európai Parlamentben nem mutatnak túl nagy aktivitást a kérdés kapcsán. Nekik sokkal fontosabb most a Soros Györggyel való szövetkezés vagy az ország külföld előtt való lejáratása, mint hogy a magyar fogyasztók érdekeivel foglalkozzanak. A kormány ezzel szemben itthon most újabb témakörök tekintetében kezdeményez vizsgálatokat, uniós szinten pedig tovább képviseli azt az álláspontot, hogy európai bizottsági szinten kell megvizsgálni azt a kérdést, hogyan lehet fellépni azon nagyvállalatok ellen, amelyek a fogyasztóikat megtévesztve ugyanazon márkanév alatt különböző országokban különböző minőségű termékeket árulnak. Tisztelt Miniszter Úr! Milyen témakörök vizsgálatára készül a kormány? Milyen lépéseket tervez a kormány a fogyasztók védelme érdekében? Milyen lépéseket lehetne tenni uniós szinten? Milyen együttműködésre van kilátás az érintett keleti tagállamokkal? Megtisztelő válaszát előre is köszönöm</seg>
<kinesic type="applause"><desc>Taps a kormánypártok soraiban.</desc></kinesic>
</u>
        <u xml:id="ParlaMint-HU_2017-06-12-interpellation-IC7_16021" who="#LorántnéHegedűs" ana="#regular"><note>HEGEDŰS LORÁNTNÉ (Jobbik):</note>
<seg xml:id="IC7_16021.1">Köszönöm szépen a szót. Tisztelt Államtitkár Úr! A kormányzat egy korábbi döntése értelmében 137,5 milliárdos kötelezettségvállalással támogatná a 3-as metró hálózatfelújítását. Ennek alapján a főváros kiírta a kivitelezésre vonatkozó közbeszerzési eljárást, most már két alkalommal is. Az első tendereztetéskor 50 százalékkal magasabbak voltak az árak az előzetesen vártnál. Most a második körre érkezett csökkentett műszaki tartalmú ajánlatok már sokkal kedvezőbbek ugyan, de még így is 37,1 milliárddal magasabbak annál, mint amennyire a kormányzat fedezetet biztosít. Az ok egyértelműen az, hogy a vészesen leromlott állapotú műszaki infrastruktúra jelentős kockázatot hordoz a kivitelezők számára is. Ezért sem lehet tehát halogatni a metrófelújítást, mert az csak tovább növelné a már egyébként is csillagászati költségeket. A 3-as metró hálózata éves szinten mintegy 150 millió utazást bonyolít, így biztonságos működése szó szerint létkérdés, és félő, hogy ha a kormányzat nem segít a fővárosiaknak, meghiúsulhat a felújítás &#8209; legalábbis részlegesen &#8209;, és ez pedig beláthatatlan következményekkel járhat.Az előbbiekben említett 37,1 milliárdos többletköltség kapcsán már tettem föl kérdést, és arra pont ön adott nagyon korrekt választ, amely így szólt: egyértelműen szeretném rögzíteni, hogy a kormány minden segítséget megad a fővárosnak, abban az esetben, ha tényleges forrásbevonásra lesz szükség a projekt megvalósításához. Hetekkel a tenderbontás után a beérkezett árajánlatok részletes átvizsgálását követően kétség sem fér ahhoz, hogy a számítások megalapozottak, valóban szükség lenne az összesen tehát így 174,6 milliárd forintra. Ennek ellenére a miniszterelnök így nyilatkozott minap a kérdésről: &#8222;A szakértők megvizsgálták ezt a munkát, kiírták a pályázatot, a kormány a szükséges pénzt rendelkezésre bocsátotta. Annyiból meg lehet, és annyiból meg is kell csinálni.&#8221; Csak sajnos tudjuk, ez nem igaz. A kormányzati látványberuházások tucatjainak emelkedik sokszorosára a kivitelezési ára az eredetileg becsült mérnökárhoz képest. Az ilyen esetekben a kormányzat kivétel nélkül mindig hallatlan nagyvonalúságot tanúsít, nem így ebben az esetben, a metrókérdésben. Itt presztízskérdésként kezelve korábbi döntéseiket, nem adnak segítséget. Tisztelt Államtitkár Úr! Azt szeretném kérni, hogy ne játsszanak a budapestiek életével, egészségével, biztonságával, és kérem, válaszoljon egyértelműen: mikor fogják végre biztosítani a szükséges többletforrásokat a metró beruházásához? És érdemi választ szeretnék kérni. Köszönöm szépen, hogy meghallgattak</seg>
<kinesic type="applause"><desc>Taps a Jobbik soraiban.</desc></kinesic>
<seg xml:id="IC7_16021.2">(16.20)</seg>
</u>
        <u xml:id="ParlaMint-HU_2017-06-12-interpellation-IC7_16022" who="#ZsoltEgyed" ana="#regular"><note>EGYED ZSOLT (Jobbik):</note>
<seg xml:id="IC7_16022.1">Köszönöm a szót. Tisztelt Elnök Úr! Tisztelt Miniszter Úr! A tavalyi évben számtalan brutális állatbántalmazás történt, amely azt bizonyítja, hogy az állatvédelemmel kapcsolatban a jelenlegi szabályozás elavult. Az elmúlt hónapokban több alkalommal is felszólaltam, törvénymódosító javaslatokat nyújtottam be annak érdekében, hogy például felfüggesztett börtönbüntetés helyett tényleges szabadságvesztést kapjon az, aki állatot kínoz. Ennek okán létre is jött egy civil kezdeményezés, amelynek alapja, hogy kellő komolysággal érvényesítsék az állatvédelmi törvényt minden erőszakos, életellenes állatkínzás ügyében. Az Igazságügyi bizottság a napokban már sokadik alkalommal szavazta le a törvényjavaslatomat. Minden egyes alkalommal, amikor leszavazzák a Jobbik állatvédelmet szolgáló javaslatait, maguk is bűnrészessé válnak az állatokat ért bántalmazásban. A másik probléma, amelyet sürgősen orvosolni kellene, az a gyepmesteri telepek jelenlegi működésének megváltoztatása, hiszen vannak olyan telepek, amelyek profitorientáltan működnek, nem pedig a tényleges feladatukat végzik.A Mezőgazdasági bizottság által tárgyalt javaslatomat, amely megoldást találna a hatékonyabb működésre, több kezdeményezéshez hasonlóan szintén leszavazták, ez lett sajnos a vége. A problémák felismerése érdekében és hogy közelebb kerüljünk a megoldáshoz, az általunk rendszeresen összehívott állatvédelmi kerekasztalon sorra megvitatjuk a felmerülő kérdéseket, az állatvédelemben jártas civilekkel együtt. Önök viszont meghívásunk ellenére sem voltak hajlandók megjelenni, amelyből én arra tudok következtetni, hogy önöket a legkisebb mértékben sem érdekli az állatvédelem, és a legkisebb mértékben sem érdekli az állatok sorsa. Tisztelt Miniszter Úr! A zavaros ötletelésük helyett inkább arra fordítsanak figyelmet, hogy az állatkínzók tényleges szabadságvesztést kapjanak elrettentésül tettükért. Emellett vegyék figyelembe a Jobbik költségvetési módosító javaslatát, amelyet sajnos nem vettek most figyelembe, amely biztosítaná az állatok ivartalanításának fedezetét. Amihez viszont nem pénz, csak akarat kell, még várat magára: az állatkínzás büntetési tételét emelni kell. A felfüggesztett börtönbüntetésnek nincs elrettentő hatása az elkövetőre. Ez egy egészséges társadalomnak alapvető feltétele, hogy úgy bánjon az állatokkal, ahogy az a XXI. században elvárható.Tisztelt Miniszter Úr! Miért fordítják el a fejüket, ha az állatkínzás szóba kerül? Tisztelettel kérdezem: mégis milyen szintű brutális bántalmazásnak kellene még ahhoz történnie, hogy a Btk.-módosításai végre célba érjenek? Várható-e a gyepmesteri rendszer működésében változás a feladatok hatékonyabb ellátására? Szeretném még azt végül megkérdezni, tisztelt miniszter úr, hogy ha Egyed Zsolt módosító javaslatait semmibe veszik, azzal engem nem bántanak meg, de itt nem az én akaratomat szeretném érvényesíteni, hanem annak a több százezer állatszerető embernek az akaratát az országban, akik gyakorlatilag mindent megtesznek azért, hogy az állatoknak jobb sorsa legyen. Ennek jelen pillanatban sajnos csak önök az akadályai. Várom válaszát. Köszönöm szépen</seg>
<kinesic type="applause"><desc>Taps a Jobbik padsoraiban.</desc></kinesic>
</u>
        <u xml:id="ParlaMint-HU_2017-06-12-urgent_question-AC7_15752" who="#TamásHarangozó" ana="#regular"><note>DR. HARANGOZÓ TAMÁS (MSZP):</note>
<seg xml:id="AC7_15752.1">Köszönöm a szót, elnök úr. Tisztelt Országgyűlés! Először is, tisztelt miniszter úr, üdvözlöm itt, az Országgyűlés épületében. Gondolom, nem kell újra bemutatni ezt a termet, nagyon régen láttuk itt. Nem lenne olyan nagy baj, ha néha bejárna ide.</seg>
<seg xml:id="AC7_15752.2">Magyarországon példátlan módon a vádhatóság most éppen Mengyi Roland fideszes országgyűlési képviselővel szemben bűnsegédként különösen nagy vagyoni hátrányt okozó, bűnszövetségben elkövetett költségvetési csalás bűntettének kísérletével és vesztegetést állítva elkövetett befolyással üzérkedés bűntettével vádolja. Ezt eddig tudtuk. Arról viszont elfelejtett beszámolni, miniszter úr, hogy az ön minisztériumában ezzel kapcsolatban házkutatást tartott a hatóság, hogy iratokat foglalt le a hatóság, és hogy az ön közvetlen környezetét kihallgatta a hatóság.</seg>
<seg xml:id="AC7_15752.3">Az ügy legsúlyosabb része, hogy az ön kabinetfőnöke és helyettes államtitkára egymást kizáró, egymást meghazudtoló vallomást tett az ügyben, büntetőeljárásban. Valamelyikük hazudott, miniszter úr. Röviden: a NAV 2015. szeptember 3-án minősített iratban jelezte önnek, hogy baj van a pályázattal. A kabinetfőnöke az ön utasítására ezt az iratot megmutatta a helyettes államtitkárának, és arra utasította, hogy ne nyerjen a jelzett pályázat. A helyettes államtitkára a vallomásában azt cáfolta, azt mondta, sosem látta ezt az iratot, és semmire nem utasította ön.</seg>
<seg xml:id="AC7_15752.4">Az már a bűnpártoló ügyészség szégyene, hogy sem tanúszembesítés nem történt, sem önt nem hallgatták meg, hogy akkor mire is adott utasítást és mire nem. Úgyhogy akkor megragadom az alkalmat, miniszter úr, itt, a parlament nyilvánossága előtt válaszoljon ezekre a kérdésekre. Valaki ugyanis hazudott büntetőeljárásban, ami hamis tanúzásnak számít. Tehát Farkas Anikó kabinetfőnöke igazat állított-e az ügyészségen, és ön valóban utasította-e őt arra, hogy az iratot mutassa meg Köpeczi-Bócz Tamás államtitkárnak? Ezen túl rendelt-e el vizsgálatot, miniszter úr, hogy vajon hány, a Voldemort-ügyhöz hasonló visszaélés történhetett az ön tárcájánál az elmúlt időszakban? Mi lett az ügy következménye? Tett-e feljelentést az ügyben? Várom válaszát</seg>
<kinesic type="applause"><desc>Taps az MSZP soraiban.</desc></kinesic>
</u>
        <u xml:id="ParlaMint-HU_2017-06-12-urgent_question-AC7_16084" who="#BernadettSzél" ana="#regular"><note>DR. SZÉL BERNADETT (LMP):</note>
<seg xml:id="AC7_16084.1">Köszönöm szépen, elnök úr. Elfogadni nehezen tudom, inkább tudomásul veszem, hogy miniszter úr nem kíván itt lenni a parlamentben és kínos kérdésekre válaszolni. Mert megint arról lesz szó, hogy egészen pontosan hogyan került az állami tulajdonú MVM-ből több mint félmilliárd forint a CÖF-nek támogatás gyanánt.</seg>
<seg xml:id="AC7_16084.2">Ugyanis azt is tudjuk, hogy az MVM azért tudja ilyen bőkezűen osztogatni ezeket a támogatásokat, mert az elmúlt években a paksi bővítés előkészületeként súlyos tízmilliárdokkal pumpálták fel a céget. Nem véletlen, hogy még Lázár János is elismerte, hogy amit az MVM költ, az közpénz. Miután ez a félmilliárdos támogatás napvilágra került, akkor a CÖF azzal a nagyon komikus védekezéssel állt elő, hogy az egész támogatást komplettált élelmiszerek népszerűsítésére költötték, meg a civilitikának a tudományterületét dolgozták ki. Ezt a mesét azonban, úgy tűnik, még házon belül sem egyeztették, mert néhány nappal később maga ifjabb Lomnici Zoltán fogalmazott úgy, idézem: „Természetesen az MVM-től kapott pénz nem az aktivistáknak ment, nem is a szóvivőknek, akik önkéntesen végzik a feladatukat, hanem a külföldi nemzetellenes nyomást ellensúlyozó civil kampányra fordította a CÖF.” Tehát maga a CÖF az, aki elismerte, hogy nem komplettálnak, meg civilitikával foglalkoznak ezen a pénzen, hanem az MVM-től kapott közpénzt politikai célokra kívánják felhasználni.</seg>
<seg xml:id="AC7_16084.3">De az önleleplezés nem ért itt véget. Néhány hete megkérdeztem az MVM-et felügyelő Seszták Miklós miniszter urat, hogy vajon adott-e egyáltalán engedélyt ilyen támogatás kifizetésére, mire azt mondta, hogy köze nincs a történethez, majd novemberben utánanéz ennek az egésznek. Csakhogy alig pár nappal később Bentzik Réka, az MVM kommunikációs igazgatója egy interjúban azt mondta, idézem: „A támogatások megítélése minden egyes esetben azonos szabályok szerint történik, és minden támogatásunkat a Nemzeti Kommunikációs Hivatal hagyja jóvá.” A helyzet tehát úgy áll, hogy az érintettek is elismerik, hogy az MVM közpénzből, a propagandaminisztérium engedélyével, százmilliókkal támogatja a CÖF-öt, hogy aztán az álcivil szervezet fideszes plakátokkal rakja tele az országot. Ezt nem én mondtam, ezeknek az állításoknak minden elemét önök mondták.</seg>
<seg xml:id="AC7_16084.4">Ki hazudik, tisztelt államtitkár úr? Seszták Miklós hazudik, az MVM kommunikációs igazgatója hazudik? Ki hazudik? A Nemzeti Kommunikációs Hivatal hazudik, Rogán miniszter úr minisztériuma hazudik? Ki hazudik ebben a történetben</seg>
<kinesic type="applause"><desc>Taps az LMP és a Jobbik padsoraiból.</desc></kinesic>
</u>
        <u xml:id="ParlaMint-HU_2017-06-12-urgent_question-AC7_16085" who="#ÁkosHadházy" ana="#regular"><note>DR. HADHÁZY ÁKOS (LMP):</note>
<seg xml:id="AC7_16085.1">Köszönöm szépen. Az előbb kicsit meglepődve hallottam, amikor azt mondta a miniszter úr, hogy mindig csak egy dologról beszélünk, egyetlenegy projektről, programról beszélünk, Farkas Flórián projektjéről. Ott is van több, nem tudom, az államreform-, a roma államreformprogramról hallott-e, 1 milliárd forint ment el rá, és ezért elvileg 8 ezer ember kapott egy 30 órás érzékenyítő tréninget nagyjából 300 ezer forintért, de ezen kívül nagyon sokat mutattunk be. Most én egy másikkal készültem.</seg>
<seg xml:id="AC7_16085.2">A KLIK-ben 2015-ben nagyjából 1 milliárd forintért, 900 millió forintért vásároltak programokat, ezt átvették, nagyon érdekes körülmények között, mert ugyanaz az ember ugyanazon a napon aláírt egy teljesítési igazolást, hogy ki lehet fizetni, utána pedig egy nagyon hosszú hibalistát, hogy nem működik a program, és kapnak még fél év haladékot, de az az információ jött, hogy ez még mindig nem működik, tehát másfél év múlva, 2017 májusában sem működnek ezek a programok, és amikor én kértem, hogy ebbe hadd nézzek bele, akkor körülbelül egy fél évet kellett várnom, amíg megengedték.</seg>
<seg xml:id="AC7_16085.3">Amikor bementem, akkor elkezdtük sorra venni: HR-rendszer, nem működik; vagyonnyilvántartás, nem működik; egységes adatbekérő program, nem működik; beszerzési programok, nem működik; vezetési információs rendszer, nem működik - hát, mondom, mit használnak helyette? Excel-táblát használnak helyette. Mindegyikre az volt a válasz, hogy majd az működni fog, kaptunk rá engedélyt, majd elindul, az átállás miatt kellett, ami mondjuk, 2017. január 1-jén volt, nem pedig 2016. január 1-jén. Ezer sebből vérzik, azonban a legszörnyűbb és legérthetetlenebb tétel egy tanügyi rendszer volt, van egy olyan program, hogy tanügyi rendszer, amelynek a fő feladata a beiratkozások rendezése, és erre a tanügyi rendszerre azt a választ mondták, hogy 2016-ban használták, de 2017-ben már mást használnak, a KRÉTA rendszert használják.</seg>
<seg xml:id="AC7_16085.4">A kérdésem az, hogy mit lehet egy 120 milliós programmal csináln</seg>
<kinesic type="signal"><desc>Az elnök csenget.</desc></kinesic>
<seg xml:id="AC7_16085.5">, amit már nem használnak, el sem kezdték, és már helyette mást használnak. Én azt hiszem, ezt vissza kell fizetni az Uniónak, és az pedig hiányként fog megjelenni a költségvetésben. Köszönöm</seg>
<kinesic type="applause"><desc>Taps az LMP soraiban.</desc></kinesic>
</u>
        <u xml:id="ParlaMint-HU_2017-06-12-urgent_question-AC7_16086" who="#AnitaHeringes" ana="#regular"><note>HERINGES ANITA (MSZP):</note>
<seg xml:id="AC7_16086.1">Köszönöm szépen. Tisztelt Államtitkár Úr! Május 23-án tartotta a Fenntartható fejlődés bizottsága általam kezdeményezett kihelyezett ülését Pakson az atomerőműben. Sok fontos témáról esett szó az ülésen, de kiemelt fontosságú, többször visszatérő kérdés volt a szakemberek képzése.</seg>
<seg xml:id="AC7_16086.2">Több mint hét éve hívjuk fel a kormány minden figyelmét Tolna megyei képviselőtársammal arra, hogy komolyan kell venni ezt a kérdést, a jövő generációjának képzését. Ez egy nagyon fontos, magas képesítést kívánó terület. Ha nem teszünk, nem tesznek semmit, évek múlva szakemberhiány lehet a Paksi Atomerőmű működtetésében. Már most is szakemberhiány van az Országos Atomenergia Hivatalnál mint felügyeleti szervnél.</seg>
<seg xml:id="AC7_16086.3">Kulcsfontosságú lesz a következő időszakban a munkaerő kérdése ezen a területen. Hamvas István is elmondta, hogy az atomerőműben nem elég az egyetemről kikerülni, hanem még többéves képzésen kell részt venni ahhoz, hogy ott komoly munkát végezhessen egy fiatal ember. Egyszóval nem elég a technikumból, az egyetemről kikerülni, hanem további képzésekre is szükség van ezen szakembereknek ahhoz, hogy nukleáris területen dolgozhassanak. Ez szakirányú iskola elvégzése után akár 3-5 évet is jelenthet. Az OAH-ban most is túl nagy a csere. Hiába van lehetőségük 40 fős létszámemelésre, ha nincs kivel feltölteniük az állományt, mert nincs megfelelő képzettségű szakember, aki ezért a fizetésért ellátná ezt a komoly feladatot, pedig nekik kell figyelni az összes nukleáris területet ebben az időszakban.</seg>
<seg xml:id="AC7_16086.4">Mindkét cég és az energiaügyek is önökhöz tartoznak. Ezért kérdezem: mit kívánnak tenni a szakemberek képzése területén? Hogy kívánják megoldani a paksi Energetikai Szakgimnázium és Kollégium további működtetését? Mit kívánnak tenni, hogy az ösztöndíjprogramok elérjék hatásukat? Vagy milyen ösztöndíjprogramokat kívánnak még indítani, hogy normális képzés legyen ezen a területen? Hét éve várjuk, hogy komolyabb lépéseket tegyenek, egyelőre nem volt komoly lépés, így várom pozitív válaszát</seg>
<kinesic type="applause"><desc>Taps az MSZP soraiban.</desc></kinesic>
</u>
        <u xml:id="ParlaMint-HU_2017-06-12-urgent_question-AC7_16087" who="#ZsoltLegény" ana="#regular"><note>DR. LEGÉNY ZSOLT (MSZP):</note>
<seg xml:id="AC7_16087.1">Köszönöm a szót, elnök úr. Tisztelt Ház! Tisztelt Miniszter Úr! Én is akkor megtisztelem a miniszter urat azzal, hogy azt gondolom, gyakorlatilag minden uniós finanszírozással kapcsolatos program esetében naprakész információkkal rendelkezik, és egy ilyen témát érint a kérdésem is.</seg>
<seg xml:id="AC7_16087.2">A Fidesz által az elmúlt időszakban kialakított Magyarországon sok gyermek és felnőtt számára az éhezés jelenti a mindennapi valóságot. A négymillió, létminimum alatt élő magyar között vannak olyanok, akik időszakosan éheznek, és vannak olyanok, akik bár hozzáférnek ételhez, de minőségi táplálékhoz nem. A mélyszegénységben élő családok számára a nyári időszak különösen kétségbeejtő, hiszen az iskolák és óvodák bezárásával rengeteg gyerek marad biztos napi betevő nélkül.</seg>
<seg xml:id="AC7_16087.3">Az Európai Unió a leginkább rászoruló személyeket támogató európai segítségnyújtási alapjával igyekszik ezen a helyzeten változtatni. Ennek a programnak a neve egészen pontosan: a leginkább rászoruló személyeket támogató európai segítségnyújtási alap, röviden a FEAD, a szociális alap tevékenységét egészíti ki azzal, hogy olyan intézkedéseket támogat, amelyekkel az uniós tagállamok nem pénzügyi - és ezt szeretném kifejezetten hangsúlyozni, hogy nem pénzügyi -, hanem természetbeni segítséget biztosítanak a leginkább rászoruló társadalmi csoportok számára, akár élelmiszerek, akár ruhanemű, akár tisztálkodószerek formájában.</seg>
<seg xml:id="AC7_16087.4">A 2014-2020-as időszakra Magyarországnak ez mintegy 93,9 milliós uniós támogatást jelent, amelyhez a nemzeti kiegészítés 16,6 millió euró lehetne. Ez így összességében azt jelenti, hogy 2017-re Magyarország számára 13 millió euró juthatna. Azt szeretném kérdezni, hol van az ezen operatív program szerinti több mint 13 millió euró. Hol ez a pénz? Hogyan kívánja felhasználni a kormány? Látnak-e 2017 nyarán bármit is a szegénységben élő, éhező gyerekek ebből a megsegítésükre szánt európai uniós pénzből vagy forrásból?</seg>
<seg xml:id="AC7_16087.5">Köszönöm, elnök úr</seg>
<kinesic type="applause"><desc>Taps az MSZP padsoraiban.</desc></kinesic>
</u>
        <u xml:id="ParlaMint-HU_2017-06-12-urgent_question-AC7_16088" who="#JózsefAttilaMóring" ana="#regular"><note>MÓRING JÓZSEF ATTILA (KDNP):</note>
<seg xml:id="AC7_16088.1">Köszönöm szépen. Tisztelt Elnök Úr! Tisztelt Ház! Tisztelt Államtitkár Úr! A megújuló energiaforrások felhasználása a fenntartható fejlődés záloga és közös jövőnk érdeke is. A Kereszténydemokrata Néppárt elkötelezett a megújuló eenergiaforrások integrálását, illetve annak felhasználását illetően. Fontos azonban tudni, hogy a megújuló energiaforrások megfelelő integrálásához jelentős fejlesztésekre van szükség műszaki, szabályozási és piactervezési szinten is.</seg>
<seg xml:id="AC7_16088.2">(17.30)</seg>
<seg xml:id="AC7_16088.3">Az európai energiarendszer karbonszegény gazdaságba való átmenete során ezekre figyelemmel kell lenni, és nem szabad megfeledkezni az ellátásbiztonság fokozásáról sem, azonban az indokolt strukturális változások európai szintű megoldásainak elfogadásakor mindvégig tekintettel kell lenni a tagállamok eltérő gazdasági és társadalmi jellemzőire. Az arányosság elveinek érvényesülése mellett semmilyen körülmények között nem engedhető meg az ellátás biztonságát garantáló nemzeti kompetenciák és hatáskörök szűkítése.</seg>
<seg xml:id="AC7_16088.4">Amint az Országgyűlés korábbi határozatában kinyilvánította, Magyarország nem ért egyet a szabályozott végfelhasználói villamosenergia-árak és az energiamix meghatározása tagállami jogának korlátozásával.</seg>
<seg xml:id="AC7_16088.5">Tisztelt Államtitkár Úr! Magyarország jelentős eredményeket ért el a megújuló energiaforrások hasznosításában. A megújuló energia aránya a teljes bruttó végső energiafogyasztáson belül napjainkban meghaladja a 2020-ra vonatkozó 13 százalékos uniós kötelezettségünket, a megújuló energiaforrások részarányának további növeléséhez és integrálásához azonban további lépésekre van szükség. Ez azonban csak úgy valósulhat meg, ha az ellátás biztonságát garantáló nemzeti kompetenciák és hatáskörök semmilyen módon sem szűkülnek.</seg>
<seg xml:id="AC7_16088.6">Éppen ezért kérdezem a tisztelt államtitkár urat, mit tesz a kormány az energiaellátás biztonságának növelése érdekében. Várom megtisztelő válaszát</seg>
<kinesic type="applause"><desc>Taps a kormánypártok soraiban.</desc></kinesic>
</u>
        <u xml:id="ParlaMint-HU_2017-06-12-urgent_question-AC7_16089" who="#PéterCsizi" ana="#regular"><note>CSIZI PÉTER (Fidesz):</note>
<seg xml:id="AC7_16089.1">Köszönöm a szót, elnök úr. Tisztelt Államtitkár Úr! Miközben példátlan nyomás nehezedik Magyarországra a migráció ügyében, miközben egységes offenzíva indult a magyarországi határvédelmi intézkedések mellett, azt látjuk, hogy a baloldal képviselői ahelyett, hogy kiállnának az ország védelme és biztonsága mellett, már-már a nemzetbiztonságot is veszélyeztetik. Az elmúlt hetekben egyre többen különböző helyeken álltak ki a baloldal politikusai amellett, hogy le kell bontani a déli határon lévő kerítést.</seg>
<seg xml:id="AC7_16089.2">Botka László kerítésbontó nyilatkozata után a múlt héten a DK-s Niedermüller Péter is amellett érvelt, hogy az emberek biztonságának rovására ő bizony elbontaná a határzárat, megszüntetne minden védelmi intézkedést és - idézem - a terrorizmus és a migráció között szerinte nincs összefüggés, illetve ő nyugodtan végig mer menni az európai nagyvárosok utcáin, nem tart semmilyen terrortámadástól. Vajon merné-e vállalni a véleményét a DK-s európai parlamenti képviselő azon emberek családjai előtt, akik áldozatul estek Párizsban, Brüsszelben, Londonban vagy Manchesterben? Az MSZP elnöke, Molnár Gyula pár nappal később arról beszélt, hogy mindezek mellett Magyarországnak el kell fogadnia a kötelező betelepítési kvótát. Azt látjuk, hogy szép kis koalíció kezd kibontakozni az MSZP és a DK között. Míg a kirakatban vita van az együttműködés részleteiről, míg a kirakatban vita van Gyurcsány Ferencről és az ő politikájáról, közben azt látjuk, hogy az MSZP és a DK abban egyetért, hogy hogyan kell lebontani a kerítést, és hogyan kell megszüntetni azt a biztonságot, amit megteremtünk.</seg>
<seg xml:id="AC7_16089.3">Ezért tisztelt államtitkár úr, ma is határozottan ki szeretnénk fejteni, hogy a Fidesz mindenáron a magyar emberek biztonsága mellett van, erre kérjük a kormányt is</seg>
<kinesic type="applause"><desc>Heringes Anita: Mi a kérdés? - Taps a kormánypártok padsoraiból.</desc></kinesic>
</u>
        <u xml:id="ParlaMint-HU_2017-06-12-urgent_question-AC7_16091" who="#IstvánSzávay" ana="#regular"><note>SZÁVAY ISTVÁN (Jobbik):</note>
<seg xml:id="AC7_16091.1">Köszönöm szépen. Annál is inkább, mert Lázár miniszter úrtól hallottuk azt a felszólítást, hogy jó lenne, ha a Nemzeti Közszolgálati Egyetem a maga 15 milliárdos pályázatával elszámolna, és miniszter úr is volt az, aki néhány héttel ezelőtt a kormányinfón arról beszélt, hogy a Magyar Villamos Művek által megtermelt bevétel közpénz, az adófizetők pénze, azzal el kell számolni. Ennek ellenére a Magyar Villamos Művek engem arról tájékoztatott, miniszter úr, amikor megkérdeztem, a CÖF-nek az 508 millió forintot, amit szerintünk egyébként plakátolásra költött a CÖF, annak az 508 millió forintos támogatásnak a részleteit szíveskedjen a rendelkezésemre bocsátani, minden vonatkozó dokumentumot; akkor azt írta nekem az MVM, hogy a támogatásait nem közpénzből, hanem saját forrásból fedezi, így az infotörvény vonatkozó bekezdése rá nem vonatkozik.</seg>
<seg xml:id="AC7_16091.2">Ez lenne az első kérdésem, hogy mit szól ehhez miniszter úr. Muszáj megvárni nekem a pert ezzel kapcsolatban, vagy miniszter úr, illetve a kormány fog-e utasítást adni azzal kapcsolatban, hogy a CÖF-nek ezzel az 508 millió forintjáról szíveskedjen az MVM beszámolni, annál is inkább, ugyanis az MVM kommunikációs igazgatójától tudjuk, hogy az ő támogatásukat minden esetben a Nemzeti Kommunikációs Hivatal hagyja jóvá.</seg>
<seg xml:id="AC7_16091.3">Ebből következik a második kérdésem: a Magyar Munkavállalókért Mozgalom elnöke, Vámos Csaba a múlt héten két levéllel is fordult, az egyikkel a Külügyminisztériumhoz, a másikkal pedig az MVM-hez. A Magyar Villamos Művektől azt kéri, hogy ha ilyen fontos a társadalmi felelősségvállalás számukra, akkor adjanak támogatást, illetve segítsék ezt a szervezetet az európai béruniós kezdeményezés népszerűsítésében. Mi erről miniszter úr álláspontja? Ha a kormány hagyja jóvá ezeket a támogatásokat, akkor számíthat-e ez a szervezet ilyen jellegű támogatásra az MVM-től, illetve a Nemzeti Kommunikációs Hivataltól?</seg>
<seg xml:id="AC7_16091.4">A másik kérdés ennek kapcsán, amit elnök úr feltett a Külügyminisztériumnak, azt kérte, hogy a Külügyminisztérium segítsen európai szakszervezeti partnereket keresn</seg>
<kinesic type="signal"><desc>Az elnök a csengő megkocogtatásával jelzi az időkeret leteltét.</desc></kinesic>
<seg xml:id="AC7_16091.5">, munkavállalói partnereket keresni a szervezet számára, szintén a bérunióval kapcsolatos együttműködés érdekében. Várom válaszait. Köszönöm</seg>
<kinesic type="applause"><desc>Taps a Jobbik soraiban.</desc></kinesic>
</u>
        <u xml:id="ParlaMint-HU_2017-06-12-urgent_question-AC7_16092" who="#ÁdámMirkóczki" ana="#regular"><note>MIRKÓCZKI ÁDÁM (Jobbik):</note>
<seg xml:id="AC7_16092.1">Köszönöm szépen. Tisztelt Országgyűlés! Tisztelt Miniszter Úr! Ha egy politikai elemző vagy egy újságíró, aki a közélet iránt fogékony, vagy bárki más szeretné pozitív értelemben megrajzolni például Farkas Flórián politikai teljesítményét, akkor igen komoly bajban lenne, és azt hiszem, ezt a lehető legfinomabb módon fogalmaztam meg.</seg>
<seg xml:id="AC7_16092.2">Ha Farkas Flórián tevékenységét mint a romaügyekért kinevezett miniszteri biztos munkásságát vesszük, akkor tényszerűen megállapítható, hogy parlamenti munkássága, beleértve a bizottságokat is, nulla, vagy csak - finoman fogalmazok - nagyon ügyesen titkolja. Ellenben minden, ami az ő ténykedését nap mint nap jellemzi és követi, arról megállapítható, hogy a csalás, a botrányok, a lopás, a hazugságok és a különböző visszaélések egész sorozata. Ezt napestig sorolhatnám.</seg>
<seg xml:id="AC7_16092.3">Azt gondolom, és merem állítani, hogy pártállástól, származástól, minden mástól függetlenül egy jóérzésű ember azt várná, hogy egy ilyen „munkásság” - és ezt idézőjelbe tettem -, ámokfutás után a magyar közélet egyetlenegy pártja sem tűr tovább egy ilyen embert a sorai között, és pláne nem jutalmaz, és pláne nem köt vele stratégiai megállapodást, sem szervezetével, és ami talán a legfontosabb, hogy jogi értelemben is súlyos következményei vannak ezeknek a tevékenységeknek.</seg>
<seg xml:id="AC7_16092.4">Ezzel szemben azt láthattuk, és az sokkolta - idézőjelben természetesen - a magyar közéletet, hogy Orbán Viktor miniszterelnök úr a kormány nevében Farkas Flóriánnal és szervezetével újra egy megállapodást kötött, ergo ki nem mondva, de közvetett úton azt is üzente, hogy teljes politikai sérthetetlenséget élvez, sőt mint miniszteri biztos, ismét jutalmazva van</seg>
<kinesic type="noise"><desc>Közbeszólás a Jobbik soraiból: Szégyen!</desc></kinesic>
<seg xml:id="AC7_16092.5">Kérdezem én, a félrebeszélést nélkülözve, hogy milyen valódi politika</seg>
<kinesic type="signal"><desc>Az elnök a csengő megkocogtatásával jelzi az idő leteltét.</desc></kinesic>
<seg xml:id="AC7_16092.6">teljesítmény ér ilyen sérthetetlenséget és ilyen jutalmat.</seg>
<seg xml:id="AC7_16092.7">Várom érdemi válaszát</seg>
<kinesic type="applause"><desc>Taps a Jobbik soraiban.</desc></kinesic>
</u>
      </div>
    </body>
  </text>
</TEI>
