<?xml version="1.0"?>
<TEI xmlns="http://www.tei-c.org/ns/1.0" xml:id="ParlaMint-HU_2016-04-04" xml:lang="hu" ana="#parla.sitting #reference">
  <teiHeader>
    <fileDesc>
      <titleStmt>
        <title xml:lang="hu" type="main">A Magyar Országgyűlés Korpusza ParlaMint-HU 2016-04-04 [ParlaMint]</title>
        <title xml:lang="en" type="main">Hungarian parliamentary corpus ParlaMint-HU 2016-04-04 [ParlaMint]</title>
        <title xml:lang="hu" type="sub">A Magyar Országgyűlés ülései, 7. ciklus</title>
        <title xml:lang="en" type="sub">Minutes of the National Assembly of Hungary, Term 7</title>
        <meeting ana="#parla.term" corresp="#OGY" n="7">7. ciklus</meeting>
        <respStmt>
          <persName>Miklós Sebők</persName>
          <persName>Orsolya Ring</persName>
          <resp xml:lang="hu">Parla-CLARIN TEI XML korpusz létrehozása</resp>
          <resp xml:lang="en">Parla-CLARIN TEI XML corpus encoding</resp>
        </respStmt>
        <funder>
          <orgName xml:lang="hu">CLARIN Kutatási Infrastuktúra</orgName>
          <orgName xml:lang="en">The CLARIN research infrastructure</orgName>
        </funder>
        <funder>
          <orgName xml:lang="hu">Társadalomtudományi Kutatóközpont, Eötvös Loránd Kutatási Hálózat</orgName>
          <orgName xml:lang="en">Centre for Social Sciences, Eötvös Loránd Research Network</orgName>
        </funder>
      </titleStmt>
      <editionStmt>
        <edition>2.0</edition>
      </editionStmt>
      <extent>
        <measure xml:lang="hu" quantity="4" unit="speeches">4 beszéd</measure>
        <measure xml:lang="en" quantity="4" unit="speeches">4 speeches</measure>
        <measure xml:lang="hu" quantity="1223" unit="words">1223 szó</measure>
        <measure xml:lang="en" quantity="1223" unit="words">1223 words</measure>
      </extent>
      <publicationStmt>
        <publisher>
          <orgName xml:lang="hu">CLARIN Kutatási Infrastuktúra</orgName>
          <orgName xml:lang="en">CLARIN research infrastructure</orgName>
          <ref target="https://www.clarin.eu/">www.clarin.eu</ref>
        </publisher>
        <idno type="handle">http://hdl.handle.net/11356/1388</idno>
        <pubPlace>
          <ref target="http://hdl.handle.net/11356/1388">http://hdl.handle.net/11356/1388</ref>
        </pubPlace>
        <availability status="free">
          <licence>http://creativecommons.org/licenses/by/4.0/</licence>
          <p xml:lang="hu">
            Ez a munka az alábbi licence alapján használható
            <ref target="http://creativecommons.org/licenses/by/4.0/">Creative Commons Attribution 4.0 International License</ref>
          </p>
          <p xml:lang="en">
            This work is licensed under the
            <ref target="http://creativecommons.org/licenses/by/4.0/">Creative Commons Attribution 4.0 International License</ref>
          </p>
        </availability>
        <date when="2021-03-31">2021. 03. 31.</date>
      </publicationStmt>
      <sourceDesc>
        <bibl>
          <title xml:lang="hu" type="main">A Magyar Országgyűlés ülései</title>
          <title xml:lang="en" type="main">Minutes of the National Assembly of Hungary</title>
          <idno type="URI">https://https://www.parlament.hu/ </idno>
          <date when="2016-04-04">2016. 04. 04.</date>
        </bibl>
      </sourceDesc>
    </fileDesc>
    <encodingDesc>
      <projectDesc>
        <p>
          <ref target="https://www.clarin.eu/content/parlamint">ParlaMint</ref>
        </p>
      </projectDesc>
      <tagsDecl>
        <namespace name="http://www.tei-c.org/ns/1.0">
          <tagUsage gi="text" occurs="1"/>
          <tagUsage gi="body" occurs="1"/>
          <tagUsage gi="div" occurs="1"/>
          <tagUsage gi="u" occurs="4"/>
          <tagUsage gi="seg" occurs="20"/>
          <tagUsage gi="kinesic" occurs="4"/>
        </namespace>
      </tagsDecl>
    </encodingDesc>
    <profileDesc>
      <settingDesc>
        <setting>
          <name type="address">Kossuth Lajos tér 1-3.</name>
          <name type="city">Budapest</name>
          <name type="country" key="HU">Magyarország</name>
          <date ana="#parla.sitting" when="2016-04-04">2016-04-04</date>
        </setting>
      </settingDesc>
    </profileDesc>
  </teiHeader>
  <text xml:lang="hu" ana="#reference">
    <body>
      <div type="debateSection">
        <u xml:id="ParlaMint-HU_2016-04-04-urgent_question-AC7_9661" who="#BertalanTóth" ana="#regular"><note>DR. TÓTH BERTALAN (MSZP):</note>
<seg xml:id="AC7_9661.1">Köszönöm a szót, elnök úr. Tisztelt Elnök Úr! Dakota mondás szerint, ha a kocsmában mindenki azt mondja, hogy részeg vagy, ne várd meg, amíg kidobnak, ideje hazamenni. Ez jutott eszembe, elnézve, hogyan próbálta meg minden eszközzel titkosítani a Magyar Nemzeti Bank Pallas Athéné alapítványainak közpénzfelhasználását. Azt, hogy az MNB alapítványai közpénzből közfeladatokat látnak el és közérdekű adatokat kezelnek, elmondtuk mi is. Elmondták jogvédő civil szervezetek, elmondták független szakértők. Elmondta a Magyar Tudományos Akadémia Közgazdaság-tudományi Bizottsága, az Adatvédelmi Hatóság elnöke, a köztársasági elnök, kimondta a Fővárosi Törvényszék, a Fővárosi Ítélőtábla, a Kúria és múlt héten csütörtökön kimondta az Alkotmánybíróság. Az Alkotmánybíróság döntése nyomán pedig mindenki számára nyilvánvalóvá vált: attól még a közpénz nem veszti el közvagyon jellegét, hogy önre, azaz Matolcsy Györgyre van bízva.</seg>
<seg xml:id="AC7_9661.2">Akkor itt álljunk meg egy szóra! Tisztelt Elnök Úr! Az Alkotmánybíróság döntése azt is egyértelművé tette, hogy az MNB-alapítványok, így az is, amelynek ön a kuratóriumi elnöke, törvényellenes gyakorlatot folytatnak. Törvényellenesen tagadják meg több mint egy éve a közérdekű adatok kiadását. Törvényellenes gyakorlatot tartanak fenn, és fizetnek ügyvédeket, hogy eltitkolják az adatokat. Ezzel a döntéssel az is egyértelművé vált, hogy a Magyar Nemzeti Bank alapítványai a közbeszerzési törvény hatálya alá tartoznak, így ajánlatkérőnek minősülnek. Ezután kérdezem én: mit kíván tenni az MNB által alapított Pallas Athéné alapítványok törvényes működésének helyreállítása érdekében? Mikor szünteti meg a titkolózást, és mikor adja ki az igényelt közérdekű adatokat? Az ön által vezetett Pallas Athéné Domus Animae Alapítvány megalapítása óta hány közbeszerzési eljárást kezdeményezett beszerzései során? Várom megtisztelő válaszát. Köszönöm</seg>
<kinesic type="applause"><desc>Taps az MSZP padsoraiból.</desc></kinesic>
</u>
        <u xml:id="ParlaMint-HU_2016-04-04-urgent_question-AC7_9806" who="#ErzsébetSchmuck" ana="#regular"><note>SCHMUCK ERZSÉBET (LMP):</note>
<seg xml:id="AC7_9806.1">Köszönöm szépen. Tisztelt Elnök Úr! Az elmúlt másfél évben szinte nem volt olyan hónap, amikor az MNB valamilyen üggyel nem hívta volna fel magára a figyelmet. Egymás után vásárolták a műkincseket, a túlértékelt ingatlanokat, több esetben kimutathóan offshore cégektől, majd létrehozták az alapítványokat, közel 300 milliárd forintot juttatva nekik. Belefogtak az alternatív, unortodox oktatási rendszer létrehozásába, több pénzt elköltve erre, mint amit a felsőoktatási intézmények egy év alatt kapnak. De a titkosítási szándékukkal minden határon túlmentek. Ezzel durván megsértették az Alaptörvényt.</seg>
<seg xml:id="AC7_9806.2">Az Alkotmánybíróság két ponton is alaptörvény-ellenesnek találta a törvénymódosítást. Az Alkotmánybíróság kimondta, hogy az MNB által létrehozott alapítványoknak juttatott pénz közpénz, és hogy nem lehet olyan törvényt alkotni, ami visszamenőlegesen kizárja az adatnyilvánosságot. Az Alkotmánybíróság határozatában úgy fogalmazott, hogy az MNB csak a feladataival és elsődleges céljával összhangban hozhat létre gazdasági társaságot vagy alapítványt. Éppen ezért az Alkotmánybíróság által elutasított törvény ismételten rávilágít az MNB működésének exlex állapotára. A jegybanktörvény pontosan meghatározza, hogy mely feladatok tartoznak az MNB alapfeladatai közé, de a törvényben, elnök úr, még nagyítóval sem lehet megtalálni, hogy az MNB jogosult lenne az LMP által kifogásolt pénzköltésekre.</seg>
<seg xml:id="AC7_9806.3">Először azt kérdezem elnök úrtól, hogy mikor hozza nyilvánosságra az MNB az általa létrehozott alapítványok gazdálkodásának adatait. Kérdezem továbbá, hogy mikor állítja vissza a jegybank vezetése az MNB törvényes működését. Hajlandó-e felszámolni a pénzszórásra alkalmas alapítványokat</seg>
<seg xml:id="AC7_9806.4">(Korózs Lajos: Egymilliárd dollár!)</seg>
<seg xml:id="AC7_9806.5">Mikor szüntetik meg az alapfeladatok ellátásával összeegyeztethetetlen költéseket? Várom válaszát</seg>
<kinesic type="applause"><desc>Dr. Schiffer András tapsol.</desc></kinesic>
</u>
        <u xml:id="ParlaMint-HU_2016-04-04-urgent_question-AC7_9812" who="#JánosVolner" ana="#regular"><note>VOLNER JÁNOS (Jobbik):</note>
<seg xml:id="AC7_9812.1">Tisztelt Elnök Úr! Természetesen elfogadom önt válaszadónak</seg>
<seg xml:id="AC7_9812.2">(Derültség a Jobbik padsoraiban.)</seg>
<seg xml:id="AC7_9812.3">És el szeretném azt is mondani, hogy mindenkit meglepett ebben az országban az, hogy milyen óriási nyereségre tett szert a Magyar Nemzeti Bank, többen még a forrását is vitatják ennek a nyereségnek, de azért 260 milliárd forint, amivel önök föltőkésítik jelenleg a Pallasz Athénéről elnevezett alapítványokat, nem kis pénz.</seg>
<seg xml:id="AC7_9812.4">Úgy gondoljuk, hogy ennek a pénznek jobb helye is lenne annál, mint hogy ön és a stábja eldöntse szabadon ennek a sorsát, az ellenőrzést meghiúsítsa. Éppen ezért értékeltük sikerként azt, hogy amikor én személyesen Áder Jánoshoz fordultam, és megkértem a köztársasági elnök urat, hogy küldje el előzetes normakontrollra a nemzeti banki pénz titkosításáról szóló törvényjavaslatot, akkor a köztársasági elnök úr ezt megfogadta, az Alkotmánybíróság pedig igazat adott az én álláspontomnak, miszerint ez a pénz továbbra is közpén</seg>
<seg xml:id="AC7_9812.5">(Dr. Répássy Róbert: Nem a köztársasági elnök!)</seg>
<seg xml:id="AC7_9812.6">, és nem lehet úgy gazdálkodni vele, hogy eldugjuk az ország nyilvánossága elől ennek az elképesztő vagyontömegnek a sorsát.</seg>
<seg xml:id="AC7_9812.7">Minden bizonnyal a jegybankelnök úr is figyelemmel kíséri az Országgyűlés ülését. Ha másból nem, az elhangzó 50 kérdésből tudhatja azt jegybankelnök úr, hogy jó néhány konkrét korrupciós eset, korrupciós vád fogalmazódik meg a kormányzattal szemben, ezért meg szeretném önt arról kérdezni, hogy milyen módon lesz ellenőrizhető ennek a pénznek a sorsa. Válaszoljon erre, legyen kedves, jegybankelnök úr.</seg>
<seg xml:id="AC7_9812.8">Továbbá az is érdekel minket, hogy az eddigi költések hogyan történtek. Pontosan minek alapján választ a Magyar Nemzeti Bank befektetési célt magának? Ugyanis azért abban egyetérthetünk, hogy ezek unortodox befektetések, hogy különböző méregdrága ingatlanokba, műkincsekbe fektet a Magyar Nemzeti Bank pénzt.</seg>
<seg xml:id="AC7_9812.9">Kérdezem én, hogy miért zsebpénzként gazdálkodik azzal a nyereséggel a jegybanki vezetés, ami egyébként a tulajdonosi jogokat gyakorló államot illetné. Várom válaszát</seg>
<kinesic type="applause"><desc>Taps a Jobbik padsoraiban.</desc></kinesic>
</u>
        <u xml:id="ParlaMint-HU_2016-04-04-urgent_question-AC7_9913" who="#MáriuszRévész" ana="#regular"><note>RÉVÉSZ MÁRIUSZ (Fidesz):</note>
<seg xml:id="AC7_9913.1">Tisztelt Államtitkár Úr! A közélet tisztasága olyan alapvető érték egy demokráciában, amire kiemelt figyelmet kell fordítani. Ezekben az ügyekben az adófizetők pénzéről van szó, az ő bőrükre megy a vásár. A köznyelvben csak erzsébetvárosi ingatlanpanamaként elhíresült ügyben a Kúria jogerősen összesen nyolc és fél év börtönbüntetést szabott ki dr. Gál György volt kerületi bizottsági elnökre, és Hunvald György volt erzsébetvárosi polgármestert is börtönbüntetésre ítélték.</seg>
<seg xml:id="AC7_9913.2">Azonban a szomszéd kerületben, Terézvárosban is lassan tíz éve nem tudjuk pontosan, hogy hova tűnt 3 milliárd forint. Sejtéseink persze vannak, és az ügyészségnek is van, mert büntetőpert indított az egykori vagyongazdálkodásért felelős szocialista alpolgármester, Fürst György és további 23 volt önkormányzati képviselő ellen, akiket különösen nagy vagyoni hátrányt okozó hűtlen kezeléssel vádolnak. A mostani vád szerint a fővárosi önkormányzatok társulása az érintett önkormányzatok parkolási rendszerének üzemeltetésére kötött szerződést a Centrum Parkoló Kft.-vel, amely alvállalkozókat vont be, majd az üzemeltetés hatékonyabbá tétele címén az alvállalkozók újabb alvállalkozókat vettek igénybe.</seg>
<seg xml:id="AC7_9913.3">Az ügyészség szerint a kiszervezett tevékenységek, megrendelt szolgáltatások gazdaságilag indokolatlanok, hátrányosak voltak. A vádlottak 2006 és 2011 között 3 milliárd forint vagyoni hátrányt okoztak. Fürst György és tucatnyi társa ellen egyébként már 2011-ben indult egy másik büntetőeljárás is az Andrássy út 47. alatti ingatlan eladásával kapcsolatban.</seg>
<seg xml:id="AC7_9913.4">Tisztelt Államtitkár Úr! Országgyűlési képviselőként azt gondolom, fontos tisztán látni abban, hogy mit tett eddig a kormány a korrupció megelőzése, visszaszorítása érdekében, továbbá mit tesz azért, hogy megelőzze az ilyen és az ehhez hasonló eseteket. Várom államtitkár úr válaszát</seg>
<kinesic type="applause"><desc>Taps a kormánypártok soraiban.</desc></kinesic>
</u>
      </div>
    </body>
  </text>
</TEI>
