<?xml version="1.0"?>
<TEI xmlns="http://www.tei-c.org/ns/1.0" xml:id="ParlaMint-HU_2014-11-03" xml:lang="hu" ana="#parla.sitting #reference">
  <teiHeader>
    <fileDesc>
      <titleStmt>
        <title xml:lang="hu" type="main">A Magyar Országgyűlés Korpusza ParlaMint-HU 2014-11-03 [ParlaMint]</title>
        <title xml:lang="en" type="main">Hungarian parliamentary corpus ParlaMint-HU 2014-11-03 [ParlaMint]</title>
        <title xml:lang="hu" type="sub">A Magyar Országgyűlés ülései, 7. ciklus</title>
        <title xml:lang="en" type="sub">Minutes of the National Assembly of Hungary, Term 7</title>
        <meeting ana="#parla.term" corresp="#OGY" n="7">7. ciklus</meeting>
        <respStmt>
          <persName>Miklós Sebők</persName>
          <persName>Orsolya Ring</persName>
          <resp xml:lang="hu">Parla-CLARIN TEI XML korpusz létrehozása</resp>
          <resp xml:lang="en">Parla-CLARIN TEI XML corpus encoding</resp>
        </respStmt>
        <funder>
          <orgName xml:lang="hu">CLARIN Kutatási Infrastuktúra</orgName>
          <orgName xml:lang="en">The CLARIN research infrastructure</orgName>
        </funder>
        <funder>
          <orgName xml:lang="hu">Társadalomtudományi Kutatóközpont, Eötvös Loránd Kutatási Hálózat</orgName>
          <orgName xml:lang="en">Centre for Social Sciences, Eötvös Loránd Research Network</orgName>
        </funder>
      </titleStmt>
      <editionStmt>
        <edition>2.0</edition>
      </editionStmt>
      <extent>
        <measure xml:lang="hu" quantity="16" unit="speeches">16 beszéd</measure>
        <measure xml:lang="en" quantity="16" unit="speeches">16 speeches</measure>
        <measure xml:lang="hu" quantity="6055" unit="words">6055 szó</measure>
        <measure xml:lang="en" quantity="6055" unit="words">6055 words</measure>
      </extent>
      <publicationStmt>
        <publisher>
          <orgName xml:lang="hu">CLARIN Kutatási Infrastuktúra</orgName>
          <orgName xml:lang="en">CLARIN research infrastructure</orgName>
          <ref target="https://www.clarin.eu/">www.clarin.eu</ref>
        </publisher>
        <idno type="handle">http://hdl.handle.net/11356/1388</idno>
        <pubPlace>
          <ref target="http://hdl.handle.net/11356/1388">http://hdl.handle.net/11356/1388</ref>
        </pubPlace>
        <availability status="free">
          <licence>http://creativecommons.org/licenses/by/4.0/</licence>
          <p xml:lang="hu">
            Ez a munka az alábbi licence alapján használható
            <ref target="http://creativecommons.org/licenses/by/4.0/">Creative Commons Attribution 4.0 International License</ref>
          </p>
          <p xml:lang="en">
            This work is licensed under the
            <ref target="http://creativecommons.org/licenses/by/4.0/">Creative Commons Attribution 4.0 International License</ref>
          </p>
        </availability>
        <date when="2021-03-31">2021. 03. 31.</date>
      </publicationStmt>
      <sourceDesc>
        <bibl>
          <title xml:lang="hu" type="main">A Magyar Országgyűlés ülései</title>
          <title xml:lang="en" type="main">Minutes of the National Assembly of Hungary</title>
          <idno type="URI">https://https://www.parlament.hu/ </idno>
          <date when="2014-11-03">2014. 11. 03.</date>
        </bibl>
      </sourceDesc>
    </fileDesc>
    <encodingDesc>
      <projectDesc>
        <p>
          <ref target="https://www.clarin.eu/content/parlamint">ParlaMint</ref>
        </p>
      </projectDesc>
      <tagsDecl>
        <namespace name="http://www.tei-c.org/ns/1.0">
          <tagUsage gi="text" occurs="1"/>
          <tagUsage gi="body" occurs="1"/>
          <tagUsage gi="div" occurs="1"/>
          <tagUsage gi="u" occurs="16"/>
          <tagUsage gi="seg" occurs="63"/>
          <tagUsage gi="kinesic" occurs="19"/>
        </namespace>
      </tagsDecl>
    </encodingDesc>
    <profileDesc>
      <settingDesc>
        <setting>
          <name type="address">Kossuth Lajos tér 1-3.</name>
          <name type="city">Budapest</name>
          <name type="country" key="HU">Magyarország</name>
          <date ana="#parla.sitting" when="2014-11-03">2014-11-03</date>
        </setting>
      </settingDesc>
    </profileDesc>
  </teiHeader>
  <text xml:lang="hu" ana="#reference">
    <body>
      <div type="debateSection">
        <u xml:id="ParlaMint-HU_2014-11-03-interpellation-IC7_1770" who="#LajosKorózs" ana="#regular"><note>KORÓZS LAJOS (MSZP):</note>
<seg xml:id="IC7_1770.1">Köszönöm a lehetőséget. Tisztelt Államtitkár Úr! Alig két hónap múlva, a tél középen, január 1-jétől életbe lép a szociális temetés rendszere, amely a szegényeket halálukban is elkülönítené a nem szegényektől. Külön szociális parcellát kell majd létrehozni az önkormányzatoknak a temetőkben. Ingyenes sírhelyért és koporsóért cserébe pedig személyes közreműködést várnak el az elhunyt hozzátartozójáról. A szociális temetés először 2013 májusában került reflektorfénybe egy jogszabálytervezet kapcsán. Eszerint a temető fenntartója köteles lesz külön parcellát kijelölni a koporsós vagy urnás, úgynevezett szociális temetkezési helyek számára, az állam pedig biztosítja a kellékeket, a koporsót, az urnát s a többi</seg>
<seg xml:id="IC7_1770.2">(Az elnöki széket dr. Latorcai János, az Országgyűlés alelnöke foglalja el.)</seg>
<seg xml:id="IC7_1770.3">Már a tervezetben is szerepelt, hogy a szociális temetés feltétele az lesz, hogy az eltemettető vagy az általa felkért személy vállaljon személyes közreműködést a temetés során, például felöltözteti az elhunytat, kiássa a sírhelyet, felravatalozza vagy elbúcsúztatja a megboldogultat, esetleg leengedi a koporsót vagy behantolja a sírt.(14.50)A szociális temetkezés ötlete a legékesebb bizonyítéka a Fidesz-kormányzat embertelenségének és cinizmusának. Embertelen, mivel az emberi méltóságot sértő módon semmibe veszi az elhunytak és a hozzátartozók kegyeleti jogát is. Cinikus, mert csak azoktól vár el közreműködést, akiknek semmijük sincs, mintha móresre kéne őket tanítani még gyászukban is. A tavaly elfogadott törvényjavaslat szerint már az idén januárban hatályba lépett volna a szabályozás, de egy évvel ezelőtt, ősz végén különféle indokokkal többször módosították az elfogadott szöveget. Végül a fejlesztéspolitikával összefüggő egyes törvények módosításáról szóló törvényjavaslatban tolták el a hatálybalépést egy évvel. Ez az utolsó mondat már önmagában is vérlázító. A lényeg, hogy 2015-től, azaz alig két hónap múlva már valóban áshatják a sírokat azok a szegény emberek, akiknek nincs pénzük eltemettetni a szeretteiket. Mi már felkínáltunk egy valódi alternatívát jelentő megoldást. Még az előző ciklusban benyújtottuk a kegyeleti járandóság bevezetéséről szóló országgyűlési határozati javaslatunkat, mivel az eltemettetés költségei a lakosság számára ténylegesen egyre nagyobb anyagi terhet jelentenek. Ezt a javaslatunkat lesöpörték az asztalról, pedig annak célja a valódi segítségnyújtás volt, szemben az önök ötletével, ami az önkiszolgáló szociális temetésről, megalázásról és embertelenségről szól. Éppen ezért kérdezem, lát-e esélyt arra, hogy mégsem vezetik be az önök által szociálisnak nevezett, szerintünk embertelen temetés rendszerét, és valóban azt szeretnék, hogy a hozzátartozók maguk ássák és hantolják el a halottaikat. Köszönöm szépen, hogy meghallgattak</seg>
<kinesic type="applause"><desc>Taps az MSZP soraiban.</desc></kinesic>
</u>
        <u xml:id="ParlaMint-HU_2014-11-03-interpellation-IC7_1775" who="#ZoltánGőgös" ana="#regular"><note>GŐGÖS ZOLTÁN (MSZP):</note>
<seg xml:id="IC7_1775.1">Köszönöm szépen a szót. Tisztelt Ház! Tisztelt Államtitkár Úr! Úgy tűnik, a kormánynak semmi nem elég. Nem elég, hogy kiszolgálja saját oligarcháit, a Mészáros Lőrinceket, nem elég, hogy tönkreteszi a hortobágyi állattenyésztőket és az sem, hogy az állami korrupció érdekében lerombol egy nemzetközi hírű biogazdaságot. Itt a kormány és a Fidesz nem áll meg, most már a kicsi is kell nekik.Ismert, hogy a földtörvényi lehetőséggel élve a helyi földbizottságok híján a megyei agrárkamarák döntenek Záhonytól Zalaegerszegig, hogy élnek-e vétójogukkal a megyéikben a földvásárlások során. Az orbáni kormányzás következtében a döntéseik ellen fellebbezésnek, jogorvoslatnak helye nincs.Egyszerre megdöbbentő és felháborító, hogy a függetlennek hívott, ám mégis fideszes politikusokból álló agrárkamarák visszaélnek a bizalommal és kiszolgálják a baráti kört. Döntéseiket ma már minősíteni sem lehet, főleg nem az olyan esetekben, mint például a zirci ügy, amelyben egy 100 hektáros családi gazdálkodó a vele szomszédos és meghirdetett 1 hektáros földterületet szerette volna megvásárolni. Gondolta, elég, ha él elővásárlási jogával. Nem volt elég, mert azzal nem számolt, hogy egy fideszes család, amelyben mind a férj, mind a feleség, más-más településeken ugyan, de agrárgazdasági bizottsági tag, bejelentkezett ugyanerre a földterületre. Így a megyei agrárkamara felhalmozásra hivatkozva el is utasította az egyszerű és Fidesz-tagsággal nem rendelkező családi gazdálkodó vásárlási szándékát.(14.00)Tekintettel arra, hogy nem egyedi esetről van szó, hiszen az FM másik államtitkárának a választókörzetében, a Szigetközben egy kisnyugdíjast utasítottak el ugyanezzel az indokkal, az látszik, hogy a korrupt fideszes állam megteremtette annak a lehetőségét, hogy barátok kiszolgálása jogszerű legyen. Lehet, hogy jogszerűen jártak el, de erkölcstelenül.Mindezek miatt kérdezem, hogy milyen felhalmozás az, ha valaki a meglévő 100 hektárjához szeretne vásárolni még 1 hektárnyi területet. Hogyan tekinthetik felhalmozásnak azt, hogy ha egy kisnyugdíjas a meglévő 0,9 hektárjához szeretne vásárolni még fél hektárt? Nem érzi-e erkölcstelennek, államtitkár úr, ezt a jogszabályt, és nem érzi-e, hogy visszaélnek egy jogszabállyal, csak azért, hogy barátokat segítsenek? Várom megtisztelő válaszát</seg>
<kinesic type="applause"><desc>Taps az MSZP soraiból.</desc></kinesic>
</u>
        <u xml:id="ParlaMint-HU_2014-11-03-interpellation-IC7_1778" who="#IstvánIkotity" ana="#regular"><kinesic type="noise"><desc>IKOTITY ISTVÁN (LMP): Köszönöm a szót. Tisztelt Ház! Tisztelt Miniszter Úr! Az Öveges-program a természettudományos képzés megújítását segíti, az uniós forrásból finanszírozott kezdeményezés céljait az LMP is nagyon fontosnak tartja. Ugyanakkor hiába a képzési és innovációs célkitűzések, a források felhasználása komoly visszaélések gyanúját veti fel. A projekt során több tízmillió forintot fordítottak tanterem-felújításokra, de ami feltűnő: ennél a nagyságrendnél nagyobb összeget költöttek különböző tanulmányok megírására, a tananyag elkészítésére, munkafüzetek és szaktanári segédletek kidolgozására; nem csupán a pályáztatás volt drága, hanem a megvalósítás is pazarló.Az LMP utánajárt, hogy miről is van szó. Több mint félszáz magyar településen és fővárosi kerületben fut az Öveges-program; nem mellékes, hogy döntő többségük fideszes vezetésű önkormányzat, és az sem mellékes, hogy ezek az önkormányzatok sok esetben referencia nélküli cégekkel kötöttek megbízásokat.Mi megkerestük az összes helyszínt és bekértük az összes dokumentumot. Annak ellenére, hogy a biológia-, kémia- és fizikakísérletek természetesen minden városban ugyanúgy zajlanak le ? az LMP látványos demonstráció során ezt be is bizonyította ?, minden város és kerület külön-külön megrendelte a maga munkafüzetét, sokszor ezek betűről betűre ugyanolyan munkafüzetek voltak; a szaktanári segédletet is kikértük ? egyenként több millió forintért készültek ezek. Ez már eleve sántít, de ami felháborító: nem egy esetben láttuk, hogy ezek a dokumentumok nemhogy szóról szóra megegyeznek, hanem az értük kifizetett összeg is hatalmas. A munkafüzetek megrendelésénél az uniós pénzek hatalmas százaléka feleslegesen került kifizetésre, ez talán európai rekord is.Az LMP kiderítette azt is, hogy a Klebelsberg Intézményfenntartó Központ ugyanúgy részese volt a pazarlásnak. A KLIK úgy tett, mint ha nem tudná, mi zajlik az iskolákban; mint ha az intézmények nem egy fenntartó alá tartoznának: ugyanazon feladatok elvégzésére ők is egyesével elköltötték ezeket a súlyos összegeket.Tisztelt Miniszter Úr! Az Öveges-program pontosan megmutatja, hogyan működik Magyarországon a szocialista kormányok alatt kialakított, majd a Fidesz által tökéletesített uniós pénzelosztó rendszer: túlárazott munkák, szűk kedvezményezetti kör, a kommunikációs, jogi és tanácsadói szerződéseknél ismeretlen és referencia nélküli cégek milliós megbízásai ? ez az intézményesült korrupció, ami a források 50-80 százalékát magánzsebekbe szivattyúzta.Eltelt több hónap, nem történt semmi azóta, hogy ezt a nyár elején felvetettük. Az LMP lefolytatta a maga vizsgálatát, és bebizonyítottu</desc></kinesic>
<kinesic type="signal"><desc>Az elnök csengetéssel jelzi az időkeret leteltét.</desc></kinesic>
<seg xml:id="IC7_1778.1">, hogy többmilliárdos pazarlás történt.Mi van ezzel a vizsgálattal? És ki a felelőse ennek a programnak? Várom a válaszát</seg>
<kinesic type="applause"><desc>Taps az LMP padsoraiban.</desc></kinesic>
</u>
        <u xml:id="ParlaMint-HU_2014-11-03-interpellation-IC7_1781" who="#DóraDúró" ana="#regular"><note>DÚRÓ DÓRA (Jobbik):</note>
<seg xml:id="IC7_1781.1">Köszönöm a szót. Tisztelt Elnök Úr! Tisztelt Államtitkár Úr! A tankönyvpiac és -terjesztés átalakításával számos olyan hátrány érte az oktatás szereplőit, aminek a kijavítása rendkívül nehéz lesz. Egyrészt olyan adminisztratív és anyagi nehézségek elé állították több évtizedes tapasztalattal bíró, a pedagógusoknak minőségi és korszerű segítséget is nyújtó, népszerű kiadványokkal dolgozó kiadókat, ami miatt kénytelenek a felhalmozott tapasztalatukat külföldön kamatoztatni. Ezen kiadványok helyébe olyan könyvek kerültek, amelyek szakmai színvonala nem megfelelő ahhoz, hogy a jövő generációi ezekből tanuljanak, szerezzenek tudást.Pedagógusok, akik részt vettek a kísérleti tankönyvekről szóló előadásokon, arról panaszkodtak például a természetismeret tantárgy egyik kísérleti tankönyvével kapcsolatban, hogy az egyes tanítási egységek túl hosszúak, a betűk mérete kicsi. A lényeg kiemelése félkövér betűvel csak néhány szóra korlátozódik; sem logikai, sem didaktikai szempontból nem áttekinthető. A megfogalmazás sokszor nem igazán értelmezhető egy 11-12 éves gyermek számára. Az egyes tantárgyakkal való összehangolás sem sikerült, hiszen hivatkozik például matematikából olyan ismeretre, amit még nem tanultak abban az osztályban a gyerekek. Az ábrák felhasználása nem következetesen illeszkedik a tananyaghoz. Emellett hibás, illetve hiányos magyarázó szövegre is akadhatunk. A szöveg elrendezése, a képek minősége is kifogásolható.De említhetjük emellett Lackfi János versét is, ami úgy került bele egy kilencedikes tankönyvbe, hogy maga a költő sem oda szánta. Ironikus versét teljesen komolyan véve a képzők használatáról szól az a feladat, amit ezzel kapcsolatban meg kell oldaniuk a tanulóknak. Érzékeltetésként egy versszak a költeményből: „depizik a szaniban/a mutterchen/ dobi cigi dugiban/a farzsebben”. Ebben az esetben tehát nem arról van szó, hogy görbe tükröt tartunk a fiatalok elé nyelvhasználatukat illetően, ez a vers nem a szlengről szóló órán kerül elő, hanem ezt a stílust teljesen komolynak állítva be, találkoznak a középiskolások ezzel. Korábban, amikor szembesítettük a kormányt a tankönyvek minőségének hibáival, akkor azt mondták, azt válaszolták, hogy a szakértők véleményének figyelembevételével sikerült a bakikat kijavítani, azonban az általam felhozott példák is azt támasztják alá, hogy erre mégsem került sor.Ki a felelős mindezért, államtitkár úr? Miért avatkoztak be ennyire durván a tankönyvpiac rendjébe, ha csak ilyen színvonalú kiadványokra futja? Miért nem adnak a pedagógusok véleményére is? Várom érdemi válaszát</seg>
<kinesic type="applause"><desc>Taps a Jobbik soraiból. ? Szórványos taps az LMP padsoraiban.</desc></kinesic>
</u>
        <u xml:id="ParlaMint-HU_2014-11-03-interpellation-IC7_1786" who="#JánosPócs" ana="#regular"><kinesic type="noise"><desc>PÓCS JÁNOS (Fidesz): Köszönöm szépen. Tisztelt Elnök Úr! Tisztelt Államtitkár Úr! Tisztelt Képviselőtársaim! Az elmúlt hét óta, úgy látszik, végleg beköszöntött az igazán hideg időjárás, elindultunk a tél felé. Időben beindultak a távfűtési rendszerek, és már azok is befűtötték a lakhelyüket, akik eddig, a spórolás okán még kitartottak. Ilyenkor, a fűtési szezonban látszik igazán a kormány rezsicsökkentési programjának eredményessége. A villany, a gáz, a távhő árának csökkentése eddig 334 milliárd forint megtakarítást eredményezett a lakosság számára, és ez a kedvező folyamat az idén tovább folytatódik, sőt bővül.Örvendetes hír volt, hogy a gáz és a távhő felhasználói után az idéntől már azok is elérik a rezsicsökkentést, akik fával fűtenek, hiszen beindult az állami erdőgazdaságok programja, amely 10 százalékkal olcsóbban értékesíti a tűzifát. Ez a program ráadásul a szociális tűzifa-támogatással párhuzamosan zajlik, így a korábbi évekhez képest az idén is jelentősen olcsóbban lehet hozzájutni majd a tűzifához. Az állami erdőgazdaságoknál rendelkezésre álló 170 ezer köbméteres keret árusítása már három hete zajlik országszerte.Kérdezem tisztelettel az államtitkár urat, milyen eredményekkel zajlik a program. Mekkora az érdeklődés az olcsó tűzifa iránt a lakosság részéről? Milyen föltételekkel lehet hozzájutni az olcsóbb tűzifához? A szociális tűzifa-támogatással együtt milyen mértéket ér el a tűzifarezsi-csökkentés? Várom az államtitkár úr megtisztelő válaszát. Köszönöm, elnök úr</desc></kinesic>
<kinesic type="applause"><desc>Taps a kormánypárti padsorokban.</desc></kinesic>
</u>
        <u xml:id="ParlaMint-HU_2014-11-03-interpellation-IC7_1791" who="#DánielZ.Kárpát" ana="#regular"><note>Z. KÁRPÁT DÁNIEL (Jobbik):</note>
<seg xml:id="IC7_1791.1">Tisztelt Elnök Úr! Tisztelt Ház! A kormányzat az utóbbi öt választást megelőző időszakban jellemzően azzal kampányolt, hogy újabb megszorításokra nem kerül sor, sőt, a korábbiakban a 2010-ig regnáló kabinetek által bevezetett vagy emelt adók kivezetését, illetve csökkentését is előrevetítette. Ezzel szemben 2010-től tucatnyi új vagy új formában kivetett adó került bevezetésre, és a 2014-es országgyűlési választásokat követően is újabb emelésekre került sor, egészen odáig juttatva el ezt a rendszert, hogy most már a családi adókedvezmények mértékénél is nagyobb terhelés érhet egyes családokat, pontosabban a családok többségét. A múlt heti, adócsomagnak nevezett megszorítósarc-gyűjtemény pedig nagyobb terhelést foganatosít egy-egy családra nézve, mint amennyi kedvezményt biztosított az úgynevezett rezsicsökkentés. Látható tehát, hogy a szektorális különadók áthárításával együtt ez egy olyan adócunamit produkált, ami Magyarország lakosságát minden korábbinál súlyosabban érinti, talán csak a Bokros-csomagnak voltak ilyen mélyreható hatásai. De már 2010-től látható volt, hogy - konkrétumokban beszélve ? az adójóváírás megszüntetése által, a béren kívüli juttatások drasztikus csökkentésével, a kafetéria már akkor, első körben történő megadóztatásával, az áfaszint 25-ről 27 százalékra történő emelésével, az ingatlanadó de facto bevezetésével ? ugye, a kommunális adót érthetjük ide ?, az üzemanyagok jövedéki adójának emelésével, az autópálya-használat minimumának négyről tíz napra történő emelésével, a táppénz csökkentésével és az elektronikus útdíj bevezetésével mind a polgárokat, mind azok kis- és mikrovállalkozásait elképesztő mértékben terhelték. Szőnyegbombázás volt ez a magyar családokkal szemben. Most pedig azt látjuk, hogy a múlt héten tárgyalt adócsomag újabb, még egyszer mondom, az úgynevezett rezsicsökkentés mértékét meghaladó módon terheli a családokat. Sőt, talán mindenki láthatja, hogy nem az elfogultság beszél belőlem, de a samponadó és egyebek tekintetében kijelenthető az is, hogy értelmetlen terhelési szinteket is hoztak be ebbe a rendszerbe. Látható, hogy 2015-től már több mint 51 százalékra emelkedne az Erzsébet-utalvány, a Széchenyi-pihenőkártya, az önkéntes nyugdíjpénztári, egészségpénztári hozzájárulás, a helyi bérlet, az iskolakezdési támogatás és a munkahelyi étkeztetés közterhe is. Még egyszer mondom, szőnyegbombázás ez a javából jellemzően a kiskeresetűekkel, jellemzően a nagyon nehéz helyzetben lévőkkel szemben.Adódik tehát a kérdés: várható-e bármelyik adótípus megszüntetése, tolerálható mértékre történő csökkentése, vagy pedig vannak újabb ötletek a kormány tarsolyában? Hiszen ? még egyszer mondom ? rekordszintű új adót, rekordszintű adónövekményt kell lenyelnie most a magyar lakosságnak. Adódik tehát a kérdés: hol a cunami vége? Várom érdemi válaszát</seg>
<kinesic type="applause"><desc>Taps a Jobbik soraiban.</desc></kinesic>
</u>
        <u xml:id="ParlaMint-HU_2014-11-03-interpellation-IC7_1792" who="#IldikóBangónéBorbély" ana="#regular"><note>BANGÓNÉ BORBÉLY ILDIKÓ (MSZP):</note>
<seg xml:id="IC7_1792.1">Tisztelt Elnök Úr! Tisztelt Ház! A családi adókedvezmény emelését többször megígérték idén. 2014 májusában az uniós választások előtt jelentették be, hogy jelentősen emelkedhet a két gyermeket nevelők családi adókedvezménye. Többször emlegették ezt a nyár folyamán is, aztán az önkormányzati választások előtt is elhúzták a mézesmadzagot. Önök valójában egy választási ígéretet szegtek meg azzal, hogy jövőre mégsem emelik a családi adókedvezményt. Átvágták a családokat, választási blöff volt az egész, pedig 350 ezer család számított arra, hogy jövőre többet kap. Keresettől függően 13-20 ezer forinttal kaptak volna többet. A kormány számításai szerint mindez összesen 55-60 milliárd forint. Mennyivel vágták át a magyar családokat? Ellenben kitalálták, hogy pénzzel növelik a házasodási kedvet, azt hiszik, hogy 5 ezer forintért majd házasodni fognak azok a fiatalok, akik, ha tehetik, inkább elhúznak ebből az országból. Ez a javaslatuk is diszkriminatív, mert csak a munkával rendelkező családok kaphatják, és csak addig, amíg nem jogosultak családi adókedvezményre. Úgy látszik, önök már nemcsak a gyermeknevelést, hanem a házasodást is munkaviszonyhoz kötik. De akármennyit is csepegtetnek néhány ezer embernek, attól még a többség jövőre rosszabbul jár. Rosszabbul jár, mert adóemelésekkel, új adóikkal jelentős terhet raknak a családok vállára. Sorolom: kafetériaadó, szappanadó, samponadó, mosószeradó, útadó, egy átlagos család akár tízezer forintot is bukhat havonta. Bár hozzáteszem, ma még a gazdasági szakemberek sem tudják megbecsülni, hogy az új adónemeknek köszönhetően mennyivel fog nőni a családok kiadása. Egy dolog biztos, hogy ők is azt mondják, hogy brutális terheket raknak a magyar családokra. Mindez azon felül jön jövőre, amiket már bevezettek: tranzakciós adó, baleseti adó, telefonadó. Önök kinyírják a béren kívüli juttatások rendszerét is, jövőre már nem 35,7 százalékkal, hanem 51,17 százalékkal adóznak ezek a lehetőségek. Számítások szerint havi szinten 4 ezer forinttal kap majd kevesebbet egy kereső. Hat év alatt nulláról 51 százalékra sikerült emelniük a kafetériát sújtó közterhek mértékét. Ezzel nemcsak a munkavállalókkal szúrnak ki, hanem azokkal a rászoruló gyerekekkel is, akik ennek köszönhetően mentek táborozni. Az Erzsébet-program ugyanis elsősorban az utalványból befolyt haszonból működik. Összességében azt lehet mondani, hogy önöknek sikerült teljesen lenullázni a rezsicsökkentés látszólagos hasznát is. Ahogyan látjuk az utcára vonuló tömegek elégedetlenségét, már magukat is lenullázták. Ezek miatt kérdezem: miért nem vonják vissza a benyújtott törvényjavaslatot? Miért akarják újabb terhekkel sújtani a magyar családokat, miért nem látják be, hogy az embereknek elegük van már az újabb adókból és önökből is? Várom megtisztelő válaszát</seg>
<kinesic type="applause"><desc>Taps az MSZP soraiból.</desc></kinesic>
<seg xml:id="IC7_1792.2">Köszönöm.</seg>
</u>
        <u xml:id="ParlaMint-HU_2014-11-03-urgent_question-AC7_1826" who="#BernadettSzél" ana="#regular"><note>DR. SZÉL BERNADETT (LMP):</note>
<seg xml:id="AC7_1826.1">Köszönöm a szót, elnök úr. Tisztelt Miniszter Úr! Két hete merült fel a gyanú, hogy az Egyesült Államok bizonyos, a kormányhoz közel álló személyek beutazását korlátozta az Egyesült Államokba, és láthatóan a kormány nem tett semmit azóta, hogy megvédje azt a több százezer kormánytisztviselőt és köztisztviselőt, aki most gyanúba keveredhetett és azt a több száz, teljesen ártatlan NAV-alkalmazottat, akinek szintén most a gyanú árnyéka lengi be az életét.</seg>
<seg xml:id="AC7_1826.2">Önök azzal, hogy ködösítenek és összevissza vádaskodnak, megkockáztatják, hogy teljesen ráég a korrupció bélyege a magyar államigazgatásra és a NAV-ra is. Összevissza beszéltek, tisztelt miniszter úr, ön sem kivétel ez alól. Emlékszünk rá, ott ültünk a bizottsági ülésen, kiderült, hogy önök még nem kérdezték meg ezt, de azt mondta, hogy majd konzultálnak róla. Aztán utána kijelentette, hogy mégsem fogják megkérdezni. Ott volt Varga Mihály, aki azt mondta, nem hajlandó megkérdezni Vida Ildikót, mert elképzelhető, hogy magánemberként lett kitiltva, ami teljes nonszensz, hiszen akár magánemberként, akár szakemberként van kitiltva, az mindenképpen nemzetbiztonsági kockázatot jelent erre az országra.</seg>
<seg xml:id="AC7_1826.3">De ott van a miniszterelnök úr, aki nyilván tudja, hogy kikről van szó. Hadd idézzek fel egy riportot; a riporter azt kérdezte: „köztisztviselőkről van szó?”. Orbán Viktor: „Ezt tudjuk?” A riporter: „Ezt mondta a Magyarországra akkreditált amerikai ügyvivő nagykövet Budapesten”. Orbán Viktor válasza: „Akkor ez nem esik egybe a valósággal, is-is a válasz, magánszemélyek és állami alkalmazásban állók.”</seg>
<seg xml:id="AC7_1826.4">Tisztelt Miniszter Úr! Teljesen nyilvánvaló, hogy a miniszterelnök úr pontosan tudja, ki az a hat ember, akiket az Egyesült Államok kitiltott az országba való beutazástól, ráadásul törvényben garantált joga van a miniszterelnök úrnak ahhoz, hogy ezt megkérdezze. A Ksztv. 18. §-a tér ki arra, hogy a miniszterelnök az Alaptörvényben meghatározott feladatkörében eljárva a kormány irányítása alatt álló, illetve a miniszter irányítása vagy felügyelete alá tartozó szervek vezetői számára feladatokat határozhat meg, továbbá tájékoztatást kérhet tőlük.</seg>
<seg xml:id="AC7_1826.5">Tisztelt Miniszter Úr! Tisztelettel kérdezem önöktől, hogy Orbán Viktor miért nem él ezzel a lehetőséggel, és miért hagyja, hogy a korrupció ráégjen úgy a NAV-ra, mint a teljes közigazgatásra. Köszönöm</seg>
<kinesic type="applause"><desc>Taps az LMP padsoraiból.</desc></kinesic>
</u>
        <u xml:id="ParlaMint-HU_2014-11-03-urgent_question-AC7_1827" who="#BernadettSzél" ana="#regular"><note>DR. SZÉL BERNADETT (LMP):</note>
<seg xml:id="AC7_1827.1">Köszönöm a szót, elnök úr. Tisztelt Államtitkár Úr! Van itt egy olyan kérdés, amire igazából én már valamennyire tudom a választ, de most van két perce, hogy meggyőzzön arról, hogy nem erről van szó.</seg>
<seg xml:id="AC7_1827.2">Úgy látom, önöknek sikerült egy olyan stratégiai megállapodást kötni, amely tulajdonképpen egy bújtatott pártépítés, ami arról szól, hogy a Fidesz új hűbéreseket toboroz éppen magának. Alig pár napja annak, hogy Fazekas miniszter úr úgymond stratégiai együttműködési megállapodást írt alá nem mással, mint a CÖF-fel, és a CÖF rögtön odafordult a CBA-hoz és a Coophoz, és velük is aláírt egy ilyen megállapodást, és azt mondták, hogy majd a vidéki gazdálkodókat segítik, és a közösségeket fogják ilyen módon szervezni. Tekintettel arra, hogy ezen ügylet tekintetében ? a napnál is világosabb ? itt arról van szó, hogy a Fidesz és a holdudvara a közérdekre hivatkozva egy szerződést kötött egymással, fontosnak tartom, hogy pár kérdést a nyilvánosság előtt, az ülésteremben tisztázzunk egymással.</seg>
<seg xml:id="AC7_1827.3">Kezdem ott, hogy ez a történet, ha jól értettem, úgy indult, hogy a CÖF megkereste a kormányt, és ennek az lett az eredménye, hogy ezentúl kereskedelmi és kormányzati támogatást fognak kapni ahhoz, hogy megszervezzék a vidéki gazdálkodókat. Na most, ez nyilván adóforintokból fog menni. A CÖF azt nyilatkozta, hogy „az átláthatóság, a hitelesség és a konszenzusra törekvés jegyében kívánnak dolgozni”. Kezdjük akkor azzal, tisztelt államtitkár úr, hogy tisztázzuk, mégis mennyi pénzről van szó, és milyen pénzek ezek, magyar adófizetők forintjai, uniós források vagy egyéb források, mégis hogyan áramlanak itt a pénzek a kormánytól, az adófizetőktől a CÖF irányába.</seg>
<seg xml:id="AC7_1827.4">Azt is szeretném tudni, hogy hogyan folytatódott ez a történet. Értem, hogy önöket megkereste a CÖF ? de mi volt az oka annak, hogy pont a CBA-t és pont a Coopot sikerült kiválasztani arra, hogy ezt a történetet betetőzzék? Tételesen szeretném tudni, hogy ezek az aktorok, ezek a szereplők mit fognak csinálni mint a kormány partnerei, mit csinál a CÖF, egész pontosan mit csinál a Coop, és mit fog csinálni a CBA.</seg>
<seg xml:id="AC7_1827.5">Nézze, nekem nincs sok kétségem afelől, hogy ezekből a megállapodásokból nem a valódi gazdálkodók jönnek ki jól, hanem majd azok fognak belőle hasznot húzni, akiktől majd lehet kérni valamit cserébe. A Lehet Más a Politika azonban nem fogadja el, hogy a kormány a közérdekre hivatkozva ismét magán- és pártérdekeket szolgáljon, mint ahogy a CÖF-től már megszoktuk. Úgyhogy elvárom, hogy a kérdéseimre pontos választ adjon.</seg>
</u>
        <u xml:id="ParlaMint-HU_2014-11-03-urgent_question-AC7_1828" who="#IstvánTiba" ana="#regular"><note>DR. TIBA ISTVÁN (Fidesz):</note>
<seg xml:id="AC7_1828.1">Köszönöm, elnök úr. Tisztelt Államtitkár Úr! Egy ország gazdasága csak akkor lehet sikeres, ha támogatja a munkát, és segíti, hogy a polgárai minél nagyobb számban dolgozhassanak. Ezért is örömteli, hogy továbbra is dinamikusan növekszik a foglalkoztatás hazánkban.</seg>
<seg xml:id="AC7_1828.2">A KSH múlt heti jelentése szerint már 4 millió 182 ezren dolgoztak a 2014. július-szeptemberi időszakban, ami 192 ezerrel több, mint egy évvel ezelőtt. A munkanélküliség újabb mélypontra, 2,4 százalékponttal, 7,4 százalékra esett egy év alatt. A foglalkoztatás növekedéséhez ráadásul egyre jelentősebb mértékben járul hozzá a versenyszféra, ami a kormányzat jól működő, aktív foglalkoztatási programjainak köszönhető.</seg>
<seg xml:id="AC7_1828.3">A korábbi szocialista kormányok foglalkoztatáspolitikájával szemben 2010 óta a kormány a munkaalapú gazdaság felépítése mellett kötelezte el magát annak érdekében, hogy minél több embernek legyen tisztességes megélhetése Magyarországon. Az elmúlt években munkahelyteremtés kapcsán meghozott intézkedéseknek köszönhetően mára jelentős eredményeket sikerült elérni. Ma több mint 430 ezerrel több ember dolgozik, mint 2010 elején. Csupán az elmúlt egy évben közel 200 ezer fővel emelkedett hazánkban a foglalkoztatottak száma, ráadásul az európai uniós tagállamok közül Magyarországon nőtt a legjobban, 3,1 százalékkal a foglalkoztatás 2014 második negyedévében.</seg>
<seg xml:id="AC7_1828.4">Tisztelt Államtitkár Úr! Véleményem szerint a foglalkoztatás növekedésében jelentős szerepe van a munkahelyvédelmi akcióprogram járulékkedvezményeinek, valamint a gyed extra bevezetésének, hiszen az idei évtől kezdődően már a gyed megtartása mellett munkát is vállalhatnak a kisgyermekes édesanyák. A munkahelyvédelmi akcióprogram következtében az elmúlt időszakban csökkentek a foglalkoztatás terhei, így új beruházások és munkahelyek jöhetnek létre hazánkban.</seg>
<seg xml:id="AC7_1828.5">Ezért kérdezem az államtitkár urat: hogyan támogatja a kormány a további munkahelyteremtést</seg>
<kinesic type="applause"><desc>Taps a kormánypártok soraiban.</desc></kinesic>
</u>
        <u xml:id="ParlaMint-HU_2014-11-03-urgent_question-AC7_1829" who="#BertalanTóth" ana="#regular"><note>DR. TÓTH BERTALAN (MSZP):</note>
<seg xml:id="AC7_1829.1">Köszönöm a szót, elnök úr. Tisztelt Képviselőtársaim! Tisztelt Miniszter Úr! Hetek óta lázban tartja a magyar közéletet az a botrány, amely az amerikai kitiltási üggyel kapcsolatos, hiszen hat magyar állampolgárnak, köztük kormánytisztviselőknek is megtiltották az Egyesült Államokba való beutazást. Ezenkívül ezt indokkal is tették, mégpedig azzal az indokkal, hogy korrupciós ügyek vannak Magyarországon, és emiatt ez a hat magyar állampolgár, köztük kormánytisztviselők nem léphetnek be az Egyesült Államok területére.</seg>
<seg xml:id="AC7_1829.2">Mérhetetlenül felháborító az, hogy ilyen körülmények között, amikor kiderül, hogy valakik lopnak a közösből, és valakik ehhez asszisztálnak, a Nemzeti Adó- és Vámhivatal elnöke, illetve elnökhelyettese szabadságra megy, és több vezető NAV-kollégát egyszerűen nem lehet elérni, nem lehet nyilatkozatra bírni, amellett, hogy az Országgyűlés itt tárgyalja az adótörvényeket is. Most zajlik a vita és majd a szavazás is, és az adóhivatal vezetői nem tartózkodnak Magyarországon.</seg>
<seg xml:id="AC7_1829.3">A Nemzeti Adó- és Vámhivatalról szóló törvény azt írja, hogy a nemzetgazdasági miniszter gyakorolja a munkáltatói jogokat. Ezért, ha ön tud erre válaszolni, önnek teszem föl ezt a kérdést, hogy engedélyezte-e a kormányzat azt, hogy a NAV elnöke szabadságra utazzon. Figyelembe vette-e azt a törvényi rendelkezést, hogy a kormány-tisztviselői hivatásetikai alapelvek, amelyek vonatkoznak rájuk, különösen a hűség, elkötelezettség, nemzeti érdekek előnyben részesítése, az igazságos és méltányos jogszolgáltatás, méltóság, tisztesség, előítéletektől való mentesség, pártatlanság, ezek az alapelvek hogyan egyeztethetők össze azzal, hogy jelen körülmények között szabadságra ment a NAV elnöke? Megkérték-e arra, hogy szakítsa meg szabadságát, és jöjjön haza Magyarországra? Várom válaszát</seg>
<kinesic type="applause"><desc>Szórványos taps az MSZP soraiban.</desc></kinesic>
</u>
        <u xml:id="ParlaMint-HU_2014-11-03-urgent_question-AC7_1830" who="#AnitaHeringes" ana="#regular"><note>HERINGES ANITA (MSZP):</note>
<seg xml:id="AC7_1830.1">Köszönöm szépen a szót. Tisztelt Miniszter Úr! Ismert tény, hogy 177 ezer olyan tisztességes és felelősségvállaló állampolgár volt, aki 1,1 milliárd forintot ajánlott fel a személyi jövedelemadója 1 százalékából azért, hogy segítsen a parlagfű-allergiával küzdő társain.</seg>
<seg xml:id="AC7_1830.2">Végül azonban a Földművelésügyi Minisztérium visszaélt az adózók bizalmával. Az Orbán-kormány a magyarok parlagfű-mentesítésre felajánlott adóforintjainak nagy részét teljesen másra használta fel, többek között végkielégítésekre, gépkocsivásárlásra, fesztiválon való részvételre és még sok más dologra. Ez felháborító és elfogadhatatlan.</seg>
<seg xml:id="AC7_1830.3">Miniszter úr, ezzel szemben a hazai civileket vegzáló koncepciós eljárásokhoz hasonló Kehi-jelentés többek között az alábbiakat tartalmazza.</seg>
<seg xml:id="AC7_1830.4">(15.30)</seg>
<seg xml:id="AC7_1830.5">„A kedvezményezettek több esetben a pályázati céllal összefüggésbe nem hozható költségeket is elszámoltak a támogatás terhére. A feltárt körülmények több esetben megalapozzák az új Btk. 396. § (7) bekezdésébe ütköző költségvetési csalás elkövetésének gyanúját.”</seg>
<seg xml:id="AC7_1830.6">Tekintettel arra, hogy az egykori Vidékfejlesztési Minisztérium cselekedete, az 1,1 milliárd forintból 642 millió forint elköltése az eredeti célokkal összefüggésbe nem hozható intézkedésekre kísértetiesen hasonlít a Kehi törvénytelenségekre vonatkozó megállapításaira, ezért kérdezem önt, a Kehi-jelentés alapján indul-e vizsgálat a Földművelésügyi Minisztériumban a parlagfűvel kapcsolatos 1 százalékok kapcsán. Ki a felelős azért, ami történt a Földművelésügyi Minisztérium jogelődjénél, vagy csak egyszerűen kettős mérce van-e, mint sok minden másban? Köszönöm</seg>
<kinesic type="applause"><desc>Taps az MSZP soraiban. ? Dr. Szél Bernadett tapsol.</desc></kinesic>
</u>
        <u xml:id="ParlaMint-HU_2014-11-03-urgent_question-AC7_1831" who="#GergelyBárándy" ana="#regular"><note>DR. BÁRÁNDY GERGELY (MSZP):</note>
<seg xml:id="AC7_1831.1">Köszönöm szépen. Elnök Úr! Tisztelt Államtitkár Úr! Tisztelt Országgyűlés! Tisztelt Képviselőtársaim! A híradásokból tudjuk, hogy a Fővárosi Önkormányzat pénteken tartja majd meg az alakuló ülését.</seg>
<seg xml:id="AC7_1831.2">(15.50)</seg>
<seg xml:id="AC7_1831.3">Persze, ilyenkor az emberben fölmerül több kérdés. Elsősorban is például az, hogy meddig tart majd a megbízatása, illetve hogy kerülünk-e még majd abba a helyzetbe, hogy új Fővárosi Közgyűlést válasszunk öt év múlva.</seg>
<seg xml:id="AC7_1831.4">A sajtóban ugyanis két hír jelent meg ezzel kapcsolatban. Az egyik, hogy a főpolgármester úrnak lesz vétójoga a Fővárosi Közgyűlésben. Kérdezném államtitkár urat arról, hogy igaz-e ez. Tehát tervezi-e a kormány, hogy ilyen tartalmú jogszabály-módosító javaslatot nyújt be? A másik pedig, ami ennél talán fajsúlyosabb kérdés, hogy létezik önöknél egy úgynevezett city-koncepció, de illették ezt már többféle más jelzővel is, amely gyakorlatilag arról szólna, hogy a belső kerületek kormány alá rendelésre kerülnének, ezzel megszűnne a fővárosi önkormányzat, és a peremkerületekből alakulnának kerületi önkormányzatok.</seg>
<seg xml:id="AC7_1831.5">Tisztelt Államtitkár Úr! Azért kérdezem ezt most meg, mert ugyan a felvetés meglehetősen abszurdnak tűnik, de talán azért nem az mégsem, mert az elmúlt négy évben tanúi lehettünk annak, hogy a kormány, ahol lehet ? legyen az az államrend, legyen az az oktatás vagy legyen az bármi más, az egészségügy s a többi ?, centralizál. Márpedig, ha ezt a törekvést vesszük alapul, akkor elképzelhető, hogy ez a terv is valósággá válik. Másrészt pedig sajnos azt tapasztaltuk, hogy amiről ennyi szó esik önöknél, az általában igaz szokott lenni.</seg>
<seg xml:id="AC7_1831.6">Ez természetesen megbontaná a főváros egységét, és egy egészen más felfogás alapján rendezné a fővárosi viszonyokat. Az Alaptörvény rögzíti azt, hogy a fővárosban egy önkormányzat kötelezőn felállításra kerül. Tehát kérdezem azt, hogy van-e ilyen terv, kívánják-</seg>
<kinesic type="signal"><desc>Az elnök a csengő megkocogtatásával jelzi az időkeret leteltét.</desc></kinesic>
<seg xml:id="AC7_1831.7">az Alaptörvényt módosítani és ilyen tartalmú törvénymódosítással élni. Köszönöm szépen, elnök úr</seg>
<kinesic type="applause"><desc>Taps az MSZP padsoraiban.</desc></kinesic>
</u>
        <u xml:id="ParlaMint-HU_2014-11-03-urgent_question-AC7_1836" who="#TamásSneider" ana="#regular"><note>SNEIDER TAMÁS (Jobbik):</note>
<seg xml:id="AC7_1836.1">Tisztelt Államtitkár Úr! A nemrég benyújtott adótörvények joggal borzolják a polgárok kedélyét. Itt nemcsak az internetadóra gondolok vagy arra, hogy az önkormányzatoknak szinte korlátlan jogai lesznek a lakosok bármilyen mértékű megadóztatására, hanem arra is, hogy a kormány az önkormányzati választások előtt határozottan megígérte, duplájára emelik a kétgyermekes családoknak járó adókedvezményt. A Jobbik már többször elmondta, elengedhetetlen a családi adókedvezmény rendszerének igazságosabbá tétele. Egyszerű nyelvezetre lefordítva: jelenleg az állam a második gyermek születését 10 ezer forinttal, míg a harmadik gyermek születését 80 ezer forinttal támogatja. Ez nyilvánvalóan túlzott különbségtétel a két- és háromgyermekes családok között.</seg>
<seg xml:id="AC7_1836.2">Tisztelt Államtitkár Úr! 50 milliárd a tét. Ezt akarják a jövő év utáni évben bevezetni úgy, hogy akkor is csak nagyon apránként, adagolva. Államtitkár Úr! Kifújt a lendület? Már nem égető kérdés, hogy eltűnik-e nemzetünk a Föld nevű bolygóról? Már nem égető kérdés, hogy mielőtt eltűnünk, összeomlik a társadalombiztosításunk, a nyugdíjrendszerünk? Mert ha ez továbbra is számít, akkor elengedhetetlen, hogy gyorsan kell cselekedni. Mindenkinek tisztában kell lenni azzal, hogy ha nem születik elegendő gyermek, akkor nem lesz, aki a nyugdíjak értékét megteremtse.</seg>
<seg xml:id="AC7_1836.3">Ha nem születik elég gyerek, akkor lehet, épp önök fogják nemsokára megemelni a nyugdíjkorhatárt, vagy az MSZP-hez hasonlóan csökkenteni a nyugdíjakat. Márpedig nem lehet tovább emelni a nyugdíjkorhatárt. A Jobbik benyújtotta az adótörvény módosítását annak érdekében, hogy választási ígéretüket megtartsák, és 2015-ben duplájára emeljék a családi adó- és járulékkedvezmény mértékét.</seg>
<seg xml:id="AC7_1836.4">(15.10)</seg>
<seg xml:id="AC7_1836.5">Nagyon határozottan követeljük, hogy vegyék komolyan ígéretüket. Ne azért, mert az önök szavahihetősége foszlik szét újból, hanem azért, mert ez a nemzetünk legfontosabb kérdéséről szól: életet adni, jövőt adni a nemzetnek, a gyermekes családoknak és a most nyugdíjba vonulóknak. Várom válaszát</seg>
<kinesic type="applause"><desc>Taps a Jobbik padsoraiból.</desc></kinesic>
</u>
        <u xml:id="ParlaMint-HU_2014-11-03-urgent_question-AC7_1837" who="#JánosVolner" ana="#regular"><note>VOLNER JÁNOS (Jobbik):</note>
<seg xml:id="AC7_1837.1">Köszönöm szépen, elnök úr. Tisztelt Államtitkár Úr! A kormány benyújtotta a jövő évi költségvetést, amit nagyjából úgy lehet jellemezni az eddig megismert számok és tendenciák alapján, hogy az új adók és a régi megszorítások költségvetése.</seg>
<seg xml:id="AC7_1837.2">Hogy miért mondjuk? Amióta a Fidesz kormányra került még 2010-ben, nem volt olyan év, amikor ne vezetett volna be különböző új adónemeket; az adók száma, és hozzáteszem, az adók mértéke folyamatosan nőtt az elmúlt években.</seg>
<seg xml:id="AC7_1837.3">És hogy miért mondjuk azt, hogy nemcsak az új adók, hanem a régi megszorítások költségvetése: amikor megkérdeztük itt az Országgyűlésben még a kormány képviselőit arról, hogy az általuk nevesített hat, szocialista kormányok alatt meghozott megszorító intézkedéscsomagból melyiket helyezték hatályon kívül, akkor egyetlenegy ilyen hatályon kívül helyezett, még a szocialista kormányok által hozott megszorító intézkedést nem tudtak említeni. Egyetlenegyet sem. Ehhez képest egymás után érkeznek az új megszorítások.</seg>
<seg xml:id="AC7_1837.4">Ajánlom egyébként államtitkár úr figyelmébe a tavalyi költségvetés zárszámadásáról szóló állami számvevőszéki jelentést, amelyből teljesen nyilvánvalóan kiderül az, hogy még több adót fizettek az emberek Magyarországon, mint korábban. Tehát önök azzal kampányolnak, hogy az adócsökkentés kormányát alakították meg, a számok pedig pont az adóemelések kormányára utalnak.</seg>
<seg xml:id="AC7_1837.5">Mi azt kérjük, államtitkár úr, nagyon hangsúlyosan, a legszegényebb emberek érdekében, hogy legalább az alapvető élelmiszerek áfakulcsát, legalább a gyermekneveléshez szükséges cikkek áfáját legyenek kedvesek lecsökkenteni 5 százalékra, mert az a gazdaságpolitika, amit önök követnek, egyre nagyobb szociális válsághelyzetet okoz Magyarországon, sok embernek már gyakorlatilag nincs mit ennie.</seg>
<seg xml:id="AC7_1837.6">Tehát kérjük a kormányt az 5 százalékos áfacsökkentésre az alapvető élelmiszereknél és a gyermekneveléshez szükséges cikkeknél. Köszönöm, elnök úr</seg>
<kinesic type="applause"><desc>Taps a Jobbik soraiban.</desc></kinesic>
</u>
        <u xml:id="ParlaMint-HU_2014-11-03-urgent_question-AC7_1838" who="#ZoltánMagyar" ana="#regular"><note>MAGYAR ZOLTÁN (Jobbik):</note>
<seg xml:id="AC7_1838.1">Köszönöm a szót, elnök úr. Tisztelt Államtitkár Úr! Az egyik elbukott szabadságharcról már beszéltünk, hiszen az önök harmatgyenge földtörvényét is, úgy néz ki, hogy át kell írni és a brüsszeli igényekhez kell szabni, hogy aztán végképp alkalmatlanná váljon arra, hogy a magyar termőföldet meg tudjuk védeni.</seg>
<seg xml:id="AC7_1838.2">A másik elbukott szabadságharc a napokban látott napvilágot, hiszen négy éve önök óriási ováció közepette itt a Házban jelentették be, hogy felszabadítják a házi pálinkafőzést, és lehetővé válik újra a magyar emberek számára, hogy ezt az értékes és ősi nedűt újra fogyaszthassuk legálisan. Ez a szabadságharc azonban eddig tartott, hiszen láthatjuk, hogy Brüsszel ezt sem nézte jó szemmel. Pedig mondjuk ki: a pálinka hungarikum, ráadásul a legismertebb és a legnépszerűbb hungarikum.</seg>
<seg xml:id="AC7_1838.3">A magánfőzésre önök egy ezerforintos, jelképes díjat vetnek ki; ez ugyan még nem lenne megterhelő, és ez ellen nem is lehetne senkinek komoly kifogása, ha nem ismernénk azt, hogy önök az ilyen kezdetleges összegekből egy-egy évenkénti emelés során milyen horror adókat fognak majd kicsikarni. Ez az ezer forint a gyanúnk szerint semmi másra nem szolgál, mint hogy megtudják azt, hogy kinél vannak ilyen főzőberendezések, meglegyen a regisztráció, meglegyenek az adatok, és aztán tudják őket vegzálni és emelni ezt az adómértéket. Ha nem erről van szó, akkor kérem, nyugtasson meg államtitkár úr.</seg>
<seg xml:id="AC7_1838.4">Ahol viszont már most látszik a nagyobb baj, az a bérfőzdék esete. Több mint 700 ilyen bérfőzdéről tudunk, több száz családról tehát, akik egyébként akár európai uniós pénzeket, támogatásokat vettek fel arra, hogy megvalósítsák az álmukat, és a család megélhetését biztosítsák; ötéves fenntartási kötelezettséget vállaltak ezek a bérfőzdék, és nem fogják tudni nyereségesen tartani a működésüket.</seg>
<seg xml:id="AC7_1838.5">Óriási katasztrófa elé néznek, a szakma becslése szerint az egyharmaduk be fog zárni ilyen feltételek mellett egy éven belül, hiszen önök a nulláról 1670 forintra emelték a literjét… ? a pálinka adóját. Ez kigazdálkodhatatlan, államtitkár úr. Mit terveznek ezért cselekedni? Köszönöm szépen</seg>
<kinesic type="applause"><desc>Taps a Jobbik padsoraiban.</desc></kinesic>
</u>
      </div>
    </body>
  </text>
</TEI>
